global_step,joint_sim_raw_dot_product,joint_sim_infonce_grad_norm,joint_sim_distill_grad_norm,joint_sim_corrected_cosine_similarity,joint_sim_norm_ratio,joint_rank_raw_dot_product,joint_rank_infonce_grad_norm,joint_rank_distill_grad_norm,joint_rank_corrected_cosine_similarity,joint_rank_norm_ratio,joint_embd_raw_dot_product,joint_embd_infonce_grad_norm,joint_embd_distill_grad_norm,joint_embd_corrected_cosine_similarity,joint_embd_norm_ratio
9,0.635252833366394,2.221811532974243,0.5542519688606262,0.5158603512018407,0.24945948863568687,-0.1645866930484771,2.222379684448242,1.9920639991760256,-0.03717690006265167,0.8963652849763168,-0.0124746598303318,3.34005355834961,0.4179728031158447,-0.00893567278741326,0.12513955115210004
19,0.2016938030719757,2.1265251636505127,0.5355344414710999,0.17710654961425085,0.2518354593800204,1.6397690773010254,2.1243929862976074,2.355055332183838,0.3277530319840564,1.108578001986454,-0.001283137826249,3.1253747940063477,0.4146558344364166,-0.0009901099436761737,0.13267395489066405
29,0.4253214597702026,2.2705228328704834,0.5549861192703247,0.33752760750936345,0.24443097917173978,0.862876296043396,2.270905017852783,2.105095863342285,0.1805002014489692,0.9269854295063049,-0.0092459889128804,3.4026196002960205,0.4069896936416626,-0.00667661843727356,0.11961069453848305
39,0.2921423316001892,2.2618606090545654,0.5467661023139954,0.23622566043984228,0.24173289022551128,1.6041207313537598,2.254605531692505,2.46950626373291,0.2881086857279416,1.09531633317651,-0.0008426036220043,3.391369342803955,0.4130509197711944,-0.0006015124741324866,0.12179473186771436
49,0.5775858163833618,1.920072555541992,0.531676709651947,0.5657847578918813,0.276904488904518,0.0715306550264358,1.9486799240112305,1.948458194732666,0.018839119411568333,0.9998862156499729,-0.0067647462710738,2.92574691772461,0.421293556690216,-0.005488200116922216,0.14399521508096172
59,0.356734037399292,1.98401141166687,0.5350098609924316,0.3360768488594267,0.2696606772755114,0.8313823938369751,1.988359451293945,2.201625347137451,0.18991641720515393,1.1072572143355273,-0.0049512255936861,2.950971841812134,0.422186940908432,-0.003974137175265251,0.14306708553653136
69,0.365966796875,1.932231068611145,0.5196065306663513,0.36450880466590624,0.2689153171726173,0.2875735759735107,1.9455424547195437,1.946364164352417,0.07594237337744518,1.0004223550253966,-0.0182261671870946,2.8596432209014893,0.3975850045681,-0.01603073744627973,0.13903307995280725
79,0.4472390115261078,2.047064781188965,0.565552830696106,0.38630907629359734,0.2762750040414572,0.5802232027053833,2.066779613494873,1.7983111143112185,0.15611193056008396,0.8701029865832279,0.0065491879358887,2.9612271785736084,0.3838878870010376,0.005761178318043899,0.1296381073963911
89,0.3090652227401733,2.0057458877563477,0.5239406228065491,0.29409805800752176,0.26121984145889765,0.759459912776947,2.0003468990325928,2.0737080574035645,0.18308464514946043,1.0366742180601027,-0.0069910124875605,2.9530820846557617,0.3983338475227356,-0.005943158979733518,0.13488749587845236
99,0.4246614575386047,1.873867869377136,0.49447762966156,0.4583077832195427,0.2638807344649769,-0.6358567476272583,1.9218815565109253,2.90408992767334,-0.1139259358296591,1.5110660268500429,-0.0187606960535049,2.7696282863616943,0.4167440235614776,-0.01625391861832834,0.15046929785257607
109,0.4911559224128723,1.922977924346924,0.5278699994087219,0.483858200876316,0.2745065311074726,-0.2033934593200683,2.022191286087036,1.6010427474975586,-0.06282200898775475,0.79173654763175,-0.0168872959911823,2.888092517852783,0.3969556391239166,-0.014730145551844058,0.13744561044015383
119,0.2691171765327453,2.1226487159729004,0.4953354299068451,0.2559551648435979,0.23335723248950863,0.9035465121269226,2.104801654815674,2.3806169033050537,0.18032246034570043,1.1310409690425363,0.0039061228744685,3.1246113777160645,0.4097734987735748,0.0030507458065475736,0.13114382854007875
129,0.3429268002510071,2.071813583374023,0.505413293838501,0.3274945598800187,0.24394728265822896,0.0967210680246353,2.0797250270843506,1.669951558113098,0.027849108172712227,0.8029674771256995,-0.0011459992965683,3.0165066719055176,0.410416305065155,-0.0009256684350111343,0.13605681992604257
139,0.4787612557411194,1.875723123550415,0.5147609114646912,0.49584359068706774,0.2744333132122075,-0.6479618549346924,2.0511715412139893,2.0604405403137207,-0.15331596166139222,1.004518880509743,0.0120306815952062,2.8027515411376953,0.3952793478965759,0.010859291930287746,0.14103260388757963
149,0.4987924993038177,1.74146831035614,0.4967783987522125,0.5765561842052472,0.2852641048923931,-0.774295449256897,1.969769835472107,1.568760633468628,-0.2505731552509117,0.7964182440090181,-0.0206953957676887,2.6579513549804688,0.4376432001590729,-0.017791252468990097,0.16465433023784168
159,0.2848541140556335,1.744630217552185,0.4917300343513489,0.3320415026132927,0.2818534434427451,-0.1119660064578056,1.8653987646102903,1.8736056089401243,-0.0320358554674293,1.0043995120429645,0.0061299614608287,2.524667978286743,0.4029224216938019,0.006026040371179235,0.1595942219567532
169,0.4414231181144714,1.913810133934021,0.5079964399337769,0.4540415060445233,0.2654372191506486,-0.2844407260417938,2.0717320442199707,1.4451088905334473,-0.09500744132788412,0.69753658276669,-0.0073495032265782,2.7663216590881348,0.4124569892883301,-0.006441346183209422,0.14909943242980958
179,0.2357277870178222,1.7084633111953735,0.4586434066295624,0.30083611232004737,0.26845376404873444,-0.1256001591682434,1.8129624128341677,2.2755684852600098,-0.030444684588010404,1.2551658374994434,0.0042881784029304,2.4620602130889893,0.3939290046691894,0.004421363447180696,0.15999974435026182
189,0.3128312826156616,1.7515751123428345,0.4469984471797943,0.39955391926156536,0.25519798952949707,-0.4540874660015106,1.898033618927002,1.946972131729126,-0.12287849359666007,1.025783796616727,-0.0171887166798114,2.51525354385376,0.3958408832550049,-0.017263984468453644,0.15737613578650006
199,0.3257848024368286,1.7046042680740356,0.4603126347064972,0.41519714054523654,0.2700407615584502,-0.8850391507148743,1.947649598121643,1.5642982721328735,-0.2904906052458121,0.8031723332787981,-0.0118177561089396,2.4945340156555176,0.4440230429172516,-0.010669402124259715,0.1779983917359293
209,0.3577020764350891,1.471957445144653,0.4455911517143249,0.5453679957978222,0.30272013174303114,-1.135311722755432,1.877228021621704,1.8534663915634155,-0.3262972235265195,0.9873421716570364,-0.0172309931367635,2.1637215614318848,0.4341813921928406,-0.0183416216143013,0.20066417044229692
219,0.3610655069351196,1.539950251579285,0.4167845845222473,0.5625584638038615,0.27064808366037596,-1.0212888717651367,1.9591537714004517,1.5790855884552002,-0.3301219526350585,0.8060039040868296,-0.0225224867463111,2.2876744270324707,0.4206230640411377,-0.02340609912419263,0.18386491498563554
229,0.1501441299915313,1.5474194288253784,0.4198617935180664,0.23109681272720373,0.2713303101259216,-0.4696021378040313,1.6861070394515991,1.5252424478530884,-0.18260221464663523,0.9045940810194165,-0.0042279777117073,2.1782567501068115,0.3984985649585724,-0.0048707614362059025,0.1829437989525486
239,0.0579718574881553,1.6010459661483765,0.3944784700870514,0.09178888831184573,0.24638797288003236,0.0494247488677501,1.6511837244033811,1.4820963144302368,0.02019633867534534,0.8975962471806459,0.0089960834011435,2.166132688522339,0.4280544519424438,0.009702181584963396,0.19761229504109826
249,0.243080124258995,1.639859914779663,0.3890183269977569,0.381041815643999,0.23722656032483522,-0.3211804628372192,1.886743426322937,1.641096115112305,-0.10372949335663571,0.8698035420272417,0.000990908476524,2.2480735778808594,0.3961053192615509,0.0011127877796033845,0.17619766681966811
259,0.3298642337322235,1.550877571105957,0.3665364682674408,0.5802839018432556,0.23634133028699192,-1.2169396877288818,2.0490267276763916,1.705181121826172,-0.3482979477897719,0.8321907658861325,-0.0355706736445426,2.195734977722168,0.410658985376358,-0.03944853142035193,0.18702575198869
269,0.0882468223571777,1.3046737909317017,0.3551801741123199,0.1904357243289683,0.27223676644770833,-0.6613157987594604,1.4914772510528564,1.72482168674469,-0.2570680246572711,1.156451890585064,0.002313544973731,1.8317421674728391,0.4003469049930572,0.0031548384683065447,0.21856072983535413
279,0.1944440007209777,1.2419278621673584,0.3500912487506866,0.44721557788380034,0.28189338480555753,-0.6728085279464722,1.6631876230239868,1.626552700996399,-0.24870361844383,0.977973067187105,-0.0177507773041725,1.7623567581176758,0.3962599635124206,-0.02541811568956423,0.2248466218245475
289,0.2043668180704116,1.5051449537277222,0.3422515094280243,0.3967223648334967,0.2273877400182527,-0.6872448921203613,1.860442280769348,1.478152632713318,-0.2499056290741512,0.7945167920512204,-0.0281067863106727,2.118516683578491,0.4074752926826477,-0.032559522189426676,0.19233990265035866
299,0.1558441668748855,1.295684576034546,0.3230017423629761,0.3723800429250473,0.2492904124486268,-0.7255347371101379,1.6762818098068235,1.5845359563827517,-0.2731549527746263,0.9452682401686118,-0.0116857476532459,1.792833685874939,0.4110897779464721,-0.01585549562908647,0.22929610325000782
309,0.0809490829706192,1.3922672271728516,0.2984292507171631,0.19482646221005337,0.2143476804543879,-0.5262578129768372,1.5671008825302124,1.5901297330856323,-0.21118790551759972,1.0146951934059523,-0.004086943808943,1.9122512340545657,0.4221331775188446,-0.005062956895850612,0.22075194409669244
319,0.0826661065220832,1.172063946723938,0.3029109537601471,0.23284193398978098,0.25844234404344596,-0.7258895635604858,1.481229305267334,1.499768614768982,-0.3267563195292588,1.0125161644019067,-0.0067125395871698,1.6044210195541382,0.3986425995826721,-0.010495057218430888,0.2484650816239326
329,0.0859412997961044,1.2119574546813965,0.2711606323719024,0.26150976194534464,0.22373774865156965,-0.9680777192115784,1.505119800567627,1.8116039037704468,-0.3550388741700214,1.203627713280521,-0.0201030559837818,1.6610705852508545,0.393099844455719,-0.030787265890662264,0.23665450941469363
339,0.0712393522262573,1.0970808267593384,0.2444721013307571,0.2656146538507178,0.22283873290621808,-0.4469435811042785,1.3995814323425293,1.3253010511398315,-0.24095724541135682,0.9469267171697383,-0.0164521839469671,1.5243475437164309,0.4308561086654663,-0.025049975563809727,0.28264952467140064
349,0.1081125438213348,1.0340092182159424,0.2692668437957763,0.3883012564544704,0.2604104867269594,-1.0733948945999146,1.5215920209884644,1.9210444688796997,-0.367217935732496,1.2625227014740397,-0.0277906097471714,1.4769392013549805,0.379025399684906,-0.04964404303644042,0.2566289792681911
359,0.0460170730948448,0.9124539494514464,0.2280752807855606,0.22112091280273485,0.24995812766515618,-0.6978407502174377,1.2917613983154297,1.3831558227539062,-0.3905736268828239,1.0707517847782593,-0.0234642680734395,1.2884142398834229,0.4121646285057068,-0.04418560208764514,0.3199007087526446
369,0.0189124587923288,1.180911421775818,0.2256463170051574,0.0709745131684156,0.19107810530432284,-0.4268766045570373,1.3129923343658447,1.2926766872406006,-0.251507098082623,0.9845272157395677,-0.0012834650697186,1.60573410987854,0.3739386200904846,-0.002137519569673572,0.23287704844158155
379,0.0697935596108436,1.1160889863967896,0.2254932522773742,0.27732113935087677,0.20203877560458905,-0.8085250854492188,1.475295901298523,1.596638798713684,-0.34324773852002133,1.0822498708959727,-0.0262234807014465,1.5947991609573364,0.3762975037097931,-0.04369713870753026,0.23595291051188338
389,0.0164765194058418,0.9899068474769592,0.1941654235124588,0.08572337305818852,0.19614514639164382,-0.4257068037986755,1.1873860359191897,1.9364866018295288,-0.18514166180911365,1.630882074784077,-0.0022401246242225,1.3346930742263794,0.3931809067726135,-0.004268726725878602,0.2945852603607093
399,0.0148279285058379,1.0449068546295166,0.2015885263681411,0.07039423522867408,0.19292487696390562,-0.4258094429969787,1.143781661987305,1.293482780456543,-0.28781372977019326,1.1308826006260098,-0.013696220703423,1.3804717063903809,0.3894318342208862,-0.02547661860611203,0.28210055477280427
409,-0.004129578359425,1.124321699142456,0.1990371644496917,-0.018453593211866192,0.177028660570637,-0.5702377557754517,1.189806342124939,1.4241595268249512,-0.3365278801869549,1.1969675033682106,-0.0059826676733791,1.5389732122421265,0.3951433598995209,-0.009838052378254523,0.2567577893859747
419,0.0352187678217887,1.0108448266983032,0.1916435658931732,0.18180064577802063,0.18958752207214008,-0.7301017045974731,1.3457194566726685,1.4589470624923706,-0.37186841860597614,1.0841390865371456,-0.0238106716424226,1.3535475730895996,0.3763808012008667,-0.04673805755860045,0.2780698725954213
429,0.0392331518232822,0.9991165399551392,0.1929881274700164,0.20347284524054193,0.19315877553051183,-0.8391636610031128,1.3814523220062256,1.612235188484192,-0.3767752550220792,1.1670581480096323,-0.0323804095387458,1.4047279357910156,0.3886087238788605,-0.059316780645381414,0.2766434082910377
439,0.0357360392808914,0.8252094388008118,0.177287757396698,0.24426626038040786,0.21483971106090505,-0.7717889547348022,1.2518973350524902,1.4017984867095947,-0.4397888933105266,1.119739173061519,-0.0404703766107559,1.1826698780059814,0.3775460124015808,-0.09063664524908628,0.3192319508789175
449,0.0278688408434391,1.091446042060852,0.1581681221723556,0.16143499198947364,0.14491611685512637,-0.7211292386054993,1.250666618347168,1.5155134201049805,-0.38046241472560377,1.2117645085209228,-0.0294488221406936,1.420293927192688,0.3852806985378265,-0.05381612783551677,0.2712682855015519
459,0.007918226532638,1.2074512243270874,0.1660338342189788,0.03949678345634495,0.1375076946164094,-0.6667708158493042,1.3309743404388428,1.795384645462036,-0.2790290324805584,1.3489250625748876,-0.0191251710057258,1.6650574207305908,0.3786962628364563,-0.030330885715939608,0.2274373592895629
469,0.0200972519814968,1.0106028318405151,0.1401825547218322,0.14186073201238328,0.1387118166555411,-0.7017562985420227,1.2283687591552734,1.4286534786224363,-0.3998808933881776,1.163049343264717,-0.0293826013803482,1.3417603969573977,0.3935931026935577,-0.05563752402402124,0.2933408256690816
479,0.0156263709068298,0.933242917060852,0.1464433521032333,0.11433883546430358,0.15691879298097527,-0.6058990359306335,1.105538010597229,1.472531795501709,-0.37218760130432865,1.3319594454343764,-0.0273375436663627,1.2378405332565308,0.3638888001441955,-0.06069125262980142,0.2939706612990536
489,0.0282912105321884,0.9044762253761292,0.1483165919780731,0.2108942005958942,0.16398064185312908,-0.8539975881576538,1.2939268350601196,1.4530280828475952,-0.45422696903993437,1.1229600032061189,-0.0336116217076778,1.2498371601104736,0.3778345286846161,-0.07117613320393924,0.3023070050591384
499,-0.0146509427577257,1.209115982055664,0.1328866183757782,-0.09118352136413141,0.10990394664195291,-0.5446460247039795,1.1485975980758667,1.6053577661514282,-0.2953755892484826,1.3976677026320856,0.0020879716612398,1.5457783937454224,0.3751151263713836,0.003600914338016187,0.24267070098093385
509,0.0057558733969926,0.9660245776176452,0.1332789808511734,0.04470554501652876,0.13796644923865026,-0.4670681357383728,1.1692980527877808,1.2018423080444336,-0.332359062443653,1.0278323009082777,-0.0247313566505908,1.268518090248108,0.3611879348754883,-0.053978155574529375,0.28473219077612366
519,0.0196763649582862,0.8982670903205872,0.1166857928037643,0.18772469145312629,0.12990099944785877,-0.5863004922866821,1.2683650255203247,1.5319671630859375,-0.30173559388378335,1.2078282925354826,-0.0367307513952255,1.2264496088027954,0.387065052986145,-0.07737419467567043,0.31559800762134893
529,0.0121942069381475,1.1042637825012207,0.1230544745922088,0.08973943314411117,0.11143576067801787,-0.6406986117362976,1.2951464653015137,1.4819501638412476,-0.3338115038063471,1.1442336473475574,-0.0290772598236799,1.4713588953018188,0.3850335776805877,-0.05132586215507678,0.2616856967460723
539,-0.0010823145275935,1.11266827583313,0.1203220933675766,-0.008084299658248017,0.10813833375224371,-0.4888535737991333,1.194263219833374,1.2758972644805908,-0.3208211792126687,1.0683551526091597,-0.0137961506843566,1.4411417245864868,0.3800176978111267,-0.025191116380002897,0.26369210697869905
549,0.0092096161097288,0.9045841097831726,0.1112366467714309,0.09152604254554077,0.12296993233508617,-0.5702089071273804,1.1955305337905884,1.3894391059875488,-0.34326838487308114,1.1621945794911215,-0.0281095467507839,1.263210415840149,0.3502952754497528,-0.06352488171372203,0.2773055629190445
559,0.0004645430890377,1.1157162189483645,0.0981063023209571,0.004243999752431709,0.08793123256147402,-0.5121150016784668,1.1942238807678225,1.4203397035598757,-0.30191835688482366,1.1893412336107974,-0.019111294299364,1.4801729917526243,0.3839409649372101,-0.03362893956872656,0.2593892518485952
569,-0.0119422730058431,1.117828607559204,0.0842194035649299,-0.12685267030712497,0.07534196476580096,-0.4064371585845947,0.9932527542114258,1.378109335899353,-0.29692718002072205,1.387470943378835,0.0129588767886161,1.4051542282104492,0.3785233199596405,0.02436411975919056,0.2693820453016843
579,-0.0007863936480134,0.9808643460273744,0.1001128479838371,-0.008008316564215225,0.10206594662076045,-0.6737234592437744,1.0842125415802002,1.5530604124069214,-0.40010952800061994,1.4324316984411494,-0.0220335088670253,1.2663365602493286,0.3540171682834625,-0.04914849178542506,0.2795600943668247
589,-0.0056941462680697,1.2126408815383911,0.0799197554588317,-0.058754653186508674,0.06590554275016954,-0.4069936871528625,1.1040502786636353,1.4268169403076172,-0.2583631460744401,1.2923477923801308,0.0090179331600666,1.571977138519287,0.3696865439414978,0.015517692554662657,0.2351729773180553
599,0.0016811084933578,1.1435924768447876,0.0926892459392547,0.015859704952267257,0.08105094062439763,-0.6426216959953308,1.2971996068954468,1.3017665147781372,-0.3805532888192805,1.0035205899372883,-0.0260834917426109,1.4469274282455444,0.3659994900226593,-0.049253659023651856,0.2529494450640471
609,0.0096251163631677,0.9940881133079528,0.0835013389587402,0.11595451622150386,0.08399792517474033,-0.5638065338134766,1.144296169281006,1.3393783569335938,-0.367864927233085,1.1704822517890305,-0.0390660464763641,1.2604048252105713,0.3773343563079834,-0.08214158065647828,0.2993755250381111
619,-0.0011577297700569,1.0655401945114136,0.0721309781074523,-0.015063141047033723,0.067694281716446,-0.5470172762870789,1.0912295579910278,1.657156467437744,-0.302497232344551,1.5186139848416471,-0.0062040467746555,1.409245252609253,0.3764565587043762,-0.011694283419870973,0.26713345885491363
629,0.0060790469869971,0.907563865184784,0.0851601734757423,0.07865417257108909,0.0938338080024851,-0.8646910786628723,1.2101353406906128,1.5893040895462036,-0.4495935096279753,1.3133275561055864,-0.0292890071868896,1.2147482633590698,0.349341481924057,-0.06901892735943516,0.28758343803517294
639,0.0026181451976299,0.989652156829834,0.0685154423117637,0.03861203461515976,0.06923184256096619,-0.6031166315078735,1.166679620742798,1.3588099479675293,-0.3804442067324426,1.1646813090832995,-0.0334829539060592,1.282081961631775,0.3641882240772247,-0.07171038864099837,0.28406001720334845
649,0.0020524458959698,0.8181654810905457,0.0699134320020675,0.03588144656382388,0.08545145648149172,-0.4244757890701294,0.9509996175765992,1.1641860008239746,-0.383398323402918,1.2241708401425346,-0.0319059006869792,1.0456116199493408,0.374071329832077,-0.08157295302681325,0.35775360821850904
659,-9.83544741757e-05,1.0741389989852903,0.0659848153591156,-0.001387680962358402,0.06143042513254769,-0.5158869028091431,1.1117918491363523,1.5616865158081057,-0.29712360521709347,1.4046572809660682,-0.0208533983677625,1.3313190937042236,0.3624370992183685,-0.04321773808786761,0.2722390904872655
669,0.0054715629667043,0.8658697009086609,0.0879617407917976,0.07183978816542612,0.10158773392750525,-0.5125958919525146,1.1095010042190552,1.4577003717422483,-0.3169415351429668,1.313834206728168,-0.0300554521381855,1.1200472116470337,0.3518576622009277,-0.0762640603336238,0.31414538471420295
679,0.0079227276146411,0.8040188550949097,0.0721967443823814,0.1364868709589385,0.08979483991561242,-0.7696789503097534,1.2275301218032837,1.5236682891845703,-0.41151628133736884,1.2412471695165,-0.055949505418539,1.0878496170043943,0.3797057271003723,-0.1354503841233977,0.34904247900179985
689,0.0121912918984889,1.1806623935699463,0.074156641960144,0.13924318353923176,0.06280935376955472,-0.6934062242507935,1.3283286094665527,1.286107063293457,-0.40588694774679385,0.968214532253392,-0.0754532292485237,1.474850058555603,0.3933949172496795,-0.1300472632579726,0.2667355335327793
699,0.0063348081894218,0.8540778756141663,0.065308853983879,0.11357008076613741,0.07646709492025595,-0.4873592853546142,1.0184098482131958,1.3626683950424194,-0.3511854151354484,1.3380353670314822,-0.0534905195236206,1.1000821590423584,0.367634505033493,-0.132262104396729,0.33418822586262603
709,0.0032672712113708,1.0207319259643557,0.0545222833752632,0.0587082928368917,0.05341488983383394,-0.5007126927375793,1.0694639682769775,1.3775770664215088,-0.33986507588308285,1.2881004945317933,-0.0520631670951843,1.3555841445922852,0.3594742715358734,-0.10684059320292684,0.26518034529239154
719,0.0002705435326788,0.9840937256813048,0.0686447545886039,0.0040049153130166625,0.06975428538687205,-0.5614566802978516,1.111125349998474,1.29499351978302,-0.39019850607112433,1.1654792321899583,-0.033259455114603,1.2238115072250366,0.3615590333938598,-0.07516598982198186,0.2954368636504214
729,-4.68625075882e-05,0.928026020526886,0.073804460465908,-0.0006841995128197592,0.07952843867891288,-0.5245577096939087,1.1774239540100098,1.251196026802063,-0.3560697263699607,1.0626554883148114,-0.0506226271390914,1.206141233444214,0.3684338331222534,-0.11391659904974749,0.305464918125854
739,0.0028236089274287,0.797617495059967,0.0556322447955608,0.06363313069944136,0.06974802476139044,-1.195005178451538,1.176983118057251,1.925877332687378,-0.5271945743320585,1.6362828855746587,-0.0581444539129734,1.0437434911727903,0.3820587992668152,-0.14580899257825436,0.36604664124661435
749,0.0022555205505341,1.1519851684570312,0.0652901381254196,0.029988332212297363,0.05667619680630889,-0.639663815498352,1.310466170310974,1.4178602695465088,-0.3442647344221594,1.0819510657112577,-0.0535872057080268,1.477453351020813,0.3564508855342865,-0.10175309691045116,0.24126033169710895
759,0.0046335719525814,0.9898707270622252,0.0699806734919548,0.06688970987859554,0.07069678047723062,-0.8053622245788574,1.1928491592407229,1.6159330606460571,-0.4178133958040927,1.3546834887947083,-0.0492150597274303,1.2483543157577517,0.3522341847419739,-0.11192539790292592,0.2821588232569754
769,0.0082457102835178,1.0128117799758911,0.0851323083043098,0.09563236994029933,0.08405540889970324,-0.7125641107559204,1.2526826858520508,1.4518197774887085,-0.39180516935397314,1.1589685032656203,-0.067952960729599,1.2957643270492554,0.3731995224952698,-0.1405210172203262,0.2880149690068474
779,0.000783915282227,1.1675182580947876,0.0502037778496742,0.013374238107419771,0.04300042205044325,-0.4327109456062317,1.2121974229812622,1.3616583347320557,-0.26215393191850805,1.1232974999923786,-0.0384012162685394,1.461073398590088,0.3471470177173614,-0.07571109152755573,0.2375972473746717
789,0.0024731087032705,0.9673153758049012,0.0653726384043693,0.039109215236457474,0.06758151481875584,-0.6297516226768494,1.148489236831665,1.4947731494903564,-0.36683188514081777,1.3015125449620966,-0.0447998493909835,1.313246250152588,0.3671571910381317,-0.09291339858666069,0.2795798510717021
799,0.0032971147447824,0.9179592728614808,0.0502984970808029,0.07140944204447326,0.05479382208756542,-0.7207112908363342,1.3367259502410889,1.401692032814026,-0.38465053589277576,1.0486008987565627,-0.0904296115040779,1.209275722503662,0.3663229048252105,-0.20413677841903785,0.30292752761692954
809,0.0010339794680476,1.1057637929916382,0.0426964983344078,0.021900664434373975,0.03861267533357431,-0.4436149299144745,1.0501190423965454,1.4236538410186768,-0.2967312020627229,1.3557070994252833,-0.0275683179497718,1.3263676166534424,0.3578461110591888,-0.058083136069610866,0.26979406505872794
819,0.0001399934117216,0.9356468915939332,0.0437389016151428,0.003420800490956126,0.04674723125583289,-0.5104985237121582,1.002863526344299,1.539303183555603,-0.33069565320440003,1.534907934249805,-0.0016057969769462,1.1758800745010376,0.3623406887054443,-0.0037688642875609523,0.30814425430178044
829,0.005258469376713,0.6800216436386108,0.0479945689439773,0.16111816909538762,0.07057800202824636,-0.8060929775238037,1.2208250761032104,1.4961210489273071,-0.44133153771320627,1.2254999329656813,-0.0740282386541366,0.8952958583831787,0.3616288602352142,-0.22864818500656392,0.40392106905116526
839,0.0050362944602966,1.0132806301116943,0.0510095283389091,0.09743838245809636,0.05034096855605174,-0.7050378322601318,1.3132165670394895,1.4855326414108276,-0.3614047613398911,1.1312167990385675,-0.0626093223690986,1.322762370109558,0.3517870008945465,-0.13454804265376405,0.2659487515247426
849,0.0008439805242232,0.828132152557373,0.0381053164601326,0.026745283486255184,0.046013569624677335,-0.5110998153686523,0.9795648455619812,1.4047670364379885,-0.3714225142114337,1.434072530065191,-0.0343351960182189,1.0274510383605957,0.3644651472568512,-0.09169008839101024,0.3547275088050843
859,0.0033822590485215,1.068163514137268,0.0426453575491905,0.0742501555611241,0.0399239975760024,-0.714785635471344,1.3148056268692017,1.4379535913467407,-0.37806754081067817,1.0936624866527058,-0.0619311593472957,1.3778636455535889,0.360117107629776,-0.12481282558938893,0.26135903127416543
869,-0.0002658025478012,0.9547685980796814,0.045106966048479,-0.006171878895798611,0.047243872640137394,-0.4672805070877075,1.0270839929580688,1.4583237171173096,-0.31197354277231526,1.4198680216184094,-0.0285164285451173,1.1814398765563965,0.3476862013339996,-0.06942182912188587,0.29429022012310807
879,-0.0028331852518022,1.409503936767578,0.0388944186270237,-0.05167986790624176,0.027594402266247268,-0.2771043479442596,1.1456037759780884,1.470881104469299,-0.1644490370960399,1.2839352796419485,0.0150487776845693,1.714201807975769,0.3475416898727417,0.025259943168377392,0.20274257573158175
889,0.0020593188237398,0.731407642364502,0.0432359986007213,0.06512063117846158,0.05911340830531593,-0.5138205289840698,0.9809001684188844,1.3700661659240725,-0.38233591996687977,1.3967437360445007,-0.0666419118642807,0.9403473734855652,0.3508082330226898,-0.20201766863999635,0.37306238408722997
899,-0.0039279796183109,1.104802489280701,0.0398885495960712,-0.08913255103233952,0.03610468837922448,-0.5669223070144653,1.1788690090179443,1.5151166915893557,-0.31740364679264965,1.2852290458051163,-0.0275783278048038,1.3518199920654297,0.3520107567310333,-0.0579552961873982,0.26039765560294775
909,0.0009467106428928,0.7320887446403503,0.0338800176978111,0.038168922582282355,0.046278566561565114,-0.5511836409568787,1.0147117376327517,1.3703691959381104,-0.3963839375615898,1.3505009798497862,-0.0665944218635559,0.9052520394325256,0.3504318296909332,-0.20992530596540404,0.387109682636681
919,0.0021923794411122,1.0607296228408811,0.0436557903885841,0.04734446003989362,0.04115637901359229,-0.3495591282844543,1.189456343650818,1.3515303134918213,-0.21744345992066275,1.136258863728909,-0.0541418045759201,1.293758511543274,0.3474969267845154,-0.12042829530577094,0.2685948913062608
929,0.0018347806762903,1.1117041110992432,0.040192674845457,0.04106275048678978,0.036154111911770155,-0.6874113082885742,1.1787731647491455,1.6397559642791748,-0.3556372248137008,1.3910699813293859,-0.0486349985003471,1.2892041206359863,0.3439424932003021,-0.1096835218284234,0.26678668466451183
939,0.0052122892811894,0.8600351810455322,0.0414224006235599,0.14631101703980762,0.048163611834115085,-0.872459352016449,1.2065184116363523,1.8159297704696655,-0.3982100348841367,1.5050990958412256,-0.1009391397237777,1.1493616104125977,0.3455037772655487,-0.2541851133898862,0.3006049394163424
949,0.0020765783265233,1.1248867511749268,0.044619508087635,0.041372783173954944,0.039665777947007215,-0.6564755439758301,1.219077229499817,1.4023674726486206,-0.3839949407350573,1.1503516255684696,-0.0627069473266601,1.304760217666626,0.355925977230072,-0.13502844506081454,0.27279033527447205
959,-0.0003660677466541,0.7791227102279663,0.0335128270089626,-0.014019887787708803,0.043013541473020285,-0.4922929406166076,1.0858889818191528,1.3836021423339844,-0.32766266245012626,1.2741653755580822,-0.061185386031866,1.0011980533599854,0.3672937154769897,-0.1663850150864394,0.36685420456458634
969,0.0019686641171574,1.0700408220291138,0.0586298927664756,0.03137994508894132,0.05479220190431239,-0.5893638134002686,1.1947046518325806,1.4812394380569458,-0.3330409567812843,1.2398373403709813,-0.047135517001152,1.2803913354873655,0.3389669358730316,-0.1086045976141076,0.2647369803888964
979,-0.003897028742358,1.0450613498687744,0.0390927046537399,-0.09538851861666225,0.037407090654198116,-0.3538422584533691,1.0273141860961914,1.4821738004684448,-0.23238456607048497,1.4427658261984355,-0.0028545472305268,1.2366328239440918,0.3750635087490082,-0.006154484059247697,0.30329415610430605
989,-0.0002194272674387,0.6332725286483765,0.0310094840824604,-0.011173916079083598,0.04896704448659001,-0.5011090636253357,1.0536487102508545,1.1835570335388184,-0.4018345060230184,1.123293771466806,-0.0616252198815345,0.7872483730316162,0.3594155013561249,-0.21779600338939453,0.4565465152656347
999,0.0004327155184,1.0224182605743408,0.0316853933036327,0.013357179760975583,0.030990637125195234,-0.5860432386398315,1.1286609172821045,1.561792254447937,-0.3324626852553804,1.3837568312446253,-0.0872717052698135,1.2360237836837769,0.3467267155647278,-0.20363823716496826,0.28051783480360115
1009,-0.0004636285593733,1.0975078344345093,0.035867441445589,-0.01177774517015677,0.032680806751661774,-0.6015457510948181,1.270906925201416,1.4983642101287842,-0.3158911991391442,1.1789724175838607,-0.0658979564905166,1.3644661903381348,0.3549511432647705,-0.1360631712753082,0.2601392000609472
1019,0.0007419530884362,0.8952230215072632,0.0324087440967559,0.025573078008409973,0.036201866259192216,-0.3888927698135376,1.0767215490341189,1.2133545875549316,-0.29767250865810835,1.1268972824435255,-0.063505083322525,1.107746124267578,0.3651841580867767,-0.15698433646061896,0.32966412618074376
1029,3.4730277548e-05,0.9828758835792542,0.0375021584331989,0.0009422221525042093,0.03815553831337334,-0.2966004908084869,1.0355321168899536,1.3931899070739746,-0.2055880999367741,1.3453855118064189,-0.026615398004651,1.198514699935913,0.3427761495113373,-0.06478567737510173,0.2860007887509984
1039,0.001799308694899,0.8884133696556091,0.0356293022632598,0.0568438226100277,0.04010441927170839,-0.5811520218849182,1.066939353942871,1.402193546295166,-0.3884561976861979,1.3142204766497403,-0.0670089796185493,1.041104793548584,0.3571167290210724,-0.1802305315643512,0.34301708265490494
1049,-2.39339860854e-05,0.9547935128211976,0.0330882184207439,-0.0007575864365336694,0.034654842095623105,-0.5390410423278809,1.1032495498657229,1.4204386472702026,-0.3439739823230337,1.287504397752154,-0.0452437698841095,1.0931705236434937,0.3389757871627807,-0.12209621307158966,0.31008500488376506
1059,0.0005199541919864,0.8730227947235107,0.033794492483139,0.017623557178311967,0.038709748115845974,-0.4318283200263977,1.040839672088623,1.3915339708328247,-0.2981490778665801,1.336934023700762,-0.0434040166437625,1.061800241470337,0.3707332611083984,-0.11026191988452069,0.34915537464469054
1069,0.0013935306342318,0.625261664390564,0.0309654250741004,0.07197433681220436,0.04952394627340871,-0.5346947908401489,1.1007241010665894,1.418723464012146,-0.34239682261209053,1.2889001545777174,-0.0937448740005493,0.8051823973655701,0.366154283285141,-0.31797219061244486,0.4547470045087177
1079,0.0001518667704658,0.9565139412879944,0.0367075316607952,0.004325300358034338,0.038376368682474876,-0.5369716882705688,1.0060219764709473,1.5131551027297974,-0.3527446807807393,1.504097463196417,-0.0402366369962692,1.102296233177185,0.3700371086597442,-0.09864568042168399,0.3356966099695124
1089,0.0022043779026716,1.0899012088775637,0.0304711572825908,0.06637583014420134,0.027957724089481068,-0.3898688554763794,1.186834454536438,1.399801254272461,-0.23467240229305297,1.179441032337745,-0.0591312758624553,1.312112808227539,0.3572590351104736,-0.12614291243873177,0.2722776828869426
1099,0.0021437290124595,0.8462711572647095,0.0356274433434009,0.07110099658048986,0.04209932364770032,-0.503812849521637,0.9698075652122498,1.4424545764923096,-0.3601484303025093,1.4873616459948087,-0.0549232698976993,1.0141292810440063,0.3300732970237732,-0.1640788758100979,0.3254745752770058
1109,0.0008147284970618,1.0243127346038818,0.0357539616525173,0.022246216783827474,0.03490531792162472,-0.5218911170959473,1.3102428913116455,1.565052509307861,-0.25450667645020025,1.1944751005221126,-0.0836499333381652,1.2880427837371826,0.3283596932888031,-0.19778141016290102,0.25492918203857035
1119,-0.0004395489231683,0.8490426540374756,0.0282672885805368,-0.018314436424279153,0.033293131323987785,-0.4366647899150848,0.9911985397338868,1.338150143623352,-0.32921732043592966,1.3500324001512487,-0.0499529354274272,1.109794855117798,0.3443321287631988,-0.1307196148133923,0.31026646697388954
1129,0.0026805410161614,0.8133330941200256,0.0370088219642639,0.08905304047582403,0.04550266333906538,-0.6056331992149353,1.224564552307129,1.3648699522018433,-0.3623570518158801,1.114575748277519,-0.1088982746005058,1.021108627319336,0.3465267419815063,-0.30776008826150714,0.3393632496194114
1139,0.0016808130312711,0.4338890016078949,0.0306950416415929,0.12620383087989237,0.07074399564829713,-0.628649890422821,1.0103225708007812,1.510096788406372,-0.41204438939052096,1.4946679724372287,-0.1002955958247184,0.680366039276123,0.3497443795204162,-0.4214911800712019,0.5140532585849339
1149,0.0034353551454842,1.3312047719955444,0.034580510109663,0.07462689626805899,0.02597685257529917,-0.4931337237358093,1.2314417362213137,1.3972018957138062,-0.28661021741308085,1.1346065791152478,-0.0014720333274453,1.480603575706482,0.3486639559268951,-0.0028514896232522007,0.23548771706871455
1159,-0.0001231707574333,0.6669696569442749,0.0291924271732568,-0.00632603120767536,0.04376874850199643,-0.6022512316703796,1.0323411226272583,1.351618409156799,-0.4316188179828032,1.3092749862729438,-0.0937121212482452,0.8287276029586792,0.3743016719818115,-0.3021079800325101,0.4516582658107436
1169,0.0002246849762741,0.8660271763801575,0.0303978975862264,0.008534910393076219,0.03510039686431586,-0.5045655965805054,1.0201815366744995,1.4909464120864868,-0.33172495324861684,1.4614520636655965,-0.0429630391299724,1.0228010416030884,0.3375008702278137,-0.1244597534708754,0.32997704978754355
1179,0.0050040613859891,1.1818256378173828,0.0272708013653755,0.15526419698151417,0.023075147883692654,-0.3617562055587768,1.1664780378341677,1.609581708908081,-0.1926754558632623,1.379864563842656,-0.067457802593708,1.3753286600112915,0.3487595915794372,-0.14063698149924816,0.25358272660192643
1189,0.000950867542997,1.0017744302749634,0.0384681671857833,0.024674512795430523,0.03840002901174539,-0.569624125957489,1.127644181251526,1.4291549921035769,-0.3534573046102475,1.2673811614204546,-0.0543407201766967,1.1295469999313354,0.342593103647232,-0.14042436444824563,0.3033013266982764
1199,-0.0024918485432863,1.0059185028076172,0.0384835265576839,-0.06437007012763618,0.038257101793308906,-0.5101445317268372,1.1549803018569946,1.4098925590515137,-0.3132799781889885,1.220707017067449,-0.0320672765374183,1.1508777141571045,0.3537343144416809,-0.07876906774596447,0.3073604693968322
1209,-0.0005718795582652,0.9989543557167052,0.0293254069983959,-0.019521576182009243,0.029356103039719195,-0.3711056113243103,1.0651695728302002,1.3804913759231567,-0.25237426735758195,1.2960296755897123,-0.0753077715635299,1.1633542776107788,0.3515457212924957,-0.18413908850264407,0.30218285870274825
1219,0.0006731149042025,0.7343628406524658,0.0289803128689527,0.03162827046869306,0.03946320710236959,-0.4967718124389648,1.0561591386795044,1.4926952123641968,-0.3151058342177433,1.413324145668507,-0.1062223985791206,0.9439117312431335,0.3430483639240265,-0.32804193712096513,0.36343267338380375
1229,-0.0002674881834536,1.0891305208206177,0.0387750603258609,-0.006333914414214237,0.03560184898376128,-0.383015513420105,1.0741169452667236,1.2951596975326538,-0.27532235454473264,1.205790210498021,-0.046959564089775,1.2291438579559326,0.3630657494068146,-0.10522914962174819,0.29538100610175383
1239,-0.0001779324520612,0.8091394901275635,0.0368698351085186,-0.0059643149817944306,0.045566723115573006,-0.4940819442272186,1.011671543121338,1.5944085121154783,-0.30630906167792765,1.5760139967920874,-0.0703267753124237,0.9679107069969176,0.3520473539829254,-0.2063879444702217,0.3637188342251147
1249,-0.0012832158245146,0.4663627743721008,0.0466342531144619,-0.059002553023697155,0.09999565933891078,-0.4923140406608581,0.9013075232505798,1.5138390064239502,-0.3608191128998273,1.6796032068658053,-0.0764987394213676,0.5955224633216858,0.370780736207962,-0.3464487258288308,0.6226141901345472
1259,-0.0012358685489743,1.212658405303955,0.0348215997219085,-0.02926746313117792,0.028715093689702667,-0.3767422437667846,1.198769211769104,1.4233856201171875,-0.22079343985232255,1.1873725202006165,-0.0542064607143402,1.4050955772399902,0.359774500131607,-0.10722962982363748,0.2560498417042256
1269,0.000297911290545,0.8648894429206848,0.0360407903790473,0.009557230497889625,0.04167097965416192,-0.5562483072280884,1.068199634552002,1.5349407196044922,-0.3392537601404022,1.4369418130799485,-0.0634673759341239,1.0081756114959717,0.3925633132457733,-0.16036317454875015,0.38937989450396643
1279,-0.0007843784987926,0.8172287344932556,0.037264410406351,-0.025756556366779614,0.04559850728873084,-0.5324273705482483,1.02446186542511,1.4902433156967163,-0.348744521415862,1.4546596276459016,-0.0626053065061569,1.023324966430664,0.35798379778862,-0.17089690798022977,0.34982416097719177
1289,-0.0005808072164654,0.9533395171165466,0.037311878055334,-0.016328161939636564,0.0391380797558742,-0.6939994096755981,1.1666713953018188,1.6851073503494265,-0.3530067243065318,1.444371874664406,-0.0984280705451965,1.1352161169052124,0.3477311730384826,-0.24934278041876276,0.3063127521360915
1299,-0.0005966313765384,0.5967789888381958,0.0349741466343402,-0.028585476640785316,0.058604855882120735,-0.4841473698616028,0.9041168093681335,1.485251545906067,-0.3605396394330296,1.6427651056992016,-0.0817431211471557,0.7776066064834595,0.3587779104709625,-0.2929986222654353,0.4613874258263444
1309,0.0014078782405704,0.7073536515235901,0.0282462164759635,0.07046414940315615,0.039932240987408676,-0.3520523905754089,0.86854088306427,1.333164095878601,-0.30404188949369026,1.5349468538258204,-0.0539788119494915,0.8865641951560974,0.3258088529109955,-0.18687459006884138,0.367496064798365
1319,-0.001995708560571,0.7787348628044128,0.0312961265444755,-0.0818873681595907,0.04018842360770978,-0.3693802654743194,1.1435174942016602,1.3700722455978394,-0.23576938321625007,1.1981209317259698,-0.1110694706439971,0.9527865648269652,0.3432761132717132,-0.33959046933461157,0.36028647542280917
1329,0.0041281133890151,1.064165711402893,0.0371390916407108,0.10445063365216038,0.03489972590053688,-0.5332322120666504,0.9726067781448364,1.8211933374404907,-0.30103918680910813,1.872486783316748,-0.0481569692492485,1.121870040893555,0.3575723469257355,-0.12004737591210136,0.31872884905718113
1339,0.0008184314938262,0.998738408088684,0.0267373938113451,0.030648661213333067,0.026771168100477145,-0.2955518662929535,1.0737124681472778,1.274528980255127,-0.21597127637146674,1.1870300644402163,-0.0884885936975479,1.104262113571167,0.3514901101589203,-0.22798276221564645,0.3183031508906944
1349,-0.0016440987819805,0.826513946056366,0.0288251247256994,-0.06900912589935575,0.03487554549228817,-0.6657616496086121,1.2057150602340698,1.391882061958313,-0.39670863262282535,1.1544038121976363,-0.1181826293468475,1.0193995237350464,0.3558916449546814,-0.32575525411907724,0.3491189044808517
1359,0.000145621903357,1.0014395713806152,0.0278322473168373,0.00522460762601095,0.02779223840582504,-0.4123627841472626,1.1248128414154053,1.4103728532791138,-0.25993529715038877,1.2538733568371916,-0.067184641957283,1.1685707569122314,0.3389448523521423,-0.16962347277541043,0.2900507738596437
1369,0.0032626539468765,1.2060800790786743,0.037266831845045,0.07258926430123885,0.03089913554787603,-0.4669522643089294,1.1746864318847656,1.669191598892212,-0.23814657667445313,1.4209678034792832,-0.0366091057658195,1.3454689979553225,0.3689175844192505,-0.07375408323510707,0.27419255663258374
1379,0.0012664464302361,0.6896591186523438,0.0380234122276306,0.048294898028756625,0.05513363225289007,-0.3568838834762573,0.866722822189331,1.3012655973434448,-0.3164322618549471,1.501363024059369,-0.0720005854964256,0.8268498182296753,0.3464831113815307,-0.25132015687534726,0.41903995591771126
1389,0.0026044636033475,0.7408568859100342,0.0298368353396654,0.11782330841091132,0.04027341299934766,-0.3877115547657013,0.9641464352607728,1.3556066751480105,-0.2966415936928068,1.4060174114333155,-0.0883874595165252,0.865095853805542,0.3445110023021698,-0.2965673419166888,0.3982344855621163
1399,0.0007034075679257,0.8129070401191711,0.0338244624435901,0.025582044410088347,0.04160926252850692,-0.4231149852275848,0.9384381771087646,1.5763869285583496,-0.2860157272595063,1.679798378850104,-0.0495646260678768,0.8486769199371338,0.3410220146179199,-0.17125648532693746,0.4018278412039075
1409,-0.0012945303460583,1.0152024030685425,0.0328901298344135,-0.03876984016336293,0.032397608334062314,-0.2318397164344787,0.8644343614578247,1.4311013221740725,-0.18740683755898005,1.655534978688946,-0.0341389775276184,1.137744665145874,0.3372081518173218,-0.08898312159027588,0.2963829777871006
1419,6.0818674683e-06,1.0453205108642578,0.043629165738821,0.0001333553892533745,0.04173759654132201,-0.4913666546344757,1.1882253885269165,1.3314275741577148,-0.31059131407959795,1.1205176955597043,-0.0848999917507171,1.236687421798706,0.3596306443214416,-0.19089344397637928,0.29080157037448884
1429,0.0005073821521364,0.7307910919189453,0.0282546561211347,0.02457264550744881,0.03866310965414522,-0.4286527037620544,0.9202974438667296,1.304458498954773,-0.35706483789256493,1.417431405083501,-0.0848363116383552,0.882013738155365,0.3322401046752929,-0.2895038703431592,0.3766835938067548
1439,5.65221707802e-05,1.165655255317688,0.0279214829206466,0.0017366417070720816,0.023953465480698127,-0.5789167881011963,1.1830939054489136,1.5153857469558716,-0.3229042258116966,1.2808668356556812,-0.063871793448925,1.3031268119812012,0.338601678609848,-0.14475491661909257,0.2598378572957585
1449,-0.0007194453501142,0.5838369727134705,0.0332524739205837,-0.03705802366871889,0.05695506703872796,-0.6333805918693542,1.0155912637710571,1.6406782865524292,-0.38012143899772544,1.615490744239293,-0.0823326855897903,0.7086526155471802,0.350509911775589,-0.33146569199233916,0.4946145743143073
1459,-0.0005235619610175,0.912527322769165,0.0341495126485824,-0.016801099297858953,0.0374230029024796,-0.3219133913516998,0.9701756834983826,1.5130072832107544,-0.21930454861655274,1.5595188675054819,-0.0513939782977104,0.9207613468170166,0.3555987775325775,-0.1569657494607292,0.38620080953859354
1469,-0.0018066997872665,0.922509789466858,0.0313168317079544,-0.06253702128966902,0.03394742480299661,-0.3930617272853851,1.0894395112991333,1.390637993812561,-0.25944394872082194,1.2764710471664966,-0.0591762512922287,1.0538173913955688,0.3605238795280456,-0.1557571717356218,0.3421122885916737
1479,0.0013339021243155,0.5600682497024536,0.0344047583639621,0.06922524460777807,0.061429581809431706,-0.3758251965045929,0.7656665444374084,1.4874985218048096,-0.3299815659959982,1.9427497944262202,-0.079186163842678,0.6884462833404541,0.3361870348453522,-0.3421356140812477,0.48832718395125563
1489,0.0016710353083908,0.9030587673187256,0.0287949237972497,0.06426191740623739,0.031885991077573825,-0.3418557345867157,1.033087134361267,1.272270441055298,-0.2600916915872404,1.2315228781180323,-0.0442560203373432,1.0383119583129885,0.3205503821372986,-0.13296832659727692,0.30872261421135627
1499,0.0035754470154643,0.851021945476532,0.0363718904554843,0.1155110981698863,0.04273907464879506,-0.3445038795471191,0.9149129986763,1.3941216468811035,-0.2700931988234815,1.5237751009091842,-0.0733738616108894,1.0274657011032104,0.3325974345207214,-0.21471142196190235,0.3237066056449426
1509,0.0010258501861244,0.7522929310798645,0.042950589209795,0.03174883798199083,0.05709290548316385,-0.3057365417480469,0.8017276525497437,1.465952754020691,-0.2601360323215037,1.8284921935254503,-0.0206196289509534,0.8665447235107422,0.3548636138439178,-0.06705457168802793,0.4095156363150121
1519,-0.0013843978522345,0.7295129299163818,0.0361605361104011,-0.0524799076911715,0.04956805373490212,-0.3242011666297912,0.9933196902275084,1.3217977285385132,-0.24692242169973233,1.3306871307824077,-0.086162693798542,0.900800883769989,0.3510204255580902,-0.2724947104356276,0.38967593380794235
1529,-0.0004149334854446,0.8356069326400757,0.0326032377779483,-0.015230554616500965,0.039017433322314984,-0.4194792509078979,0.9361992478370668,1.3605917692184448,-0.3293171562597848,1.4533143156885318,-0.0679075270891189,0.9241854548454284,0.3482852280139923,-0.21097147122842855,0.3768564265840384
1539,0.0005213611293584,1.0299478769302368,0.0307756979018449,0.016448090686568387,0.02988083046840387,-0.3489589095115661,0.9752088785171508,1.3576490879058838,-0.26356583418866253,1.3921623539464187,-0.036657553166151,1.1810884475708008,0.3334421515464782,-0.09308089530120432,0.28231768097663146
1549,-0.0008156991098076,0.9346649646759032,0.0295609328895807,-0.02952268747371002,0.03162730390758897,-0.3385341167449951,1.14793062210083,1.2222014665603638,-0.24129259869190678,1.0646997675901444,-0.0790382772684097,1.1000031232833862,0.3308306336402893,-0.21718900250927464,0.30075426754498374
1559,-0.0007162098772823,0.9894026517868042,0.0302670691162347,-0.023916458331521777,0.030591255300937505,-0.4102235436439514,0.9818501472473145,1.3900887966156006,-0.30056113987797695,1.4157850874828626,-0.0511291548609733,1.1481033563613892,0.3257342875003814,-0.1367175136861963,0.2837151252067674
1569,0.0001514306641183,0.7105815410614014,0.0357541628181934,0.005960370985695061,0.05031676275292364,-0.5007282495498657,1.1221009492874146,1.3147045373916626,-0.33942357397662415,1.1716455085672641,-0.1010004729032516,0.9303058385849,0.3439014554023742,-0.31569205114725923,0.3696649436549673
1579,-0.0018664664821699,0.6908213496208191,0.0324605852365493,-0.08323348882499064,0.046988393242864315,-0.3831796646118164,1.160506248474121,1.3379932641983032,-0.24677493302851625,1.1529393020998802,-0.0965490788221359,0.9227479100227356,0.335162341594696,-0.31218343029633167,0.36322200023887125
1589,-0.0028298052493482,0.8063043355941772,0.0474433973431587,-0.07397445466259378,0.05884055839560503,-0.5027538537979126,1.0914630889892578,1.4000962972640991,-0.3289943562566793,1.2827701746292208,-0.0968031287193298,1.0551793575286863,0.3657693564891815,-0.2508163187370396,0.3466418802447409
1599,-0.0024610552936792,0.8529864549636841,0.0366006381809711,-0.078829827918542,0.042908815219732145,-0.2801617085933685,0.9499129056930542,1.3501158952713013,-0.21845095057613304,1.4213049293042923,-0.0574319437146186,0.9654452204704284,0.342604249715805,-0.17363334508736047,0.3548665863702403
1609,-0.0026783572975546,0.8438231348991394,0.0410953536629676,-0.07723681591962994,0.048701382983389815,-0.3677810132503509,0.879440426826477,1.36065673828125,-0.3073507678801994,1.5471846605815882,-0.0707115605473518,0.933818817138672,0.3391220569610595,-0.22329127987784483,0.36315616127780376
1619,-0.000388499640394,0.9385499358177184,0.0324632152915,-0.012750925399136302,0.034588692676449005,-0.3960369825363159,1.060924053192139,1.3179816007614136,-0.2832318568743412,1.2422958993113904,-0.0640109926462173,1.106603741645813,0.3344687819480896,-0.17294453346862082,0.3022480128710264
1629,-0.0006159457261674,0.7346829771995544,0.0341335907578468,-0.024561817021248624,0.046460298955008236,-0.3024199604988098,0.9493838548660278,1.20016610622406,-0.26541609347587186,1.2641526397069616,-0.0945483073592186,0.9376606941223145,0.3409875035285949,-0.2957124325808531,0.36365767027034446
1639,0.0006415661191567,0.8721762299537659,0.0333046466112136,0.022086776922455333,0.03818568480475452,-0.4853636622428894,1.0679543018341064,1.3520560264587402,-0.33613977197762895,1.2660242335619765,-0.0653685554862022,1.1002631187438965,0.3338054716587066,-0.17798314693685632,0.3033869498777638
1649,-0.002953621558845,0.8217734694480896,0.0336991995573043,-0.1066554734176002,0.04100789428008303,-0.5506417751312256,1.1423490047454834,1.4681169986724854,-0.3283293309916741,1.285173788897889,-0.1191493049263954,1.0393564701080322,0.3444444537162781,-0.3328187561440275,0.3314016544107105
1659,0.0011460897512733,0.781573474407196,0.031838834285736,0.046056577155951926,0.040736840909147996,-0.4231364130973816,0.9382590651512146,1.465158462524414,-0.30780313105850066,1.5615713366843749,-0.0638340562582016,0.9481585025787354,0.3401748239994049,-0.19791072481842523,0.3587742166254072
1669,-0.0009093087865039,0.4523878991603851,0.0303160473704338,-0.06630218350162236,0.0670133914428287,-0.6032489538192749,0.9922181367874146,1.6548970937728882,-0.3673824642294975,1.6678762788302612,-0.0828718692064285,0.6643388271331787,0.3209536969661712,-0.3886647165552762,0.4831174753870441
1679,0.0005634347908198,0.8481716513633728,0.0312177017331123,0.021279380506789545,0.036805877304354806,-0.4799227118492126,1.0713684558868408,1.519198298454285,-0.29486144009181836,1.4179979726925471,-0.0564035773277282,0.9563817381858826,0.3408145606517792,-0.1730442742400868,0.3563582898375443
1689,0.0007604743586853,0.5469080209732056,0.0430888943374156,0.03227044336835465,0.07878636385829609,-0.3530334830284118,0.7460881471633911,1.582947015762329,-0.2989230318424822,2.121662194716073,-0.0575466975569725,0.6400240659713745,0.3410435318946838,-0.2636418096391944,0.5328604813899875
1699,-0.000665743718855,0.7761337757110596,0.0342501364648342,-0.025044259088473065,0.044129166307001304,-0.3715422749519348,0.9804312586784364,1.4871751070022583,-0.2548173408508812,1.5168581109978916,-0.0808655843138694,0.9623420238494872,0.3422640562057495,-0.24551214742551333,0.35565739386154094
1709,0.0001487726694904,0.6711074113845825,0.0328828282654285,0.006741584098081499,0.04899786190348713,-0.4943099319934845,0.9638527035713196,1.7115639448165894,-0.2996370671692969,1.7757526004490203,-0.0901833772659301,0.7830663323402405,0.3369845151901245,-0.3417574559000351,0.4303396803984998
1719,-0.0032852585427463,0.8061307668685913,0.0497760325670242,-0.08187357959035806,0.06174684630928902,-0.3725920021533966,0.956468939781189,1.385908842086792,-0.2810787356925902,1.4489846815139087,-0.0477652065455913,0.9469606876373292,0.3792131841182709,-0.13301367175139248,0.4004529322800182
1729,-0.0010371661046519,0.9542099237442015,0.0433686859905719,-0.02506271540198044,0.04544983751625486,-0.5292968153953552,1.1576929092407229,1.350695013999939,-0.33849215750533235,1.1667126948940174,-0.0777065902948379,1.1260532140731812,0.3651496171951294,-0.18898532796501752,0.3242738554728717
1739,-0.0008120469283312,0.6921314597129822,0.0471467189490795,-0.024885195877169215,0.06811815629451466,-0.4144046902656555,0.8964980840682983,1.4836392402648926,-0.3115637949677384,1.6549273965340274,-0.074906013906002,0.8381208181381226,0.3635635077953338,-0.24582710892241297,0.4337841274519188
1749,-0.0002365923864999,1.105782985687256,0.0404129736125469,-0.005294318378154993,0.036546930216537744,-0.5802274942398071,1.1351399421691897,1.6129624843597412,-0.3169017462567456,1.4209371236443844,-0.0764894932508468,1.2300307750701904,0.3355237245559692,-0.18533718910029728,0.27277669092208107
1759,0.0017370251007378,0.9755452871322632,0.0357656292617321,0.04978434396925708,0.036662192656242154,-0.2058711498975753,1.0352566242218018,1.6679635047912598,-0.11922324225563062,1.6111594611095208,-0.0547139048576355,1.1173529624938965,0.3325587511062622,-0.1472444538624546,0.29763088501953905
1769,-0.0013210149481892,0.7478379011154175,0.0421511270105838,-0.0419074339453241,0.05636398870358727,-0.3627886474132538,0.9330451488494872,1.3746893405914309,-0.2828436702152404,1.4733363570739564,-0.0659568086266517,0.9173616766929626,0.3452838063240051,-0.20822977503879161,0.3763878687070664
1779,-0.0042070336639881,0.956238329410553,0.034829281270504,-0.12631802502195433,0.03642322232782026,-0.2226235270500183,1.0198813676834106,1.393608331680298,-0.1566320627126205,1.3664416037384643,-0.049439288675785,1.0962553024291992,0.3270924687385559,-0.13787640844399768,0.29837253057180163
1789,0.0015090340748429,0.9881303906440736,0.0361021161079406,0.04230114581984785,0.03653578156260214,-0.5071207880973816,1.0322399139404297,1.5347124338150024,-0.3201133261425807,1.4867788128405683,-0.0891154408454895,1.0765087604522705,0.3396367132663727,-0.24373660748262324,0.3154983273184717
1799,-0.0001242329308297,0.7855777144432068,0.0341851115226745,-0.00462605269192185,0.043515887599871454,-0.3305377960205078,0.9154945611953736,1.2994965314865112,-0.27783709773895876,1.41944757136486,-0.064112052321434,0.9226077795028688,0.3386057615280151,-0.20522403568865308,0.3670094367841413
1809,0.0004048224363941,0.4899595379829407,0.0365189239382743,0.02262488527487514,0.07453457093337738,-0.4212678074836731,0.8248119950294495,1.4162198305130005,-0.36063895254088457,1.7170213806874075,-0.0773757100105285,0.6517015099525452,0.3452360928058624,-0.3439059796047908,0.5297457310341377
1819,-0.0019413087284192,0.7975382804870605,0.0381685830652713,-0.06377302704548665,0.04785799503186425,-0.5700277090072632,1.0563639402389526,1.5007907152175903,-0.35955246055639223,1.4207136935004683,-0.1015477776527404,0.989640474319458,0.3409419953823089,-0.3009625626003074,0.34451096557743666
1829,0.0005992725491523,1.0630927085876465,0.033204685896635,0.016976723237270883,0.03123404537384939,-0.317927598953247,1.0888932943344116,1.3568115234375,-0.2151906431039054,1.2460463577993233,-0.035806231200695,1.2293434143066406,0.3399362862110138,-0.08568165904521233,0.2765185726420803
1839,-0.0022465949878096,0.8291652798652649,0.0317287109792232,-0.0853947651782117,0.0382658460860529,-0.2223185300827026,0.9329501390457152,1.1941301822662354,-0.19955635055996082,1.2799506986382712,-0.0576031804084777,0.9626502394676208,0.3310979604721069,-0.1807263317795056,0.34394419374498425
1849,-0.0011461444664746,0.7953936457633972,0.0423335991799831,-0.0340386283681047,0.05322345659343614,-0.5358194708824158,1.0471493005752563,1.5347682237625122,-0.33340114371368873,1.4656632276976933,-0.0935833305120468,0.9733572602272034,0.357534259557724,-0.26891099616484276,0.3673206890903218
1859,0.0063153863884508,0.8586081266403198,0.0378733463585376,0.19420984983026554,0.044110165258665374,-0.4803454577922821,0.9138876795768738,1.572023630142212,-0.33435036057233614,1.7201497134418666,-0.0890726894140243,0.9451059699058532,0.3380671143531799,-0.2787796909493506,0.3577028662583271
1869,-0.0012946779606863,0.7512494325637817,0.0388546921312809,-0.044354136220669506,0.05172009514693657,-0.5137335658073425,1.0223616361618042,1.6584123373031616,-0.3029987786335707,1.6221386627233465,-0.0935213416814804,0.908226728439331,0.3546164333820343,-0.2903739099469491,0.3904492372641315
1879,0.0004750336520373,0.9424240589141846,0.0244428347796201,0.02062179379965265,0.02593613198689129,-0.3589262962341308,0.9305789470672609,1.377524971961975,-0.2799964814636941,1.4802881327836548,-0.036663107573986,0.9526011347770692,0.3145382702350616,-0.12236146962868619,0.33018884688676214
1889,0.0005225372733548,0.8038156628608704,0.0284120291471481,0.022880133744905305,0.03534644876914502,-0.3806008398532867,0.9766247868537904,1.4053422212600708,-0.2773064081525792,1.43897865401041,-0.0349928513169288,0.8990488052368164,0.3358640670776367,-0.11588641302381888,0.37357712409079674
1899,-0.0016043576179072,1.0038821697235107,0.0508624725043773,-0.031421070128958596,0.050665779349767556,-0.8419072031974792,1.2922065258026123,1.6324971914291382,-0.39909827673005804,1.2633407731903887,-0.1315773725509643,1.2591766119003296,0.3803236484527588,-0.27475223298289864,0.3020415443380737
1909,-0.0011286924127489,0.8251134157180786,0.0308911576867103,-0.044282055593316515,0.03743868066891917,-0.4547295570373535,1.0382602214813232,1.4335777759552002,-0.30551019600018253,1.3807499760607829,-0.0973423272371292,1.0486905574798584,0.3342799842357635,-0.27767961239039235,0.31875941082094067
1919,0.000638909637928,0.6301102042198181,0.040352314710617,0.025127800462477923,0.06404009082915887,-0.3453530669212341,0.7954447865486145,1.4949138164520264,-0.2904270888119756,1.8793432828171073,-0.0437137112021446,0.7587512135505676,0.3338234424591064,-0.17258436489017204,0.4399642946163913
1929,-0.0014778967015445,0.5736742615699768,0.0457947514951229,-0.056255243374512626,0.0798270979942454,-0.479665070772171,0.8914971947669983,1.4069390296936035,-0.38242197128218824,1.5781754984224277,-0.0781463533639907,0.7106221914291382,0.3628451228141784,-0.3030739863833969,0.5106020149532026
1939,0.0015649455599486,0.7445687055587769,0.0331470258533954,0.06340885171078159,0.04451842470134376,-0.3023935556411743,0.8441311120986938,1.5370131731033323,-0.23306928002948604,1.8208227976362377,-0.0499935857951641,0.8468323945999146,0.3251024484634399,-0.18159194664689354,0.38390412381075045
1949,0.0023571290075778,0.8146038055419922,0.0349600985646247,0.08276834464281961,0.04291668947134883,-0.3625756800174713,0.8773201704025269,1.529678225517273,-0.2701720830089726,1.743580367946442,-0.064236581325531,0.9460896849632264,0.3344674408435821,-0.20300010615310365,0.3535261467908114
1959,-0.0016585428966209,0.5628350377082825,0.0400911085307598,-0.07350172277500215,0.07123065524491926,-0.4246411323547363,0.8515973091125488,1.482709527015686,-0.33630374280945,1.741092311060518,-0.1011357754468917,0.7595111727714539,0.3535434603691101,-0.3766412074563983,0.46548816270737814
1969,-0.0005365526885725,1.075039625167847,0.0322787351906299,-0.015462203830779047,0.03002562364674715,-0.3110231161117553,1.0441721677780151,1.24843168258667,-0.23859194283157453,1.195618616461801,-0.0858144536614418,1.2468812465667725,0.3375138938426971,-0.20391242686696395,0.2706864785816816
1979,0.0011880157981067,0.7221115827560425,0.0326231643557548,0.05043033122481543,0.04517745613668709,-0.3293629884719848,0.9214866757392884,1.2420051097869873,-0.2877811555221935,1.347827529671608,-0.0562529787421226,0.832023561000824,0.3208554983139038,-0.21071740718540394,0.3856327072372246
1989,0.0025640451349318,0.9380369782447816,0.0402667634189128,0.06788268060337797,0.04292662693773374,-0.2731756865978241,0.9960175156593324,1.4871211051940918,-0.18442879565998652,1.493067222025372,-0.0463767386972904,1.0839864015579224,0.3473595082759857,-0.1231677986764537,0.3204463707079306
1999,-0.0025003324262797,0.7271247506141663,0.0415098927915096,-0.08283945130118753,0.05708771810675988,-0.3694214820861816,0.9772558212280272,1.287041425704956,-0.2937117727739338,1.316995404629721,-0.0888769477605819,0.8751751780509949,0.3544487059116363,-0.28651063344387695,0.4050031522843113
2009,0.0038628978654742,0.8868385553359985,0.0311153419315814,0.13998905502492526,0.03508568920956832,-0.3250930309295654,0.8918737769126892,1.6577093601226809,-0.21988513725363543,1.8586815792039637,-0.0496880374848842,0.923096001148224,0.3070510923862457,-0.17530500983746752,0.3326318086139577
2019,-0.0039096735417842,0.7997382283210754,0.0324674434959888,-0.1505721132335852,0.04059758849361132,-0.40691739320755,1.1112662553787231,1.3193386793136597,-0.2775439928636336,1.187239037384452,-0.0997223109006881,0.9695247411727904,0.3315777480602264,-0.3102044760265473,0.3420002955872294
2029,-0.0022105094976723,0.8182786703109741,0.0377074107527732,-0.07164146243786915,0.046081380489171354,-0.4840791225433349,0.9716069102287292,1.7164181470870972,-0.29027033909038535,1.7665767184416479,-0.0672848001122474,1.0230523347854614,0.322404682636261,-0.20399417892724614,0.31513997053129317
2039,0.0016453365096822,0.954575538635254,0.0412620455026626,0.041772808962077745,0.04322554248734939,-0.2800976037979126,0.9544844031333924,1.2858701944351196,-0.2282146013938839,1.3471882727615558,-0.0411789901554584,1.0518136024475098,0.3500986993312835,-0.11182693244416317,0.3328524165466428
2049,-0.0018013955559581,0.7771307826042175,0.0371153578162193,-0.062454153057638725,0.04775947452736751,-0.3144428431987762,0.8971832394599915,1.5838943719863892,-0.22127601781578987,1.7654078925278682,-0.0888656377792358,0.9561662673950196,0.3267149329185486,-0.2844667159639629,0.3416925947499184
2059,-0.0012050992809236,0.8673908114433289,0.0378395542502403,-0.03671656111942659,0.04362457354981164,-0.2947074770927429,0.965691328048706,1.3662320375442505,-0.22337180725274866,1.4147709499523875,-0.0571935139596462,1.0019162893295288,0.3482477962970733,-0.16391812056936264,0.34758172913838625
2069,0.0018076363485306,0.8079026341438293,0.0272024944424629,0.08225140236563544,0.03367051089181137,-0.2044148296117782,0.9077643156051636,1.2827329635620115,-0.17555089071078078,1.4130682838164597,-0.067478135228157,0.9011759757995604,0.3252311050891876,-0.23022972353316087,0.3608963330393148
2079,0.0004439919721335,0.5469085574150085,0.0335219725966453,0.024217584968737178,0.06129356021615136,-0.3786084055900574,0.8802406191825867,1.6140135526657104,-0.2664904615849437,1.8336049456164878,-0.0770110785961151,0.7533302903175354,0.3213643431663513,-0.31810470138749214,0.4265915592361133
2089,0.0002931626222562,0.5951417684555054,0.0309227630496025,0.0159297835195878,0.05195865033948526,-0.4553408324718475,1.0040502548217771,1.4348318576812744,-0.3160677142604834,1.4290438658729914,-0.0910376757383346,0.7432154417037964,0.3107195496559143,-0.3942192779686564,0.4180746688249644
2099,-0.0004298190760891,0.4544950425624847,0.0356746241450309,-0.026509231000118587,0.07849287847870486,-0.3409081697463989,0.8184229731559753,1.452033758163452,-0.2868685142990918,1.774184994544041,-0.0757936164736747,0.6448931694030762,0.3301708996295929,-0.3559639847708835,0.5119776659058191
2109,-0.0005063823191449,0.7126829624176025,0.0383903123438358,-0.018508043489567024,0.05386730758036654,-0.3375368416309356,0.8813948035240173,1.3161181211471558,-0.2909751011509681,1.49322201116346,-0.0569809526205062,0.8835875988006592,0.3280006051063537,-0.19660993009960973,0.371214586478541
2119,0.0016128707211464,0.910200834274292,0.0409850291907787,0.043235160959943404,0.04502855594881572,-0.3861679434776306,1.045820713043213,1.350211501121521,-0.2734747143231888,1.291054464959455,-0.0893373042345047,1.0284420251846311,0.372917115688324,-0.23293819829625953,0.3626039257014765
2129,0.0017029048176482,0.7855936884880066,0.0446901582181453,0.04850432847180033,0.056887114640849834,-0.4605211615562439,0.9618254899978638,1.6089091300964355,-0.29759237047056936,1.6727661585471278,-0.0718887001276016,0.921766459941864,0.3146340250968933,-0.24787575106887874,0.3413381141213766
2139,-0.0017073340713977,0.9268729090690612,0.0495094247162342,-0.03720578212278032,0.05341554837972426,-0.5499989986419678,0.9824348092079164,1.6531251668930054,-0.33865104449429406,1.6826817936406693,-0.0676412731409072,1.0888917446136477,0.3607911467552185,-0.1721754377902753,0.3313379392762608
2149,0.001968176336959,0.666081428527832,0.0365897938609123,0.08075635682616127,0.054932914045933964,-0.4905782043933868,1.0154246091842651,1.4432164430618286,-0.3347565601307694,1.4212935455850606,-0.0590981505811214,0.8128188848495483,0.351015567779541,-0.20713511355968606,0.4318496707227878
2159,0.0001039001872413,1.1479222774505615,0.0297401864081621,0.003043407872535941,0.025907839748708895,-0.2330399602651596,1.1800602674484253,1.4290510416030884,-0.1381905892891012,1.2109983540866445,-0.0451424047350883,1.2624106407165527,0.3302469551563263,-0.10827924566446137,0.2616002626283916
2169,0.0044597457163035,1.053934931755066,0.0403239727020263,0.104938049077243,0.0382604006063987,-0.3527380228042602,1.0935648679733276,1.3438243865966797,-0.2400298250714959,1.2288474382751073,-0.0066241873428225,1.2048569917678833,0.350779116153717,-0.01567340568343147,0.29113755288004745
2179,-0.0007726720068603,0.652640700340271,0.0330482386052608,-0.03582388704812308,0.05063772239155519,-0.2348284274339676,0.8446232676506042,1.5031013488769531,-0.1849691769387061,1.7796115812177007,-0.0745361149311065,0.8269118070602417,0.3283504247665405,-0.27451746301300095,0.39708034395331804
2189,-0.0032423941884189,0.7007179856300354,0.0422715656459331,-0.10946473096393806,0.06032607484439769,-0.426104724407196,0.9580124616622924,1.4139398336410522,-0.31456779742099905,1.4759096465067467,-0.1142329350113868,0.8954479694366455,0.3340359032154083,-0.3819071865102164,0.37303775832509933
2199,-0.0041873352602124,0.7754392623901367,0.0462680011987686,-0.11671030645295123,0.05966682813578039,-0.3153211176395416,0.9215115308761596,1.3645031452178955,-0.25077124855235505,1.4807228119224358,-0.0941637009382247,0.8603717088699341,0.3477254211902618,-0.31474653391360463,0.40415720043489817
2209,-0.0015907358611002,0.7494348883628845,0.0383941046893596,-0.055284020603588536,0.051230741036396424,-0.3744199275970459,0.9736879467964172,1.2678918838500977,-0.30328919557694334,1.3021542353704352,-0.0755291655659675,0.9707003235816956,0.3364470303058624,-0.2312665453757298,0.34660236752001716
2219,-0.0023327711969614,0.5740039348602295,0.0394390746951103,-0.10304586227180784,0.06870871835523872,-0.3741191029548645,0.8575054407119751,1.3920224905014038,-0.3134200301130132,1.6233395432985551,-0.0852931067347526,0.7427594065666199,0.3396541774272918,-0.3380872653364379,0.45728694167244777
2229,0.0018336905632168,0.5182445049285889,0.0395280085504055,0.089513061146386,0.07627289469446905,-0.4012763500213623,0.8166942596435547,1.4690223932266235,-0.3344688257134214,1.7987421558072132,-0.0695047453045845,0.6226022839546204,0.352425754070282,-0.316764211952302,0.5660527806479574
2239,-0.0019331180956214,0.7600545287132263,0.0310349576175212,-0.08195255133717452,0.04083254088369612,-0.3247556388378143,1.0228599309921265,1.2320955991744995,-0.2576891471392432,1.204559453198469,-0.0781988725066185,0.9602824449539183,0.320923388004303,-0.25374654250397916,0.3341968706089419
2249,0.0003596485184971,0.8286247253417969,0.0402119681239128,0.010793568646475012,0.04852856413055486,-0.3972401022911072,0.9732050895690918,1.4562498331069946,-0.28029336986288933,1.4963442430739666,-0.0543585047125816,1.0017685890197754,0.3612678050994873,-0.15020031073969373,0.36062999884333136
2259,-0.0003923550830222,0.8963343501091003,0.0411156490445137,-0.010646383174539356,0.04587088405069958,-0.2117149978876114,0.9360322952270508,1.3390252590179443,-0.16891647967645432,1.4305331833589574,-0.0662540420889854,0.9427067041397096,0.34123694896698,-0.2059585062722143,0.361975731654931
2269,-0.0016006941441446,1.0537809133529663,0.0401062928140163,-0.03787437786874918,0.03805942231996245,-0.2482986450195312,1.058869481086731,1.4524081945419312,-0.1614519251333875,1.3716593220264566,-0.0354462675750255,1.1543134450912476,0.3230219185352325,-0.0950637112760376,0.2798389985916675
2279,-0.0017474584747105,0.7034943103790283,0.0336342863738536,-0.07385230546587766,0.047810317550019896,-0.5685657262802124,1.0264265537261963,1.4896023273468018,-0.3718625606388637,1.4512507708799587,-0.0787563920021057,0.8605794906616211,0.3256154060363769,-0.2810540678582923,0.3783676110919642
2289,-0.004338638857007,0.7599266171455383,0.0442554242908954,-0.12900761200997643,0.058236444536090996,-0.5730299353599548,1.172128200531006,1.5075162649154663,-0.32429495233099337,1.2861359911249641,-0.1208537146449089,1.036076307296753,0.3478079438209533,-0.33537351626684725,0.33569722748358743
2299,4.8942194553e-05,0.8661502599716187,0.0434484407305717,0.0013005169109970537,0.05016270587045184,-0.2232204973697662,0.9844068884849548,1.1326055526733398,-0.200207683637151,1.1505461470474563,-0.0683699697256088,1.0077629089355469,0.3380666971206665,-0.20068024706131754,0.33546253203320475
2309,0.0007027325336821,0.6730329394340515,0.0336674749851226,0.031012958220161015,0.05002351744244989,-0.3769799470901489,0.9220570921897888,1.498410940170288,-0.2728534825515902,1.6250739274850317,-0.0867912247776985,0.837856113910675,0.3243637382984161,-0.31935526240650863,0.3871353719488367
2319,-0.000318547419738,0.8547318577766418,0.0360460765659809,-0.010339182454821889,0.0421723798382164,-0.2490043938159942,0.9438589811325072,1.3112330436706543,-0.20119631064932172,1.3892255833571094,-0.0472564585506916,0.8973128795623779,0.3220539391040802,-0.16352669338715853,0.3589093018046802
2329,0.0028597330674529,1.08098042011261,0.0352078489959239,0.07513947852489614,0.03257029298667237,-0.2637512385845184,1.0773411989212036,1.4507861137390137,-0.1687476950947329,1.3466356946079472,0.0034760884009301,1.1722639799118042,0.3231264352798462,0.009176834561044631,0.2756430640342261
2339,0.0016246663872152,0.9471964240074158,0.038325909525156,0.04475398125351422,0.04046247278152302,-0.1692349016666412,0.8861271142959595,1.2121000289916992,-0.15756343718025323,1.3678624764289375,-0.0321750454604625,1.043022871017456,0.3456542491912842,-0.08924490621753162,0.33139661535331694
2349,0.0027406720910221,0.9347939491271972,0.0307495612651109,0.09534595236845049,0.032894480429426505,-0.2023659795522689,0.8752673268318176,1.388360857963562,-0.16653074525454076,1.5862135091789336,-0.0493911877274513,1.0573581457138062,0.3283571302890777,-0.14225937721368764,0.3105448533405007
2359,0.0016438765451312,0.6482627987861633,0.0385465547442436,0.06578585626438245,0.05946130923511255,-0.5017293691635132,0.8895655274391174,1.81522274017334,-0.3107145962498321,2.0405722616061865,-0.0748053714632988,0.7827299237251282,0.337767481803894,-0.28294564294196917,0.4315249379970147
2369,-0.0014508098829537,1.043399691581726,0.0306497924029827,-0.04536618547593181,0.02937492952151405,-0.5193425416946411,1.15578293800354,1.369302749633789,-0.32815433051481696,1.1847404080900137,-0.0768480226397514,1.1593140363693235,0.3226734697818756,-0.2054321181047149,0.27833137498482013
2379,0.0011566802859306,0.729719877243042,0.0277981627732515,0.05702181853170631,0.03809429294741958,-0.2570635080337524,0.869422197341919,1.238507866859436,-0.23873216486787208,1.4245183417744811,-0.0601227656006813,0.8431284427642822,0.3063247501850128,-0.23278935724924057,0.3633191986510335
2389,0.0018545445054769,0.9065578579902648,0.0289401225745677,0.07068729570420673,0.03192308391515644,-0.2403255105018615,1.023321270942688,1.3478434085845947,-0.17424022885855286,1.3171263481535525,-0.0397887751460075,1.1289933919906616,0.3392547369003296,-0.10388270502259761,0.30049311121489336
2399,-0.0034461757168173,0.6500288248062134,0.0512994937598705,-0.10334553625612451,0.0789187983704629,-0.3710017204284668,0.9497259855270386,1.615060806274414,-0.24187374260568176,1.7005545082333997,-0.0898161083459854,0.833490252494812,0.3533926904201507,-0.30492718606454516,0.423991389656174
2409,-0.0008967712055891,0.8354768753051758,0.0546779222786426,-0.01963067431583441,0.06544516538374605,-0.3526857495307922,0.9635942578315736,1.444026231765747,-0.2534653667739255,1.4985832678323703,-0.0955725312232971,0.9433608651161194,0.377603679895401,-0.2682989756632082,0.40027490418411765
2419,0.0029437192715704,0.8801987171173096,0.0404212363064289,0.08273819978174987,0.04592285301074997,-0.3539875745773315,0.9182774424552916,1.4152652025222778,-0.27238066341699835,1.5412174328688066,-0.0674116015434265,0.9214418530464172,0.324178010225296,-0.2256748478105703,0.3518160252364461
2429,-0.0005923035787418,0.7770736217498779,0.0483517572283744,-0.015764127100956704,0.06222287808392203,-0.3536219596862793,0.9725388884544371,1.353818655014038,-0.26857881671687295,1.3920457794397634,-0.0974339842796325,0.8578504920005798,0.3581457436084747,-0.3171312674818756,0.41749203031083953
2439,-0.0051844646222889,0.7857000827789307,0.047125332057476,-0.14002084461265515,0.05997877955007862,-0.3717166483402252,1.0500099658966064,1.4459352493286133,-0.24483288285353158,1.3770681196286791,-0.101016029715538,0.9682469367980956,0.3408908247947693,-0.30604751062986274,0.3520701298803631
2449,-0.0009697693167254,0.696689784526825,0.0459277518093586,-0.030307757903790727,0.06592281504536718,-0.3094691038131714,0.9788818359375,1.278294324874878,-0.24731825100879173,1.3058719428077068,-0.0685501843690872,0.8328557014465332,0.3436337411403656,-0.23952070636083597,0.4125969727331282
2459,0.0011513025965541,0.7987929582595825,0.0329490788280963,0.043743343907827935,0.04124858448913478,-0.1833412647247314,0.9493741989135742,1.2765145301818848,-0.15128540614482727,1.3445852348238205,-0.0675385594367981,0.9491808414459229,0.3197268843650818,-0.2225479887635396,0.33684506724559443
2469,0.002546678064391,0.8387646079063416,0.0467405468225479,0.06495912430986625,0.05572546383331312,-0.29173743724823,0.8048445582389832,1.537482500076294,-0.23575991720483014,1.9102850163270508,-0.0119740385562181,0.9229865670204164,0.3529388904571533,-0.03675748221315567,0.3823878949793495
2479,-0.000538864172995,0.6063501238822937,0.031885664910078,-0.027871501234119425,0.052586226429579705,-0.4397222995758056,0.9323975443840028,1.4476099014282229,-0.3257810543243264,1.5525672607649348,-0.0819743424654007,0.8137112259864807,0.3090800940990448,-0.32593920236402185,0.37984002706161507
2489,-0.003084260970354,0.7990790009498596,0.0539075545966625,-0.07159979333479961,0.06746210891862127,-0.423875093460083,1.062678337097168,1.431576371192932,-0.27862594181496714,1.3471398834603636,-0.0930560231208801,0.9224149584770204,0.3812390565872192,-0.26461884230969956,0.4133053709543857
2499,0.0007647948223166,0.8690174221992493,0.0300086736679077,0.029327136122828144,0.03453172848015385,-0.3088718056678772,0.953989326953888,1.437559723854065,-0.22522098547005526,1.506892879445758,-0.0406997539103031,0.9471259117126464,0.3062738478183746,-0.14030532374801577,0.32337183898237243
2509,-0.0013500724453479,0.7144176959991455,0.0370645448565483,-0.050985443176651164,0.05188077655986931,-0.2948456108570099,0.9335070848464966,1.2882208824157717,-0.2451809445794788,1.379979759476173,-0.0821589231491088,0.8818011283874512,0.3341291844844818,-0.2788493762843534,0.37891671231528534
2519,-0.0011253634002059,0.7424694299697876,0.0328750684857368,-0.046104948735454496,0.04427800951626324,-0.4248163998126983,1.051717758178711,1.3890436887741089,-0.29079448217822523,1.3207380763253012,-0.0986553654074668,0.9066015481948853,0.3322407007217407,-0.3275302517839968,0.3664682697523052
2529,-0.000819984008558,0.5209340453147888,0.0374334529042243,-0.04204968556439559,0.07185833454521887,-0.3148636817932129,0.7980512380599976,1.5164570808410645,-0.2601726679663472,1.9002001482103548,-0.0549402087926864,0.6937299966812134,0.3260172605514526,-0.24291774340443928,0.46994834029249255
2539,-0.0013580120867118,0.7561925649642944,0.050273310393095,-0.03572183406646111,0.06648215378244136,-0.3306009769439697,0.8726722598075867,1.420782208442688,-0.26664009263838684,1.6280822410419609,-0.087225005030632,0.8305062651634216,0.3712626695632934,-0.2828894862817387,0.44703175055547445
2549,-0.0006436348194256,0.7311174869537354,0.0298511777073144,-0.029491094391249754,0.04082952225871649,-0.348587155342102,1.0838510990142822,1.3674107789993286,-0.23520294698406277,1.26162235776015,-0.1078326255083084,0.99414724111557,0.3141779899597168,-0.345242069340571,0.3160276234405337
2559,-0.0002731672429945,0.8359151482582092,0.0366814136505126,-0.008908823596325496,0.0438817429340112,-0.1071743816137313,0.837489664554596,1.3429509401321411,-0.0952908898799776,1.6035432996613346,-0.0300817508250474,1.0494894981384275,0.3398654758930206,-0.08433696379800051,0.3238388535529608
2569,-0.0016157435020431,0.565682053565979,0.0383458957076072,-0.07448711100781148,0.06778701121218207,-0.274136334657669,0.8565202951431274,1.2424193620681765,-0.2576088227127797,1.4505428173894748,-0.089261382818222,0.7470325231552124,0.3470717370510101,-0.3442744960902553,0.4646005713179616
2579,0.0012021161383017,0.6262543201446533,0.0305390655994415,0.06285501695526663,0.048764638609419146,-0.194652646780014,0.7458685040473938,1.4210562705993652,-0.18364823954997603,1.905236999401531,-0.0604276806116104,0.778579831123352,0.3136720061302185,-0.24743265448182908,0.40287712780543733
2589,-0.0032683762256056,0.6639072299003601,0.0412055142223835,-0.11947287271005703,0.06206516869618616,-0.2738194465637207,0.9639943838119508,1.3021724224090576,-0.21813295919586598,1.3508091377667986,-0.0880151391029357,0.794219434261322,0.3427639305591583,-0.3233119488801236,0.4315733357468796
2599,0.0081154275685548,0.9572646021842957,0.0420908294618129,0.2014150515733261,0.04396990065836513,-0.2660745680332184,0.8918725252151489,1.2977182865142822,-0.229890040051845,1.4550490679161014,-0.0851686522364616,1.031847596168518,0.3488304316997528,-0.23661912964090542,0.33806390885149956
2609,0.0019322766456753,0.7467777132987976,0.0400299988687038,0.06463866504265518,0.05360363352553233,-0.2530889809131622,0.8012990355491638,1.1791046857833862,-0.26787134098503307,1.471491457587112,-0.0495845973491668,0.8339929580688477,0.3333534598350525,-0.17835259814884888,0.39970776324892365
2619,0.0008873604238033,0.6446933746337891,0.0344551838934421,0.03994774565306043,0.05344429654332028,-0.440291166305542,0.933440923690796,1.3620094060897827,-0.3463163759482507,1.45912759074719,-0.0954266190528869,0.8098185658454895,0.3286435008049011,-0.358555806407196,0.4058236186049668
2629,-0.000439899333287,0.7089967131614685,0.0395222157239913,-0.015698848471405163,0.05574386311011067,-0.4682837724685669,1.0617563724517822,1.7881160974502563,-0.24665420240299551,1.6841114815456033,-0.0997432023286819,0.9837453961372375,0.3406482636928558,-0.29764213760682257,0.34627685682742815
2639,0.0001915728644235,0.6355627179145813,0.033788189291954,0.008920940869691892,0.05316263578647337,-0.2450796961784362,0.9090427756309508,1.249889612197876,-0.21570060085851714,1.3749513727011904,-0.0940112099051475,0.8050452470779419,0.3362245559692383,-0.3473201044667502,0.4176467809599851
2649,0.0008390229195356,0.734693706035614,0.0279265940189361,0.04089305284006121,0.03801120628843711,-0.3392943143844604,0.9256959557533264,1.4625941514968872,-0.25060191381869584,1.5799941032546003,-0.0742644593119621,0.891292154788971,0.2964226603507995,-0.28109268178255437,0.33257631491324274
2659,-0.0018673199228942,0.4923842251300812,0.0399039909243583,-0.09503821418997473,0.0810423829354326,-0.2099927514791488,0.7432276606559753,1.3001049757003784,-0.21732216316639355,1.7492688237045715,-0.0681113600730896,0.6909288167953491,0.3283759355545044,-0.3002029275205977,0.47526739017424463
2669,-0.0012970031239092,0.8113150596618652,0.034640584141016,-0.046149423246487985,0.042696833651101315,-0.2990607023239136,0.9393072128295898,1.5279788970947266,-0.20836958914304984,1.6267083614654774,-0.0887580066919326,0.917245388031006,0.3335456550121307,-0.2901126833368467,0.3636384105764026
2679,-0.00025089510018,0.8437469601631165,0.0461080931127071,-0.006449154736354331,0.05464682575424427,-0.2950085699558258,0.9856717586517334,1.304745078086853,-0.2293911463561013,1.3237115364566894,-0.0722459107637405,0.9631561040878296,0.3700507581233978,-0.2027007197093433,0.38420641945041667
2689,-0.0036233654245734,0.448429137468338,0.0487866662442684,-0.16562167388470553,0.10879459465925773,-0.2971222400665283,0.8423671722412109,1.251387596130371,-0.2818654734319533,1.4855607357073473,-0.0867472812533378,0.6011856198310852,0.3573541343212127,-0.40378341584300226,0.5944156389196706
2699,-0.001524425111711,0.7764806747436523,0.0432885065674781,-0.04535266789629625,0.05574962516841695,-0.2764741778373718,0.9458900094032288,1.3229403495788574,-0.2209396563780404,1.398619645442194,-0.0837155282497406,0.9923763275146484,0.3528006970882416,-0.2391113500407535,0.35551099649042556
2709,-0.000433545501437,0.6111743450164795,0.039476279169321,-0.017969390925992795,0.06459086427827165,-0.2129685580730438,0.8900734782218933,1.131859302520752,-0.21139620446625149,1.271647038379209,-0.0699857026338577,0.8495075106620789,0.3436430990695953,-0.23973667479294297,0.40452037769715643
2719,0.0048426147550344,0.927273154258728,0.0520499683916568,0.10033484041535369,0.05613229300622436,-0.2469198405742645,0.8994535207748413,1.3045427799224854,-0.21043546612974443,1.4503726427116286,0.0223636664450168,0.9999113082885742,0.3645173907279968,0.06135688080103137,0.36454972326685314
2729,0.0005743098445236,0.615565299987793,0.0490210875868797,0.01903220856236472,0.0796358852389045,-0.2782890796661377,0.7634206414222717,1.4100686311721802,-0.25851873076640935,1.8470402222098516,-0.0614712685346603,0.6842840909957886,0.3337708711624145,-0.2691456096948204,0.48776652205475385
2739,-2.2852946131e-06,0.7940436005592346,0.0421185456216335,-6.833205465783704e-05,0.05304311449896448,-0.4181862771511078,0.9526047110557556,1.4165425300598145,-0.3099041800054785,1.4870202861897297,-0.0719999819993972,0.8936862945556641,0.3506713509559631,-0.22974549471730848,0.3923875224362873
2749,-0.0029031937010586,0.4624112546443939,0.0462097413837909,-0.1358670290953203,0.09993212950521149,-0.3516311049461365,0.7769640684127808,1.4601305723190308,-0.30995215213633937,1.8792768310404047,-0.0660428032279014,0.5342000722885132,0.357848197221756,-0.3454798503252988,0.6698767293099274
2759,0.0011578508419916,0.9548508524894714,0.0410914681851863,0.029509742296059016,0.04303443629761999,-0.2514213919639587,0.9735144972801208,1.333942174911499,-0.19360777745380514,1.3702334979482778,0.0110124722123146,1.2241584062576294,0.3282178938388824,0.027408480040742592,0.268117175163855
2769,-0.0012868545018136,0.7512173056602478,0.0343137830495834,-0.049922377611579964,0.045677572642479104,-0.5287702083587646,0.985183596611023,1.7171711921691897,-0.3125620252400764,1.7429961258755866,-0.0758465752005577,0.8968842625617981,0.32851043343544,-0.25742481212648005,0.36627962731457187
2779,-0.0016353572718799,0.8094714879989624,0.0349301546812057,-0.057837642352018395,0.043151803613928494,-0.2454043924808502,0.950771987438202,1.4510235786437988,-0.17788178736044444,1.5261530606865004,-0.0575762875378131,0.9806445240974426,0.3180493116378784,-0.18460250544575355,0.3243268114208887
2789,0.0044478527270257,0.8440955281257629,0.0412038601934909,0.12788537888455537,0.04881421452969939,-0.2164463698863983,0.955309271812439,1.2143523693084717,-0.1865784965192039,1.271161502499153,-0.0739234015345573,1.061995267868042,0.3482988476753235,-0.1998514590397799,0.3279664780188091
2799,0.0005497910897247,0.6019054055213928,0.0339733064174652,0.02688633696404349,0.05644293290244879,-0.2887011170387268,0.8097431659698486,1.2909055948257446,-0.276189198571229,1.5942161034228628,-0.0575974360108375,0.7032088041305542,0.3308132290840149,-0.24759164370092634,0.470433855692452
2809,0.0009363204007968,0.5139707326889038,0.0393275059759616,0.04632225477148189,0.07651701444207672,-0.2151891142129898,0.7298117280006409,1.3094617128372192,-0.22517317681972968,1.7942459165798297,-0.0525484681129455,0.585695207118988,0.3430118560791015,-0.2615647758255793,0.5856490746549959
2819,-0.0025446503423154,0.6423957943916321,0.049156118184328,-0.08058381910896961,0.07651998754269602,-0.2191315740346908,0.8849925994873047,1.275534987449646,-0.19412118940027318,1.441294524031716,-0.0742927193641662,0.7472670078277588,0.3610845506191253,-0.2753350750159486,0.4832068682769325
2829,0.0001236087991856,0.7120096683502197,0.0481883510947227,0.0036026446779506647,0.06767934936386293,-0.3155774176120758,0.9800935387611388,1.5029020309448242,-0.2142435325233665,1.5334271388468979,-0.0913421064615249,0.8473113179206848,0.3587612509727478,-0.3004847843631648,0.4234113759428512
2839,-0.000960043107625,0.4583287835121155,0.0483268909156322,-0.043343576656923184,0.10544153597622508,-0.4424437284469604,0.9793473482131958,1.5471241474151611,-0.2920089260878002,1.5797501777462974,-0.0988366603851318,0.7230015397071838,0.3368507921695709,-0.4058273080789834,0.46590605091379994
2849,0.0003545365179888,0.6797980070114136,0.0353472605347633,0.014754528209443481,0.051996711037974305,-0.3199641108512878,0.89945387840271,1.3436458110809326,-0.26475097404249714,1.4938462586509031,-0.0757445320487022,0.8666666150093079,0.3383300304412842,-0.2583203804716316,0.39038082762383847
2859,-0.0019351067021489,0.90619558095932,0.0446959435939788,-0.047776558928271255,0.04932262365113569,-0.2166496366262436,0.9687919020652772,1.2896287441253662,-0.1734054570538647,1.3311720931772106,-0.0780211240053176,1.1080294847488403,0.3536163866519928,-0.1991262446487865,0.3191398708421084
2869,-0.0001494305615779,0.344565600156784,0.0488011203706264,-0.00888664269125999,0.14163085446841167,-0.332217812538147,0.6999954581260681,1.4948712587356567,-0.3174855036320228,2.1355442258690096,-0.0600469969213008,0.4503913521766662,0.3245437741279602,-0.41079766543867324,0.7205817175651671
2879,0.0003291573084425,0.6433721780776978,0.0368627160787582,0.013878863189119161,0.05729609910844858,-0.2545932531356811,0.8404324054718018,1.270912528038025,-0.23835729051503451,1.512212665484454,-0.0410618409514427,0.727138876914978,0.3464796841144562,-0.16298336368264962,0.4764972622347752
2889,-0.0004334780969657,0.6207810640335083,0.046031929552555,-0.015169438906182404,0.07415163286950761,-0.4115585088729858,0.8917213082313538,1.5260553359985352,-0.30243507610895426,1.7113590556956904,-0.1086609214544296,0.7880533933639526,0.3815943300724029,-0.3613398226062259,0.484223953967759
2899,-0.0015467968769371,0.777617335319519,0.0502188503742218,-0.03960961182765375,0.0645804151904447,-0.3464301824569702,1.0159205198287964,1.3314146995544434,-0.256119498432106,1.3105500613166217,-0.1126844882965087,1.082592248916626,0.3706390261650085,-0.28083295997982083,0.3423625344961736
2909,-0.0015976844588294,0.5915746688842773,0.0437312237918376,-0.0617575146969211,0.07392342182993676,-0.249059647321701,0.7472304105758667,1.3067142963409424,-0.25507517178254485,1.748743463657882,-0.0659089535474777,0.6810044050216675,0.3467411696910858,-0.27911879741298556,0.5091614197121875
2919,0.0021736286580562,0.6061058044433594,0.0363182500004768,0.09874429068140732,0.059920643779069346,-0.2493582069873809,0.8407052755355835,1.3176944255828855,-0.22509465632610823,1.5673678564029816,-0.0574771016836166,0.6913434267044067,0.3185402452945709,-0.26099771933495497,0.4607554407699129
2929,-0.0022542171645909,0.5579917430877686,0.0413950569927692,-0.09759318575750972,0.0741857877030593,-0.1697810590267181,0.6717739701271057,1.3573299646377563,-0.18620040859328693,2.0205158654494118,-0.0530267506837844,0.6958346962928772,0.3414372205734253,-0.22319171697551365,0.49068726005251423
2939,-0.0031107179820537,0.8243704438209534,0.0464594103395938,-0.08122028959417697,0.05635744304981949,-0.5017290115356445,1.123355507850647,1.4626455307006836,-0.3053605340965656,1.3020326339069734,-0.1159852370619773,0.9821234941482544,0.3297966122627258,-0.3580885413583717,0.33579953460816203
2949,0.0030708273407071,0.793219268321991,0.035030610859394,0.11051327084306968,0.044162581846378,-0.0533330664038658,0.8609041571617126,1.529383420944214,-0.04050656082882546,1.776485115354059,-0.050094086676836,0.9482238292694092,0.330913633108139,-0.15964706472624265,0.34898261664980773
2959,-0.0056126662530004,0.6810966730117798,0.0543588623404502,-0.15159682325188356,0.07981078823961608,-0.285291314125061,0.9557930827140808,1.3103537559509275,-0.22779076257840747,1.3709596560691066,-0.0953936874866485,0.88302081823349,0.3464629054069519,-0.3118113727605562,0.3923609707187442
2969,-0.0015484881587326,0.8191360235214233,0.0379648767411708,-0.049793180677828106,0.04634746324299322,-0.1132637932896614,0.9052391052246094,1.5504741668701172,-0.08069809098130894,1.7127785995120164,-0.0280862338840961,1.010169267654419,0.3300408124923706,-0.0842425896206159,0.32671832638377024
2979,0.0001643954601604,0.7653083801269531,0.0357270911335945,0.006012508363607356,0.046683261364089484,-0.3049637675285339,0.9008947610855104,1.5081639289855957,-0.2244531131375641,1.6740733703106139,-0.0318931117653846,0.919395625591278,0.3270868360996246,-0.10605506044248902,0.3557628805219405
2989,0.0002363718231208,0.8084284067153931,0.0360290855169296,0.008115231258751594,0.04456682276086029,-0.3106988370418548,1.0645673274993896,1.3169387578964231,-0.22161589963379713,1.2370647904344765,-0.0963947623968124,1.011396408081055,0.3380065560340881,-0.2819725983003065,0.33419790038150865
2999,-0.0025129322893917,0.671064019203186,0.0425482429563999,-0.08801064476616541,0.06340414884249226,-0.2553121149539947,0.9814909100532532,1.2428086996078491,-0.2093056041946019,1.2662457562041176,-0.0952902659773826,0.8852935433387756,0.3412604928016662,-0.3154098332117136,0.3854772186800824
3009,0.0009496560087427,0.5175489783287048,0.0385762266814708,0.04756583443339601,0.07453637877142197,-0.3234419226646423,0.792244017124176,1.5498985052108765,-0.2634111063223567,1.9563398040378586,-0.0755128338932991,0.6162447929382324,0.310618907213211,-0.39449328844749854,0.5040511672840131
3019,-0.0026420245412737,0.8135607242584229,0.0403711833059787,-0.080440617179322,0.049622827285299265,-0.3067785203456878,1.0783870220184326,1.304308533668518,-0.21810717870661803,1.2094994719309815,-0.0574110597372055,1.0622599124908447,0.3357645571231842,-0.16096443163138288,0.3160851249068274
3029,-0.0012711762683466,0.6456125378608704,0.0348751507699489,-0.05645699087359031,0.05401870119422077,-0.1658553481101989,0.8564203977584839,1.2866404056549072,-0.15051690923196892,1.502346755194577,-0.0599376074969768,0.7255741357803345,0.3091586828231811,-0.26719982039393236,0.4260883451843135
3039,-0.0025519793853163,0.5858888626098633,0.0447465553879737,-0.09734245851102424,0.0763737941503932,-0.3330922424793243,0.8100233674049377,1.3146761655807495,-0.3127866303035616,1.6230101728948412,-0.0775505006313324,0.6298728585243225,0.3539000749588012,-0.34789729845927714,0.5618595406506715
3049,0.0002103417209582,0.5990731120109558,0.0369776673614978,0.009495243004208098,0.061724798893697565,-0.3594799339771271,0.882760763168335,1.5613667964935305,-0.2608114731807062,1.7687315313943004,-0.0874286368489265,0.7803167700767517,0.3462139666080475,-0.3236221082193706,0.4436838728635731
3059,-0.0029886320699006,0.7614195942878723,0.0435281917452812,-0.09017326141938241,0.05716715470921327,-0.2059342861175537,0.9965049624443054,1.245097041130066,-0.16597626668782,1.2494639646108678,-0.0710269063711166,0.9577847719192504,0.3413254022598266,-0.21726329440959571,0.3563696273598755
3069,-0.0009791487827897,0.8577253818511963,0.0491356663405895,-0.023232908201761205,0.05728601179382362,-0.2606417238712311,1.1343483924865725,1.4270312786102295,-0.16101412899964848,1.2580185135909394,-0.0537280812859535,1.147110939025879,0.3491791486740112,-0.1341366971295515,0.30439876109152303
3079,-0.0021434030495584,0.5414698123931885,0.0395895279943943,-0.0999883199390302,0.07311493104189223,-0.1827680468559265,0.9425521492958068,1.1844161748886108,-0.16371578432103784,1.2566054576115537,-0.1307556629180908,0.84194415807724,0.333360493183136,-0.46586822398833394,0.39594133409564375
3089,-0.0023320848122239,0.7440606951713562,0.0402466654777526,-0.07787643691332165,0.05409056779767657,-0.1881514489650726,0.8766083121299744,1.2890955209732056,-0.1665010142523307,1.4705490503974048,-0.0508257746696472,0.7953600883483887,0.3276951611042022,-0.19500699241884814,0.4120085555017982
3099,-0.0028005456551909,0.710590124130249,0.0331625901162624,-0.11884339411705287,0.04666908389256448,-0.2734869718551636,0.9510987401008606,1.294177770614624,-0.22218620968701136,1.3607186257836712,-0.0986885577440261,0.9189959168434144,0.3414216637611389,-0.314530051467642,0.3715159746670702
3109,-0.0036723050288856,0.5344255566596985,0.0427349060773849,-0.16079360614062424,0.07996418873470311,-0.3093484938144684,1.035843849182129,1.408108472824097,-0.21208873538109807,1.35938295519725,-0.1274630427360534,0.7261016964912415,0.3457488417625427,-0.5077221332881338,0.47617137300919843
3119,-0.0032084619160741,0.7783124446868896,0.0527070611715316,-0.07821212982268823,0.06771966904979315,-0.3680083453655243,1.0770787000656128,1.3543319702148438,-0.252281322700554,1.2574122672116173,-0.1129302531480789,0.8918265104293823,0.3538548350334167,-0.35785310472578685,0.3967754164013899
3129,-0.002814722713083,0.4846906065940857,0.0554517209529876,-0.10472635433966718,0.11440642793275094,-0.2327341437339782,0.7362352013587952,1.423067569732666,-0.22213551650852112,1.932898029198079,-0.0748454630374908,0.6331579685211182,0.3689118027687073,-0.3204282902673047,0.5826536521847513
3139,-0.0018369273748248,0.914493441581726,0.0446249023079872,-0.0450126013971372,0.0487974000456505,-0.3635991215705871,1.1723705530166626,1.3380006551742554,-0.23179368386067498,1.1412779447005086,-0.1034090295433998,1.0994988679885864,0.3601773977279663,-0.2611242585935101,0.32758323652199084
3149,0.0068507231771945,0.820676326751709,0.0420302264392375,0.19861076456557092,0.05121413286721198,-0.2717896699905395,0.8530444502830505,1.5546725988388062,-0.2049379276421006,1.8224989311201156,-0.0320294648408889,0.8617339134216309,0.331809937953949,-0.11201781784628767,0.38504918140734745
3159,-0.0021293838508427,0.7705028057098389,0.0358449555933475,-0.0770995218846685,0.04652151209277521,-0.2195629328489303,0.954323947429657,1.3894137144088743,-0.16558905207496255,1.4559141244973188,-0.0536870583891868,1.008493423461914,0.306379109621048,-0.1737550311659932,0.3037988176158081
3169,-0.001821506768465,0.596598744392395,0.0407290495932102,-0.07496252010950821,0.06826874842770685,-0.3106633424758911,1.0802818536758425,1.2835839986801147,-0.2240415843077693,1.1881936129099107,-0.1073759645223617,0.8689544796943665,0.3108228147029876,-0.39755494752223125,0.3576974651334003
3179,0.002199409995228,0.8189712762832642,0.0477956421673297,0.056188730930069535,0.05836058424935313,-0.239170953631401,0.8658607006072998,1.3521783351898191,-0.20428027478308658,1.5616580522033445,-0.0610683560371398,0.8856763243675232,0.3525087237358093,-0.1956011142012856,0.3980107789237134
3189,-0.0030547422356903,0.686992347240448,0.0497621707618236,-0.08935592463454838,0.07243482545578749,-0.2962338924407959,0.8692592978477478,1.580171823501587,-0.21566570376066194,1.817837125716148,-0.1155615076422691,0.8864771723747253,0.3448396325111389,-0.3780319172852194,0.38900001405266954
3199,-0.003000947413966,0.8414795994758606,0.0373913906514644,-0.09537689417595303,0.04443529073640607,-0.2300610691308975,0.9551048278808594,1.3426028490066528,-0.1794091253411121,1.4057125561657513,-0.0819200277328491,0.9585261940956116,0.3365683555603027,-0.25392930515734924,0.3511310985902285
3209,-0.001605735393241,0.595732569694519,0.0461142733693122,-0.05845037017618786,0.07740767538185594,-0.2415630668401718,0.8676007390022278,1.2131459712982178,-0.2295078587402488,1.3982767841961263,-0.0759072676301002,0.8338238596916199,0.3681412041187286,-0.2472831999725455,0.44150955845144724
3219,-0.0013220130931586,0.6870678663253784,0.0353797934949398,-0.054385211942482845,0.05149388470772231,-0.3137287199497223,0.956603467464447,1.3208093643188477,-0.2483031261787898,1.3807281796915885,-0.0913811847567558,0.8840996026992798,0.3256161212921142,-0.3174312580087058,0.36830253095687704
3229,0.0019623229745775,0.8921568393707275,0.0404669865965843,0.054353612493554124,0.045358601549394854,-0.2524513304233551,1.0020054578781128,1.3560022115707395,-0.18580062853599233,1.353288248990444,-0.0364703945815563,0.9946379065513612,0.3136613965034485,-0.11689996571341305,0.3153523452479152
3239,-0.0022158273495733,0.6362695693969727,0.0418782569468021,-0.08315840835224912,0.06581841873483342,-0.1566219925880432,0.7612349987030029,1.2080625295639038,-0.17031173905456448,1.5869771248329472,-0.0585650280117988,0.74693363904953,0.3403301835060119,-0.2303858854520708,0.4556364390537835
3249,0.0014989163028076,0.5894100069999695,0.0391113199293613,0.0650215630674199,0.06635672870305259,-0.3815950751304626,0.8145232200622559,1.4454474449157717,-0.32411339934560457,1.7745932949649894,-0.0513198561966419,0.7086893916130066,0.309312105178833,-0.234116801479712,0.43645651937137897
3259,5.00696478411e-05,0.5781212449073792,0.0345207937061786,0.0025088508018219513,0.05971203101472111,-0.2497909218072891,0.8108872175216675,1.4947363138198853,-0.20608748087666653,1.8433344138637193,-0.0651348382234573,0.7668761610984802,0.323139488697052,-0.2628440000054563,0.42137114841878004
3269,-0.0004518286441452,0.463311493396759,0.0391714200377464,-0.024896102896777607,0.084546618411216,-0.1678147315979004,0.7543550133705139,1.3305907249450684,-0.1671898121751635,1.763878679615173,-0.0708527863025665,0.6675728559494019,0.3195118606090545,-0.33217831654794416,0.47861721422848214
3279,-0.0011677294969558,0.2817263305187225,0.0416153334081172,-0.09960048051197493,0.1477154561005848,-0.269004225730896,0.6530637741088867,1.5494028329849243,-0.26585152920688154,2.372513825466897,-0.056290153414011,0.4345643520355224,0.3295976817607879,-0.3930014803481584,0.758455405320144
3289,0.0002179287403123,0.3909869492053985,0.0351892635226249,0.015839521935322943,0.09000112048276784,-0.2194650620222091,0.6743512749671936,1.3078488111495972,-0.24884084488036814,1.9394177184779884,-0.0477987676858902,0.5429142117500305,0.3083137273788452,-0.285556879954319,0.5678866397418963
3299,-0.0008520183619111,0.4427154958248138,0.0469814091920852,-0.04096360709287196,0.10612099561718556,-0.2629251182079315,0.8295271992683411,1.5152206420898438,-0.20918260595997926,1.8266075463544746,-0.0499142222106456,0.5646393895149231,0.3522932231426239,-0.25092783968428856,0.6239260485267881
3309,-0.0011802170192822,0.3339302241802215,0.042225956916809,-0.08370022853519739,0.12645143763332944,-0.2302059978246688,0.6928728818893433,1.3431159257888794,-0.24737144840191866,1.9384737964147722,-0.0582657232880592,0.4721111059188843,0.3127571940422058,-0.39460412149755864,0.6624652335459826
3319,-0.0007049813866615,0.6736373901367188,0.0373703613877296,-0.028004264334946037,0.05547548567656713,-0.2137397974729538,0.824623703956604,1.4261603355407717,-0.1817444783957746,1.7294680333562467,-0.0509694591164588,0.764594316482544,0.3194319605827331,-0.20868949707048717,0.4177796691613596
3329,-0.0003969149547629,0.6471265554428101,0.0401287525892257,-0.015284547314645333,0.06201067202653544,-0.1543135643005371,0.6584513187408447,1.4245295524597168,-0.16451631285367593,2.1634546274185342,-0.0535663552582263,0.6642698645591736,0.3231052756309509,-0.24957638939366888,0.4864066441511265
3339,-0.0010067513212561,0.4577087759971618,0.0330717265605926,-0.06650833875464918,0.07225495401206307,-0.4470978081226349,0.9431491494178772,1.5781329870224,-0.3003852238066375,1.673259195532798,-0.0941924974322319,0.6177645921707153,0.3315281569957733,-0.4599100289176453,0.5366577515082923
3349,-0.0001690927165327,0.5419893264770508,0.0401727184653282,-0.007766099422500546,0.07412086641346288,-0.3337766528129577,0.8729242086410522,1.4319522380828855,-0.26702436114988565,1.6404084385654911,-0.0699299871921539,0.5971770286560059,0.3306494653224945,-0.3541543091145387,0.5536875155205606
3359,-0.0016057266620919,0.6641553044319153,0.0452301874756813,-0.053453184689456125,0.06810182373589398,-0.3042163848876953,0.915880799293518,1.2044965028762815,-0.27576433863578753,1.3151236534332773,-0.0683880597352981,0.8506037592887878,0.3391387164592743,-0.23706946107985444,0.3987035241213101
3369,-0.0021672989241778,0.6788975596427917,0.0434530600905418,-0.07346732069626777,0.06400532668493467,-0.214495450258255,0.7553171515464783,1.5238670110702517,-0.18635526643437167,2.0175194061861323,-0.0675915479660034,0.7494884729385376,0.3386980891227722,-0.2662653711410831,0.45190566813500205
3379,-0.0036545055918395,0.6216674447059631,0.0464279130101203,-0.12661680302586428,0.07468287652103098,-0.2808951139450073,0.7807803750038147,1.402751088142395,-0.2564688839139011,1.7966013658265187,-0.0857861638069152,0.8097867965698242,0.3223388791084289,-0.32865017257882734,0.39805400689888265
3389,0.004113950766623,0.9674309492111206,0.0422821827232837,0.1005730716815654,0.043705633727928773,-0.2646921873092651,1.1483479738235474,1.3234882354736328,-0.1741596443406546,1.152514974243336,-0.030893474817276,1.164959192276001,0.3133451044559479,-0.08463171329451236,0.26897517658430603
3399,-0.0014331447891891,0.5190622806549072,0.0340845845639705,-0.08100514305674959,0.06566569337491748,-0.3826379179954529,0.8567385077476501,1.682108998298645,-0.26551287370780585,1.9633867079476546,-0.0726528242230415,0.6920142769813538,0.320728600025177,-0.32734051258768765,0.4634710737822234
3409,0.0020095210056751,0.8897642493247986,0.0497647449374198,0.04538327324438208,0.055930259026684866,-0.2508596777915954,1.0151329040527344,1.4644837379455566,-0.16874208133838692,1.4426522203140795,-0.0670761540532112,0.9333307147026062,0.3551657199859619,-0.20234922884428796,0.38053576764494557
3419,0.000811340578366,0.7723454833030701,0.0396616980433464,0.02648623831588297,0.05135227550464364,-0.2163548320531845,0.795295000076294,1.424822211265564,-0.19093153777331368,1.7915644020506585,-0.0317097976803779,0.8655492663383484,0.3354756534099579,-0.10920453427197868,0.38758701145824603
3429,-0.0026494860649108,0.8794828653335571,0.0342787094414234,-0.08788399570506027,0.03897598326537344,-0.3309522867202759,1.1263916492462158,1.366342544555664,-0.2150385746439649,1.2130261667600466,-0.0954855233430862,1.0318217277526855,0.3172475397586822,-0.29169877214852263,0.3074635193519809
3439,-0.0007894083391875,0.4990527033805847,0.0272603798657655,-0.05802610159733969,0.054624250467142234,-0.1670953333377838,0.6928420662879944,1.3885937929153442,-0.17368201666615402,2.0041996011514494,-0.0436231419444084,0.665237545967102,0.3132010996341705,-0.2093711851262741,0.4708109178937702
3449,-0.000728775281459,0.7021554708480835,0.0306829549372196,-0.03382697540195298,0.0436982352357945,-0.1515417098999023,0.7921761274337769,1.256377935409546,-0.15226150982466635,1.5859830811609186,-0.0591841116547584,0.7370030879974365,0.3184105455875397,-0.2522019167196558,0.4320342082320382
3459,-0.0004547710414044,0.4544804096221924,0.035987265408039,-0.027805376987782307,0.07918331493750207,-0.2570139765739441,0.6653966307640076,1.4807456731796265,-0.2608529012590387,2.2253579364828404,-0.0508661642670631,0.5515140891075134,0.3038696348667145,-0.30351843478411317,0.550973476232404
3469,-0.002316431608051,0.5512642860412598,0.0423530787229537,-0.09921438380899017,0.07682899073165018,-0.1891526728868484,0.7647128701210022,1.344643473625183,-0.18395302539794464,1.758363859382172,-0.0680085718631744,0.7747299671173096,0.3382016122341156,-0.25955991683359425,0.43654128094790107
3479,-0.0025362051092088,0.8157051205635071,0.0390520952641963,-0.07961718979381033,0.047875260654509866,-0.3821343183517456,1.0260019302368164,1.331417679786682,-0.27973933923074457,1.2976756091281145,-0.0769212245941162,0.9877739548683168,0.3409842848777771,-0.22837799457516247,0.3452047740246753
3489,0.001295760506764,0.5963513255119324,0.0386596210300922,0.05620370656438991,0.06482692227925409,-0.1689924895763397,0.6610628962516785,1.4277952909469604,-0.17904354852028503,2.1598478738449316,-0.0364259406924247,0.7345936894416809,0.3048465847969055,-0.16266055469764418,0.41498666429955383
3499,-0.0009628083789721,0.4985691010951996,0.0441792272031307,-0.043711568125216066,0.08861204416014315,-0.2097362726926803,0.8216390609741211,1.1602506637573242,-0.2200090990626777,1.4121172165083669,-0.1021321266889572,0.7279285788536072,0.3271492421627044,-0.42887199328240283,0.44942491841427895
3509,-0.001120549859479,0.8012155890464783,0.0469200573861599,-0.029807342661190485,0.058561088959838095,-0.3067866861820221,0.9860726594924928,1.4693992137908936,-0.21173262790401556,1.4901530831887753,-0.089216835796833,0.8903273344039917,0.3703636527061462,-0.27056321481864026,0.41598593954669183
3519,-0.0008474692003801,0.7563825845718384,0.0444087348878383,-0.025229811254350146,0.05871200077005544,-0.2462481409311294,0.9174290895462036,1.3148446083068848,-0.20413901933605902,1.4331839084776115,-0.0625993609428405,0.7855817675590515,0.3251128196716308,-0.24510061983180662,0.4138497519893018
3529,-0.0042075468227267,0.8369854688644409,0.0624745562672615,-0.08046515631270858,0.07464234277809183,-0.2997142374515533,1.1556625366210938,1.2615034580230713,-0.20558332871627377,1.0915846261759365,-0.1512176990509033,1.1830840110778809,0.3845402598381042,-0.3323879147869069,0.32503208245351767
3539,-0.0018864831654354,0.6776195168495178,0.0423883311450481,-0.06567811948718681,0.06255476722708014,-0.2076160311698913,0.95012766122818,1.3959829807281494,-0.15653043753488013,1.4692583299002533,-0.0903910398483276,0.7999206185340881,0.3666268289089203,-0.30821533923197003,0.45832901467246867
3549,-0.002547695999965,0.6036673188209534,0.0424629747867584,-0.09938927545159751,0.07034168235195261,-0.2104835212230682,0.891413688659668,1.2318347692489624,-0.1916842118567171,1.3818889982508038,-0.1178815513849258,0.8466086983680725,0.3478396534919739,-0.4002985590004689,0.41086236671377396
3559,0.0008953164797276,0.6447945237159729,0.0454424582421779,0.03055578329633742,0.07047587498152351,-0.1784213483333587,0.9085618853569032,1.669601559638977,-0.11761953585795293,1.8376310811047512,-0.0693732574582099,0.7352691888809204,0.3383958041667938,-0.27881796337025355,0.4602338970327754
3569,-0.0014514768263325,0.9366587996482848,0.0392202660441398,-0.03951101201322218,0.041872521839187334,-0.2248206883668899,1.1405327320098877,1.554165244102478,-0.1268327260875253,1.3626660598891118,-0.0788188278675079,1.1156853437423706,0.3311527669429779,-0.21333389170064548,0.2968155571822644
3579,-0.0030372813344001,0.3316937685012817,0.0543688498437404,-0.16842151239258946,0.16391278645179105,-0.2995168566703796,0.795585036277771,1.2960989475250244,-0.2904668033382715,1.6291142849907796,-0.0899812430143356,0.55495685338974,0.3531906604766845,-0.45907491063825984,0.6364290454642654
3589,-0.0018886986654251,0.5186507105827332,0.0403111465275287,-0.09033635136994568,0.07772311057327361,-0.1749151349067688,0.8370047807693481,1.1944646835327148,-0.17495491080478626,1.4270703238215687,-0.0674444586038589,0.6860024929046631,0.3313691914081573,-0.29669378626004717,0.483043713157773
3599,-0.0023572966456413,0.3816246688365936,0.0449776723980903,-0.1373348700500007,0.11785839876443921,-0.3537920713424682,0.84222012758255,1.3605878353118896,-0.30874213007770634,1.615477700844346,-0.1018310338258743,0.6124011874198914,0.3294194340705871,-0.5047715998417559,0.5379144274008755
3609,-0.0029815274756401,0.6700196266174316,0.0401977263391017,-0.1107005559867898,0.05999484901963004,-0.2121327221393585,0.933236837387085,1.513926982879639,-0.15014499582860943,1.622232344705117,-0.0953150689601898,0.8831069469451904,0.3324374258518219,-0.32466715431854964,0.376440732350455
3619,0.000233208440477,0.6743860840797424,0.0298044066876173,0.011602596357636401,0.04419487203430059,-0.3210715651512146,0.9752520322799684,1.5055309534072876,-0.21867306499032452,1.5437352638862183,-0.0696774646639823,0.8490627408027649,0.3114700317382812,-0.26347310485082454,0.36683983028603406
3629,-0.0018103125039488,0.6848430633544922,0.0399130769073963,-0.06622886021108278,0.058280617915430766,-0.3199544250965118,0.9123225808143616,1.6606225967407229,-0.21118776476336384,1.8202142878656038,-0.0721999183297157,0.8466709852218628,0.3156397640705108,-0.270165767556605,0.3728009694200164
3639,0.0019827012438327,0.9426848292350768,0.0407730117440223,0.05158435074785618,0.04325200796655099,-0.1639742106199264,0.9872448444366456,1.3752906322479248,-0.12076920003881399,1.3930593205910444,-0.0511405877768993,1.0483417510986328,0.3338860869407654,-0.14610480890981944,0.31848973542345527
3649,-0.0010866353986784,0.5910966992378235,0.0430369712412357,-0.04271531511539932,0.07280868138280719,-0.2091813087463379,0.8492833971977234,1.1824297904968262,-0.20830269020271017,1.3922676392807691,-0.0639867708086967,0.6231433153152466,0.3216872811317444,-0.3192040277751454,0.5162332215166324
3659,-0.0026583182625472,0.4475784003734588,0.0506972260773181,-0.11715306566576342,0.1132700461751872,-0.3180710971355438,0.8111053705215454,1.4735606908798218,-0.2661208502196882,1.8167315177956642,-0.0896408259868621,0.6574771404266357,0.3435515165328979,-0.39685633933417336,0.5225299792323851
3669,-0.0017403131350874,0.6829622983932495,0.0366194993257522,-0.0695854220888852,0.05361862494006471,-0.2371432334184646,0.8889451622962952,1.325141191482544,-0.2013138304008568,1.4906894684701146,-0.0644175633788108,0.7489310503005981,0.313626766204834,-0.2742517053333686,0.41876587448063973
3679,-3.39605030603e-05,0.6454262733459473,0.0347274430096149,-0.0015151466409847845,0.053805437497275635,-0.2842260599136352,0.8789443969726562,1.368794083595276,-0.23624595069848495,1.5573158988325162,-0.0577207207679748,0.7196216583251953,0.3181400597095489,-0.25212108158694624,0.44209350292481353
3689,-0.0008190959924831,0.4833824932575226,0.0296426080167293,-0.05716463996593603,0.06132329662368878,-0.2358511239290237,0.7057285308837891,1.4136085510253906,-0.23641286786361218,2.003048607451251,-0.0816158801317215,0.717231035232544,0.3149043917655945,-0.3613573371457338,0.4390557244410021
3699,-0.0004211229097563,0.7587276101112366,0.0333939604461193,-0.01662091971149855,0.04401310826321904,-0.1127984225749969,0.9226874709129332,1.385946273803711,-0.08820678798980956,1.5020755320676635,-0.0551783628761768,0.840351939201355,0.3236967921257019,-0.2028472894712938,0.3851919380745804
3709,-0.0010999892838299,0.8218182325363159,0.0427537038922309,-0.0313068186186582,0.05202330904765078,-0.3359246551990509,1.0028342008590698,1.845019817352295,-0.18155646072539597,1.8398054391960044,-0.0572909265756607,0.964501142501831,0.3198654353618622,-0.18570166045616654,0.3316382130270571
3719,0.0010642474517226,0.6862328052520752,0.0346555337309837,0.04475056795271864,0.05050113236462605,-0.1304799318313598,0.7831450700759888,1.403616428375244,-0.11870063986683069,1.7922815095280504,-0.0079587642103433,0.8623618483543396,0.2965837121009826,-0.0311177943990264,0.3439202611606237
3729,-0.0013539181090891,0.3972209095954895,0.0449885316193103,-0.07576322921446009,0.11325821610228032,-0.188141256570816,0.7169917821884155,1.2084054946899414,-0.21714866858940232,1.6853826287961402,-0.0766552463173866,0.592013955116272,0.3390044271945953,-0.38194828953802157,0.5726291150147205
3739,0.0004793772823177,0.774727463722229,0.0291054304689168,0.021259569714575738,0.037568605518484975,-0.2006487548351287,1.001672625541687,1.6270898580551147,-0.12311164255870133,1.6243728904692918,-0.0522673353552818,0.8519391417503357,0.3083113133907318,-0.1989904923099766,0.36189358873369354
3749,-0.0011592423543334,0.617390513420105,0.0436899662017822,-0.042976651975976214,0.07076552887046589,-0.1940280199050903,0.7958635091781616,1.35170316696167,-0.18036178626754854,1.6984107844792244,-0.0394904874265193,0.7295776605606079,0.3196572959423065,-0.1693309501585657,0.43814019154133865
3759,0.0024114164989441,0.619156002998352,0.0353782400488853,0.1100869692861466,0.057139460616647625,-0.2941329479217529,0.7386202812194824,1.5202959775924685,-0.2619354629699572,2.0582916773994047,-0.0431010276079177,0.645389199256897,0.2983710169792175,-0.22382536273915177,0.4623117605977335
3769,-0.0025322898291051,0.5081462264060974,0.0395268760621547,-0.12607593971827516,0.07778642053826025,-0.2473121285438537,0.980613648891449,1.3357406854629517,-0.18881014559881504,1.3621477602039926,-0.0766609013080596,0.697614312171936,0.3042052686214447,-0.3612366512200293,0.43606511981432716
3779,-0.0017720559844747,0.5082909464836121,0.0409181714057922,-0.08520181510293304,0.08050147595361794,-0.1735202372074127,0.8424128293991089,1.241364359855652,-0.16593037245102038,1.4735819737469031,-0.0744196772575378,0.7178248167037964,0.3189383745193481,-0.3250592560131328,0.444312271041132
3789,0.0006230293656699,0.6874192357063293,0.0293177366256713,0.030914085046703958,0.0426489907509601,-0.225443348288536,0.8538830280303955,1.4756397008895874,-0.1789199274508528,1.7281520447752234,-0.0455817468464374,0.8185268044471741,0.2939608097076416,-0.18943866474198973,0.3591340052769319
3799,-0.0005484841531142,0.5350719690322876,0.0384417623281478,-0.026665430223299952,0.07184409678135863,-0.1661279648542404,0.7713072896003723,1.4505152702331543,-0.14848856277751749,1.880593234098295,-0.0498020984232425,0.681809663772583,0.3251606822013855,-0.22463967580959812,0.4769082919743457
3809,-0.0022912549320608,0.6575977206230164,0.03550885617733,-0.09812426817779829,0.053997839505417485,-0.264443039894104,0.9298189878463744,1.5725980997085571,-0.1808489467139776,1.6912948867079742,-0.0721159055829048,0.8186709880828857,0.3135057985782623,-0.2809804368198455,0.38294480095405753
3819,-0.0019221780821681,0.6283817887306213,0.041733045130968,-0.07329763392820687,0.06641351783168621,-0.2067125737667083,0.8660070896148682,1.1983753442764282,-0.19918314337585186,1.3837939188342803,-0.0879534110426902,0.7804388999938965,0.3397534787654876,-0.33170335696209396,0.43533642257983896
3829,-0.0022586407139897,0.5527703762054443,0.0450227744877338,-0.0907549114603241,0.08144932584267232,-0.420055627822876,0.9229155778884888,1.5411851406097412,-0.29531806766965946,1.6699091201123435,-0.0749438926577568,0.8084080219268799,0.3163575530052185,-0.29304035038659326,0.39133401008461655
3839,-0.000422164943302,0.8084810972213745,0.0304585825651884,-0.017143622983909732,0.0376738338965127,-0.2412895709276199,0.8705710768699646,1.2903960943222046,-0.21478862451035902,1.4822409434525108,-0.0474953018128871,0.8506363034248352,0.2961778342723846,-0.18851859096527396,0.3481838631620967
3849,-0.0003938981099054,0.739995539188385,0.0380216017365455,-0.01399988237112397,0.051380852617364386,-0.1751475036144256,0.8750098943710327,1.3696942329406738,-0.14613941366931263,1.5653471369317784,-0.0392790213227272,0.8595298528671265,0.3031809329986572,-0.15072934371646815,0.3527287993399405
3859,-0.0006818268448114,0.5602685213088989,0.0364523231983184,-0.033385098482424665,0.06506223678810029,-0.2850474417209625,0.8549253940582275,1.5127463340759275,-0.22040569970872345,1.7694483572363005,-0.0564384460449218,0.7541497945785522,0.2911878228187561,-0.25700656740419536,0.3861140385001139
3869,-0.0006562855560332,0.6205809116363525,0.0277944765985012,-0.038048359192354615,0.04478783681117827,-0.2644785642623901,0.8231337666511536,1.660781741142273,-0.19346726822561133,2.0176328665254686,-0.0549610182642936,0.8222724199295044,0.2940495610237121,-0.22730998389868529,0.3576060121886634
3879,0.000157165544806,0.7446988821029663,0.0413944572210311,0.005098406370027294,0.05558549665622791,-0.1158509105443954,0.8417795896530151,1.192481279373169,-0.11541160756825669,1.4166193787909664,-0.0317036807537078,0.8329112529754639,0.3163880407810211,-0.1203070000263536,0.37985804568105813
3889,-0.0021404128056019,0.4436334669589996,0.0469697415828704,-0.10272001369879717,0.10587510880285171,-0.2070536166429519,0.7036290168762207,1.3567200899124146,-0.216894642104858,1.9281752988749792,-0.0743219703435897,0.6367767453193665,0.3239940404891968,-0.3602408825310652,0.5088031918105019
3899,-0.0002914100768975,0.7872362732887268,0.0317097455263137,-0.01167365117798558,0.04027983288148593,-0.1894342005252838,0.9259828329086304,1.5063406229019165,-0.13581016158466022,1.6267478935546873,-0.0405905060470104,0.9457812309265136,0.2930780351161957,-0.14643689219503617,0.30987930985804013
3909,-0.00101053644903,0.412340760231018,0.0336380675435066,-0.07285589155434982,0.08157832256180675,-0.166013017296791,0.7265923023223877,1.1892173290252686,-0.19212776089320874,1.6367051030188522,-0.0742244645953178,0.5449986457824707,0.3124786019325256,-0.4358442969360817,0.5733566575819483
3919,-0.0003483715117909,0.657004177570343,0.0432171747088432,-0.012269253236721189,0.06577914750658659,-0.2000279426574707,0.8759719133377075,1.502333641052246,-0.1519966773652679,1.7150477294733326,-0.0385706275701522,0.7625234127044678,0.3248716592788696,-0.15570110534061768,0.4260481106103171
3929,-0.0017234962433576,0.4151387810707092,0.0365640074014663,-0.11354375355507902,0.08807658804403166,-0.3021706938743591,0.887130081653595,1.4010560512542725,-0.24311375188110007,1.5793129781403967,-0.0944907218217849,0.6951072812080383,0.3153705596923828,-0.4310386164200134,0.45370055560962497
3939,-0.0005559590645134,0.6330525279045105,0.0368409343063831,-0.02383814364949706,0.058195698907216396,-0.1241303533315658,0.7936581969261169,1.458319902420044,-0.1072486125939773,1.8374659369338078,-0.052291415631771,0.7087435722351074,0.3072235882282257,-0.24015227702320366,0.43347636615505303
3949,-0.0015183229697868,0.5435330867767334,0.045909509062767,-0.06084648955940048,0.08446497587666675,-0.3683186173439026,0.773716926574707,1.6381733417510986,-0.29059070547825966,2.1172773730095242,-0.068358339369297,0.6182629466056824,0.3282995820045471,-0.33678128889171155,0.5310031658971972
3959,-0.0010696159442886,0.8023829460144043,0.0322704799473285,-0.04130862640372308,0.04021830237995759,-0.2640684843063354,0.946670651435852,1.252509355545044,-0.22270844255842795,1.323067693759508,-0.0749536007642746,0.9745517373085022,0.3058729469776153,-0.2514470435974413,0.31386014232796833
3969,-0.000630680238828,0.8898875117301941,0.0341739878058433,-0.020738553012571593,0.03840259286187685,-0.2607469856739044,0.9773726463317872,1.5807071924209597,-0.1687748329674964,1.6173024673378873,-0.0422886423766613,1.0910507440567017,0.2997408509254455,-0.1293102219698311,0.2747267737621084
3979,-0.0005024074343964,0.5047011971473694,0.0393870063126087,-0.02527369555681211,0.07804024744785369,-0.2171750664710998,0.7000048756599426,1.3984705209732056,-0.2218480328030522,1.997801114820481,-0.0460497885942459,0.6613516211509705,0.325512170791626,-0.2139084727511842,0.49219229284586496
3989,-0.0018004616722464,0.8690935373306274,0.0325888767838478,-0.06356937886342023,0.03749754817409266,-0.2272710353136062,0.9322516918182372,1.4169751405715942,-0.17204762391503955,1.519949122117404,-0.0463247969746589,0.9932884573936462,0.3036014437675476,-0.15361523988650255,0.30565284586532604
3999,0.0016334961401298,0.7680020928382874,0.0301797334104776,0.07047584795315372,0.039296420793520324,-0.1126766353845596,0.8379026055335999,1.5310004949569702,-0.08783447263871562,1.8271819240638192,-0.0175787191838026,0.9270577430725098,0.3082623183727264,-0.06151202189735706,0.33251684771119555
4009,-0.0008164877654053,0.8411840796470642,0.0411333031952381,-0.0235974486725145,0.04889928874129003,-0.2378693222999572,0.935017466545105,1.472995042800903,-0.17270997694831708,1.5753663386028802,-0.0655101537704467,0.9026498198509216,0.3048538863658905,-0.23806611410622228,0.3377321743843466
4019,-0.0009809557814151,0.6318789720535278,0.0354984067380428,-0.04373273786129542,0.05617912338921076,-0.1802071034908294,0.8054766654968262,1.2246148586273191,-0.18269195285637574,1.5203604413195064,-0.056365929543972,0.7293163537979126,0.2972938120365143,-0.25996498222977305,0.40763354679811814
4029,0.0020423089154064,0.9504079818725586,0.0358925983309745,0.05986961416982244,0.03776546390136209,-0.0218570791184902,0.9713160395622252,1.3387391567230225,-0.016808756959601028,1.378273499247882,-0.0061090448871254,1.2121111154556274,0.3110293447971344,-0.016204271713123018,0.25660134688247604
4039,-0.0022631525062024,0.8490372896194458,0.0415577962994575,-0.06414082560345492,0.04894696240972463,-0.3011599779129028,1.065461039543152,1.4708460569381714,-0.1921730409351725,1.3804784993065913,-0.0813485831022262,0.9816394448280334,0.327540248632431,-0.25300745463497165,0.3336665517651549
4049,-0.0016062202630564,0.6013209223747253,0.0404549203813076,-0.06602789236416051,0.06727675501717749,-0.2141037136316299,0.7837618589401245,1.1884522438049316,-0.22985732073034684,1.5163435554417857,-0.0468856319785118,0.7643431425094604,0.3181482255458832,-0.19280659963914248,0.41623743035274946
4059,-0.0002679214812815,0.6230241656303406,0.0291424170136451,-0.014756286374945419,0.04677574100863399,-0.1445124745368957,0.7591250538825989,1.4856101274490356,-0.1281407204391022,1.9570031575835594,-0.0439623370766639,0.64226233959198,0.296365886926651,-0.230961771495736,0.46144054953452196
4069,-0.0010655591031536,0.3657845258712768,0.0322153344750404,-0.09042521909926013,0.08807188986003552,-0.1929924190044403,0.7738379836082458,1.6180611848831177,-0.15413287053756108,2.0909560129607936,-0.0658236593008041,0.6695294380187988,0.3147766292095184,-0.31232724100468895,0.47014606279444904
4079,-0.0007243923610076,0.625806450843811,0.0390307009220123,-0.029657017660294775,0.06236864587986422,-0.1653913557529449,0.8151462078094482,1.3692960739135742,-0.1481767045389092,1.6798165295932606,-0.0594565421342849,0.7845689654350281,0.3159345090389251,-0.23986752667612363,0.40268545272338885
4089,-0.0012047453783452,0.4313898384571075,0.0398845411837101,-0.0700197825241596,0.09245591256010952,-0.2218805253505706,0.6404500603675842,1.4666513204574585,-0.23621476313019535,2.2900322932527772,-0.0549782365560531,0.5766929388046265,0.3366347551345825,-0.28319606856968443,0.5837330969100499
4099,0.0002561951987445,1.071503520011902,0.0369453802704811,0.006471683107232378,0.03447994297776149,-0.1688714623451233,1.043613314628601,1.542805552482605,-0.10488308659763868,1.4783306526054196,-0.0562053807079792,1.0841673612594604,0.3195179104804992,-0.16225061725779702,0.2947127186242908
4109,-0.0010658556129783,0.6849707961082458,0.0374184884130954,-0.04158532323819954,0.05462785950246871,-0.2970603108406067,0.8839578032493591,1.5119028091430664,-0.22227428568135718,1.7103789384351051,-0.0678200796246528,0.7991665601730347,0.3042276501655578,-0.2789473943980024,0.38068115625319304
4119,0.0012337905354797,0.7971594929695129,0.0355027839541435,0.04359471095506603,0.04453661314612394,-0.1851755678653717,0.837044894695282,1.4145604372024536,-0.1563916010730466,1.6899457199573633,-0.0273397732526063,0.8421778082847595,0.3256348669528961,-0.09969197839390442,0.3866580949409101
4129,-0.0002025196154136,0.6788614988327026,0.032511081546545,-0.009176023093927605,0.04789059565529576,-0.1206194907426834,0.8141270279884338,1.252475619316101,-0.11829218038896795,1.538427759130845,-0.0372066497802734,0.8377696871757507,0.2935143411159515,-0.15130964010313455,0.35035206645567835
4139,-0.0017797951586544,0.5968332290649414,0.0396976992487907,-0.07511932712973571,0.06651388916630041,-0.2614683806896209,0.8712880611419678,1.383673071861267,-0.21688220752657736,1.5880776215936365,-0.0766795426607132,0.7389822006225586,0.2978119850158691,-0.34842023125783916,0.40300292045596786
4149,-0.0028974954038858,0.4719933569431305,0.043626382946968,-0.14071411458047411,0.09243007831617524,-0.5648059844970703,1.0285460948944092,1.571203351020813,-0.3494967434218989,1.5275964381373819,-0.1339219659566879,0.8327789902687073,0.3357682824134826,-0.47894140834217147,0.4031901456893653
4159,0.0003503038315102,0.6991216540336609,0.0362080708146095,0.013838427655996572,0.05179080150886898,-0.3306545615196228,0.8679779767990112,1.7148171663284302,-0.22215085547291455,1.9756459405254159,-0.0607784427702426,0.8450884819030762,0.3219315409660339,-0.22340035437938033,0.38094418260330337
4169,-0.00046307843877,0.4965118765830993,0.0374405160546302,-0.024910537184983938,0.07540709058620862,-0.3508912920951843,0.9702972173690796,1.529795527458191,-0.23639289423108237,1.5766256978518063,-0.0916846841573715,0.7316488027572632,0.3268233239650726,-0.38342558095727486,0.4466942646983347
4179,-0.0005635396228171,0.4376331269741058,0.0384283475577831,-0.0335090841562697,0.08780950341553294,-0.1657082587480545,0.8012376427650452,1.2401058673858645,-0.16677234939594252,1.547737900963189,-0.0722456723451614,0.6021504402160645,0.3146372139453888,-0.38132628385218814,0.5225226005522644
4189,-0.0003898071008734,0.4998426735401153,0.0408819764852523,-0.019075877780129726,0.08178968833474615,-0.2907353341579437,0.8156614899635315,1.4240527153015137,-0.2503005430549307,1.7458869063012692,-0.0427472293376922,0.555356502532959,0.3259629309177398,-0.2361390956935126,0.5869435748587364
4199,-0.0019637364894151,0.5033047199249268,0.0376358330249786,-0.1036694212068069,0.07477742912999581,-0.3248714804649353,0.8653242588043213,1.5579551458358765,-0.2409782013494512,1.8004292957054173,-0.0929361507296562,0.7161058783531189,0.3291034698486328,-0.39434376696528406,0.4595737582904586
4209,-0.0004668304463848,0.664095401763916,0.0432744584977626,-0.016244152476909187,0.06516301480603617,-0.2326565086841583,0.7482316493988037,1.49488365650177,-0.20800402476726815,1.9978888325599342,-0.0538438558578491,0.7748909592628479,0.3285132646560669,-0.2115157194575239,0.42394773190873314
4219,-0.00141366221942,0.5578963160514832,0.0477209389209747,-0.0530986131198475,0.08553728990132096,-0.3287668824195862,0.8543933629989624,1.368335485458374,-0.2812144336335533,1.6015286924227146,-0.072608083486557,0.6607698202133179,0.3298480212688446,-0.33313548198431636,0.49918747978283723
4229,-0.0024427745956927,0.4479233622550964,0.0461406297981739,-0.11819419910817305,0.1030100987943031,-0.2214269787073135,0.746353030204773,1.3576741218566897,-0.21851974937683705,1.819077657505044,-0.0855858922004699,0.519155740737915,0.3274538218975067,-0.5034478122562417,0.6307429470626136
4239,-0.0019383546896278,0.508450448513031,0.0382502861320972,-0.0996666649893721,0.07522913244340838,-0.172079861164093,0.903104603290558,1.2463340759277344,-0.15288241056893917,1.3800550582807165,-0.0751025229692459,0.6107525825500488,0.317076563835144,-0.387815418665033,0.5191571397230412
4249,-0.0036977790296077,0.5340346693992615,0.055035576224327,-0.12581371464146787,0.10305618600799236,-0.2501013576984405,0.781012773513794,1.3260552883148191,-0.2414884036626891,1.6978663259870472,-0.0857586115598678,0.630834698677063,0.3426060974597931,-0.3967958120295372,0.5430996395383445
4259,-0.0011003931285813,0.583775520324707,0.0366097129881382,-0.051487957749570185,0.06271197012128084,-0.2292701750993728,0.7699983716011047,1.543868064880371,-0.19286240231259652,2.00502770112372,-0.0344804003834724,0.5951089859008789,0.3197648525238037,-0.18119452312672463,0.5373214992540267
4269,-0.0025638926308602,0.5929908156394958,0.0447813868522644,-0.09655045568555799,0.07551784221813124,-0.3005611300468445,0.9458577632904052,1.3515959978103638,-0.23510403620879766,1.428963265162085,-0.0732027292251586,0.7851599454879761,0.3127250671386719,-0.2981305234306019,0.3982947282726115
4279,0.0027323211543262,0.9284971952438354,0.0399665758013725,0.07362989944552363,0.04304436890719606,-0.1506278067827224,0.9321144819259644,1.307289719581604,-0.12361297284019479,1.402499097407478,-0.0459009855985641,1.0611213445663452,0.3114715218544006,-0.13887965071833633,0.2935305405450038
4289,-0.0004933398449793,0.5847589373588562,0.0434586107730865,-0.019413037145564076,0.07431884832641167,-0.1067840754985809,0.7783598303794861,1.315189003944397,-0.10431287327708394,1.689692803524023,-0.0748557299375534,0.6432681083679199,0.3059688806533813,-0.3803257857973883,0.4756475203312599
4299,0.0002540345303714,0.5994882583618164,0.027880135923624,0.015199075951773083,0.04650655877699804,-0.1171356886625289,0.7760673761367798,1.386093258857727,-0.10889234654386243,1.786047579731572,-0.029172133654356,0.7580400705337524,0.2901766300201416,-0.13262139707656423,0.3827985370428003
4309,-0.0016947109252214,0.3181683719158172,0.0448289290070533,-0.11881745892508754,0.14089687399511347,-0.143953189253807,0.6418930888175964,1.3102644681930542,-0.17115895542737503,2.0412503125818597,-0.049263309687376,0.532738983631134,0.325984388589859,-0.28366927973404565,0.6119026363866945
4319,-0.0021467676851898,0.940135419368744,0.0308380555361509,-0.0740470307445785,0.03280171654085449,-0.3411270678043365,1.0655876398086548,1.31354022026062,-0.24371576992012706,1.23269093145308,-0.0616373494267463,1.0452426671981812,0.2813912034034729,-0.20956382097509352,0.2692113632882538
4329,-0.0015928882639855,0.7477964758872986,0.0454897955060005,-0.0468260919773871,0.0608317864189244,-0.3048782646656036,0.9690738916397096,1.4592392444610596,-0.21559717686797186,1.5058080266634484,-0.0754503607749939,0.9991843104362488,0.3336449265480041,-0.22632430191571848,0.33391729940428416
4339,-0.00127881008666,0.7003405094146729,0.0415174029767513,-0.04398115456255289,0.05928173855236578,-0.2566184401512146,0.9649134278297424,1.3997341394424438,-0.19000015512010454,1.450631838123228,-0.0740409046411514,0.773034393787384,0.3152573406696319,-0.3038139363551994,0.4078180003415741
4349,-0.0005044043646194,0.548295795917511,0.0475069060921669,-0.019364539435661177,0.08664466597390094,-0.1464544236660003,0.7047137022018433,1.23812735080719,-0.1678512039987129,1.7569224877261815,-0.0512715801596641,0.7307134866714478,0.3178890943527221,-0.22072623230687222,0.4350393145208982
4359,-0.0020839902572333,0.6603274941444397,0.031791016459465,-0.09927316998084251,0.04814431739004805,-0.2565295696258545,0.9410167336463928,1.45043683052063,-0.18794953997036373,1.5413507312460426,-0.0810181051492691,0.7828235030174255,0.2953753769397735,-0.3503837340903809,0.37732052729796295
4369,0.0011906732106581,0.8344295024871826,0.026533231139183,0.05377900852661616,0.03179805011699064,-0.1403390616178512,0.943398654460907,1.3570362329483032,-0.10962052363655972,1.4384547047332437,-0.0421866551041603,0.9456510543823242,0.3022000789642334,-0.14762149791393667,0.31956827792215914
4379,-0.0015053225215524,0.6689245104789734,0.04268778860569,-0.0527167699670299,0.06381555457599251,-0.1883888691663742,0.9534576535224916,1.244334101676941,-0.15878768848037061,1.305075371811033,-0.0764261335134506,0.8520243167877197,0.3168069124221802,-0.2831361028611422,0.3718284867931909
4389,-0.0019507034448906,0.5640669465065002,0.0427884384989738,-0.08082285019232738,0.07585702151842132,-0.1592532843351364,0.8862281441688538,1.5546424388885498,-0.11558789128901148,1.7542237279617952,-0.067860335111618,0.7425975203514099,0.3201198577880859,-0.285463042317423,0.4310812371641097
4399,0.0005129440687596,0.5107789635658264,0.0405272506177425,0.02477934759185592,0.07934400887384933,-0.2075363397598266,0.7158174514770508,1.4825353622436523,-0.19556305346726716,2.0711081563945113,-0.0369221158325672,0.5951696634292603,0.3181167244911194,-0.19501108194442332,0.5344975458900042
4409,-0.0002674968563951,0.6242595314979553,0.0354203544557094,-0.012097638353648047,0.05673978957232056,-0.1888514161109924,0.8839521408081055,1.256107211112976,-0.17008451853059287,1.4210126918914954,-0.0472835265100002,0.758858323097229,0.2766356170177459,-0.22523768907316988,0.3645418500368769
4419,0.0002707063686102,0.6148114204406738,0.0336714088916778,0.0130766126136665,0.05476705176937571,-0.1306528002023697,0.8468766212463379,1.376572608947754,-0.11207260183427306,1.6254700795989254,-0.0623943209648132,0.7783920168876648,0.298270583152771,-0.2687424463155768,0.383188132305597
4429,-0.0007846620865166,0.5692387819290161,0.0328879952430725,-0.0419131968560706,0.05777539459209514,-0.1763975024223327,0.8586235046386719,1.182243585586548,-0.1737731574699247,1.376905685902534,-0.0488749481737613,0.66070157289505,0.3039965331554413,-0.24333934702156415,0.4601117140124169
4439,0.0014435057528316,0.5328630805015564,0.0269089695066213,0.10067133350188248,0.05049884387053665,-0.1284568160772323,0.569805383682251,1.284656643867493,-0.17548642954094504,2.2545533627037035,-0.0420067347586154,0.5365683436393738,0.2874580919742584,-0.272344957888666,0.5357343484420286
4449,-0.0016372613608837,0.7335473299026489,0.0412277840077877,-0.05413770982190692,0.0562033045819404,-0.1790900528430938,0.9151862263679504,1.4456034898757937,-0.13536699908963137,1.5795730401372858,-0.0731613412499427,0.8779009580612183,0.3104589879512787,-0.2684305234661851,0.35363782793551707
4459,0.0006474693655036,0.763433575630188,0.0355278402566909,0.023871469873045663,0.04653691086007568,-0.1907007545232772,0.933129072189331,1.2586331367492676,-0.1623721456097934,1.348830696911233,-0.057171493768692,0.7964513301849365,0.3159854114055633,-0.22717119641665767,0.39674164563475744
4469,-0.0004865801020059,0.527402400970459,0.0309350229799747,-0.029823719056172145,0.05865544586648069,-0.1474557816982269,0.7801997661590576,1.3791507482528689,-0.13703902200867726,1.7676892612291613,-0.0357821471989154,0.6408200263977051,0.3184636533260345,-0.17533573956527368,0.49696270435903933
4479,-0.0003093320992775,0.8688024878501892,0.0338393710553646,-0.010521596688157392,0.03894944078613141,-0.2322810143232345,0.9368699193000792,1.5988742113113403,-0.15506726287418995,1.7066128161162801,-0.0625679120421409,0.9086549282073976,0.3133118748664856,-0.21977375097295773,0.34480842522319227
4489,0.0016037834575399,0.671898365020752,0.0295367371290922,0.08081270192589259,0.04396012651136596,-0.2367064505815506,0.870140016078949,1.6698331832885742,-0.16291004533435738,1.919039640095196,-0.061020590364933,0.8020011186599731,0.2820511758327484,-0.26975749274697786,0.35168426735366004
4499,-0.0008732732967473,0.4194695055484772,0.0280977226793766,-0.07409325333284844,0.06698394593103361,-0.1996446549892425,0.567861795425415,1.4778954982757568,-0.2378873289536129,2.6025619440881522,-0.0568659156560897,0.52281653881073,0.3092004656791687,-0.35177306241937667,0.5914129388150543
4509,-0.0013696602545678,0.6991816759109497,0.0430196896195411,-0.045536069669224924,0.061528628540631604,-0.0316308811306953,0.8887315392494202,1.3470386266708374,-0.026421693360971516,1.5156867593654675,-0.061044342815876,0.8867592215538025,0.3342829346656799,-0.20593278979612833,0.37697147832298905
4519,-0.0002878706145565,0.5278578400611877,0.0354289449751377,-0.015392959927145441,0.06711834567244634,-0.1903604567050933,0.7263473868370056,1.5077778100967407,-0.17381810551032473,2.0758356640650932,-0.0451462529599666,0.7052767872810364,0.3141840100288391,-0.20374081638787067,0.44547618140116685
4529,0.0016823457553982,0.8753024935722351,0.0405851863324642,0.04735758493645336,0.046367040686506246,-0.3162475824356079,1.0062291622161863,1.3430683612823486,-0.23400880344082872,1.3347539623322835,-0.0192760955542325,1.070386528968811,0.3198824226856231,-0.05629736383262153,0.29884757891505925
4539,0.0010841503972187,0.5785996317863464,0.0374397225677967,0.05004708170611476,0.06470747734872684,-0.1503761559724807,0.6958922743797302,1.3131465911865234,-0.16455980086981778,1.8869969383651666,-0.0467421784996986,0.674627423286438,0.3118568658828735,-0.2221721657153144,0.46226532619096206
4549,-0.0016935418825596,0.4403150081634521,0.048894565552473,-0.07866324561631609,0.11104451278281784,-0.1646477133035659,0.6900331974029541,1.335066318511963,-0.17872400125362517,1.9347856357298316,-0.0768806040287017,0.5367108583450317,0.3284007906913757,-0.4361864909445704,0.6118765543592912
4559,-0.0030117845162749,0.3001682758331299,0.0464115552604198,-0.21618869682760036,0.15461845570323027,-0.1788032501935959,0.7647895216941833,1.323101043701172,-0.1767015942337284,1.7300198370529467,-0.0841397643089294,0.4959827065467834,0.3207771778106689,-0.5288485218205535,0.6467507305729251
4569,8.96971250767e-05,0.5977426767349243,0.0430245958268642,0.003487766967671218,0.07197845745577229,-0.3025278449058532,0.9643568992614746,1.4189096689224243,-0.22109189068691862,1.471353261441958,-0.0929519906640052,0.7506198883056641,0.3086684644222259,-0.40118655168102046,0.41121807352982276
4579,-0.0007213250501081,0.575552761554718,0.0478298217058181,-0.026202764317822605,0.08310241024057861,-0.1558689028024673,0.8552950620651245,1.3056145906448364,-0.13958171138056966,1.5265078083023276,-0.0388065055012702,0.7330236434936523,0.3414631187915802,-0.15503963988938557,0.46582824690911506
4589,-0.0003836726536974,0.6340910196304321,0.0359785258769989,-0.01681767200167577,0.05674031765655394,-0.2237921953201294,0.7525517344474792,1.4324207305908203,-0.20760508075698336,1.9034182834519655,-0.0621998570859432,0.6729093790054321,0.3132780790328979,-0.2950548774331245,0.4655576052393957
4599,-0.0003224826941732,0.5248006582260132,0.0367788933217525,-0.016707573687482363,0.07008164480219292,-0.1642886102199554,0.6312199831008911,1.5661526918411257,-0.16618530375227406,2.481151949827925,-0.0720734745264053,0.5897161364555359,0.2915352284908294,-0.41921943278371965,0.49436535727695985
4609,-0.0006163070211187,0.1786951124668121,0.0325654596090316,-0.10590762506009745,0.18224034871171854,-0.1324701458215713,0.6599441766738892,1.282402276992798,-0.15652601652462417,1.9431981102645535,-0.0634232014417648,0.3951761126518249,0.3255133032798767,-0.4930474684745959,0.8237170538864895
4619,-0.0022728471085429,0.6447988748550415,0.0400101877748966,-0.0880998890966626,0.062050647628520396,-0.2884405255317688,1.074591875076294,1.4549013376235962,-0.18449269819036068,1.3539106067783184,-0.0818802267313003,0.7219848036766052,0.3267539143562317,-0.34708047330106684,0.45257727405380793
4629,-0.0009037933778017,0.6460703015327454,0.0390214286744594,-0.03584975656623627,0.06039811547115611,-0.252501517534256,0.8224886655807495,1.512017846107483,-0.20303791905078133,1.8383449029536048,-0.031196229159832,0.8470250368118286,0.3022020757198334,-0.12187325522193018,0.3567805703327389
4639,0.008177918381989,1.002375841140747,0.0494439415633678,0.16500575684150018,0.04932674904365059,-0.2893096208572387,0.9693295359611512,1.6462762355804443,-0.18129620820533307,1.6983659060260223,-0.0576219633221626,0.9117891788482666,0.3289381563663482,-0.19212300200079835,0.3607611978701578
4649,0.0013427436351776,0.673962414264679,0.0308573581278324,0.06456522728065395,0.045784983664851786,-0.1753514111042022,0.8097032308578491,1.5586276054382324,-0.13894439401841488,1.9249368732133216,-0.0416622534394264,0.7660813927650452,0.2900530099868774,-0.18749533464954077,0.378619051090614
4659,-0.0011867788853123,0.5446280837059021,0.0342430844902992,-0.06363512500451325,0.06287425403643045,-0.0526152253150939,0.7657448053359985,1.314428687095642,-0.05227455522077139,1.7165362114587097,-0.0475485809147357,0.7274288535118103,0.3258667290210724,-0.20058895474977004,0.4479705849553323
4669,0.0003767405287362,0.5642087459564209,0.0299890376627445,0.022265886930708186,0.05315237999706732,-0.2596242725849151,0.8155741095542908,1.4990123510360718,-0.21236192376007715,1.8379842291159516,-0.065494917333126,0.6862189173698425,0.2886513471603393,-0.3306521289153447,0.42064032315910144
4679,-0.0003973925486207,0.586251437664032,0.0396996289491653,-0.017074553320395935,0.06771775111947154,-0.0999568700790405,0.7933584451675415,1.2100372314453125,-0.1041224710680769,1.5252087361215103,-0.0404386855661869,0.6720860004425049,0.3132539689540863,-0.19207710407819173,0.4660920905179371
4689,0.0004134199698455,0.6811733841896057,0.0268570054322481,0.022598322061574326,0.03942756140450199,-0.1857668310403823,0.7702128887176514,1.5406649112701416,-0.1565486039964908,2.0003104775813827,-0.0500070080161094,0.7107850313186646,0.2804419994354248,-0.2508704696620777,0.3945524836322769
4699,-0.0024085640907287,0.6147611737251282,0.0383412800729274,-0.10218453378452082,0.062367764445173855,-0.2701003551483154,0.7757596969604492,1.5137646198272705,-0.23000622584272995,1.9513318695962716,-0.0641412883996963,0.6485024094581604,0.3095183968544006,-0.3195505857777139,0.47728179932748555
4709,0.0004378343001008,0.7560381293296814,0.0417663231492042,0.013865637380271594,0.05524367294310283,-0.2250009179115295,0.8612766265869141,1.561458945274353,-0.16730582367832678,1.8129586907079283,-0.0479390174150466,0.9077512621879578,0.3205841779708862,-0.16473283869465175,0.35316302088986407
4719,-0.0016866885125637,0.6864513754844666,0.0488772951066494,-0.050271048537901576,0.07120285114463351,-0.1672418117523193,0.7922975420951843,1.4523829221725464,-0.14533674232842733,1.8331281431617281,-0.0559553168714046,0.6921859383583069,0.3281793892383575,-0.24632431549214434,0.47412027759003234
4729,0.0014072316698729,0.6997932195663452,0.0327628478407859,0.06137821093025996,0.04681789838016536,-0.0700260996818542,0.8836199641227722,1.412058711051941,-0.056123101572520796,1.5980384875683344,-0.0426307320594787,0.8039750456809998,0.2924836277961731,-0.18129200856073063,0.3637968981343538
4739,-0.0007165339775383,0.3474869430065155,0.0381823927164077,-0.05400514775167751,0.10988151780912173,-0.2945201396942138,0.7456084489822388,1.4763771295547483,-0.26755117844527215,1.9800971026683165,-0.0586153417825698,0.6114997267723083,0.3136476576328277,-0.30561381753324096,0.5129154501644025
4749,-2.78216884908e-05,0.3712337613105774,0.0293495953083038,-0.002553488467543271,0.07905960709147268,-0.2262180149555206,0.885633647441864,1.297010064125061,-0.19693809518949315,1.4644995341713247,-0.0561336316168308,0.5449444055557251,0.2963519394397735,-0.34758671414667847,0.5438205006207171
4759,0.0023695544805377,0.7776087522506714,0.0427078939974308,0.07135056265336862,0.05492208501231401,-0.0751372948288917,0.7615086436271667,1.5182429552078247,-0.06498893846566925,1.993730429606461,-0.0057536829262971,0.7643348574638367,0.336806446313858,-0.022350223171946355,0.44065299786460865
4769,-0.0011376716429367,0.5682081580162048,0.0433033034205436,-0.046236871434246395,0.07621028105567718,-0.1778301000595092,0.7549566030502319,1.570992350578308,-0.14993713722573662,2.0809041794337153,-0.0571074746549129,0.6502742171287537,0.3063631355762481,-0.28665525978413303,0.47112914445382126
4779,-0.0008512607309967,0.7857678532600403,0.0344221629202365,-0.031472423499600305,0.043807038907768735,-0.1576616317033767,0.8876858353614807,1.4842734336853027,-0.11966105091162992,1.6720706522042017,-0.0514660477638244,0.8567285537719727,0.3033002912998199,-0.19806363699122476,0.3540214575135387
4789,-0.0014781113713979,0.8261525630950928,0.0375130958855152,-0.04769402734916696,0.04540698360237046,-0.2605939507484436,1.0405727624893188,1.2304149866104126,-0.2035355447993584,1.1824401242897633,-0.0626347139477729,0.9988239407539368,0.3096136152744293,-0.20253780751757605,0.3099781679649422
4799,-0.0004184744320809,0.6638156175613403,0.0252715200185775,-0.024945378526267707,0.03807008957007895,-0.1954099237918853,0.9414591193199158,1.4148164987564087,-0.14670503967581758,1.5027912202692701,-0.0687956735491752,0.8745051622390747,0.2668096423149109,-0.2948473500489613,0.3050978471433765
4809,-0.0001412290584994,0.6940685510635376,0.0447709858417511,-0.004544907407689526,0.06450513536904598,-0.1412525922060012,0.8172761797904968,1.3156081438064575,-0.1313714617182099,1.6097473245136114,-0.0724261999130249,0.8515753149986267,0.3308161199092865,-0.25709046609921365,0.3884754690309688
4819,-0.0014436561614274,0.5973318815231323,0.0374160967767238,-0.06459361542159961,0.06263870711423733,-0.1919232606887817,0.725486695766449,1.4259647130966189,-0.18551942188481402,1.9655284120546712,-0.0635295212268829,0.6051521897315979,0.3231978714466095,-0.3248197901233181,0.5340770089420925
4829,-0.0014791977591812,0.5130817890167236,0.0306368116289377,-0.09410139758198023,0.05971136042004233,-0.1074873954057693,0.6972377300262451,1.247532606124878,-0.12357333104211568,1.7892499966660136,-0.0279398653656244,0.6145285964012146,0.2884527742862701,-0.1576186094228631,0.4693886923659847
4839,0.0009712424944154,0.7809777855873108,0.0319878011941909,0.038878061878796305,0.04095865693559445,-0.265618085861206,0.9481911063194276,1.5987707376480105,-0.17521673139093677,1.6861271182493194,-0.0732893198728561,0.9749571681022644,0.3261106312274933,-0.23051022663721196,0.3344871363551913
4849,-0.0006881245644763,0.463662326335907,0.0349666029214859,-0.042443560600886894,0.07541394013572246,-0.1838203370571136,0.8365412354469299,1.3146378993988037,-0.16714756584687038,1.5715159560502074,-0.0614154934883117,0.6635178923606873,0.3143367171287536,-0.29446263509085085,0.47374263866554583
4859,0.00090938876383,0.8103321194648743,0.0391300544142723,0.028679797362035932,0.048288909540094425,-0.1272842735052108,0.8489445447921753,1.282436728477478,-0.11691210461105138,1.5106248533482516,-0.0059700943529605,0.974224328994751,0.3047094345092773,-0.02011112303053442,0.3127713252898235
4869,-0.0027474765665829,0.3767911195755005,0.0481563508510589,-0.15141878900348768,0.1278064910481773,-0.1515513062477111,0.6919607520103455,1.272519826889038,-0.17211299590780202,1.8390057863715552,-0.0851189568638801,0.5822231769561768,0.3299286365509033,-0.4431153458831653,0.5666703930883478
4879,-0.001852007349953,0.4865456521511078,0.0463132224977016,-0.08218907817055592,0.09518782521833734,-0.2226594686508178,0.7450156807899475,1.5070570707321167,-0.19831065808495593,2.022852819868394,-0.0675975903868675,0.5866724252700806,0.3119964003562927,-0.36930565321903464,0.5318068259517431
4889,-0.0008791972650215,0.3501944243907928,0.033991914242506,-0.07385866930863808,0.09706583507615578,-0.1957782208919525,0.6029232740402222,1.456804633140564,-0.22289535327126742,2.416235524262375,-0.0583454109728336,0.4683385193347931,0.2842666208744049,-0.4382490241193494,0.6069682700414316
4899,0.00264283712022,0.6796972155570984,0.0314215682446956,0.1237448263342007,0.04622877293817016,-0.0636602193117141,0.7433828711509705,1.6490057706832886,-0.05193180348625162,2.218245583369648,-0.0271078720688819,0.7866266369819641,0.302568256855011,-0.11389467394227011,0.38464023798617986
4909,-0.0016645324649289,0.5687417387962341,0.0378800332546234,-0.07726215494311349,0.06660322369657287,-0.1891198456287384,0.7916735410690308,1.2248735427856443,-0.19502923637061806,1.547195250622681,-0.077479213476181,0.6192314624786377,0.3130583763122558,-0.3996748868381252,0.5055595448253822
4919,-2.72136858256e-05,0.6361842751502991,0.0297810342162847,-0.001436364493128233,0.046811962161826315,-0.1791019886732101,1.042436599731445,1.45631742477417,-0.11797628361335802,1.3970321314018999,-0.0797700732946395,0.9230127334594728,0.2905257642269134,-0.2974730637781982,0.3147581324669446
4929,0.0025945717934519,0.9286576509475708,0.0460650213062763,0.06065111299517066,0.049603878522158425,-0.0563126094639301,0.9073270559310912,1.408501386642456,-0.04406406022898745,1.552363480660305,-0.0190862007439136,1.1009955406188965,0.3214432001113891,-0.05392990861234446,0.29195685927183507
4939,-0.0010310788638889,0.6010030508041382,0.0292923189699649,-0.05856814285642323,0.04873905204103701,-0.3730055093765259,0.8053514361381531,1.387244701385498,-0.33386949045481806,1.722533342757366,-0.0564615912735462,0.6608971357345581,0.2918040752410888,-0.29277088891407566,0.44152722029391367
4949,-0.0010884264484047,0.5049605369567871,0.0364820286631584,-0.05908301745031561,0.07224728665535386,-0.197826862335205,0.7556941509246826,1.4565019607543943,-0.1797331262586588,1.9273696362108785,-0.0530473366379737,0.5692277550697327,0.3185755610466003,-0.29252639538543074,0.55966273290306
4959,-0.0015702685341238,0.5297636985778809,0.0378976427018642,-0.07821310650262783,0.07153688107282204,-0.3876903355121612,0.8848004937171936,1.61263906955719,-0.2717080097650673,1.8226019097053459,-0.0684306174516677,0.7168143391609192,0.3192078173160553,-0.2990682130065277,0.4453144976001877
4969,-0.001083146315068,0.5758921504020691,0.0469627417623996,-0.0400490781325624,0.0815478067023691,-0.2357917129993438,0.7279796004295349,1.5055365562438965,-0.21513844377199212,2.06810267122262,-0.0646795257925987,0.5581390261650085,0.3150493800640106,-0.367828865360952,0.5644639870978476
4979,0.003323814831674,0.691322386264801,0.0382875949144363,0.12557353340148758,0.05538312612919031,-0.1660985648632049,0.7986211776733398,1.4405720233917236,-0.14437436303881832,1.8038239701939898,-0.0590195022523403,0.6680998802185059,0.3042236268520355,-0.2903763280467093,0.45535650560592444
4989,-0.0003091676626354,0.5776214003562927,0.0312210619449615,-0.01714364308807492,0.05405108246630663,-0.1543144434690475,0.7388840317726135,1.325558304786682,-0.1575547354936245,1.794000476105313,-0.0539662912487983,0.7056271433830261,0.2918830215930938,-0.26202242455234387,0.4136505013025765
4999,-0.0025599389337003,0.6158782243728638,0.043822918087244,-0.09484915441066538,0.07115516729280043,-0.1440818607807159,0.7784382104873657,1.3702422380447388,-0.13507899240094667,1.7602453471379,-0.0594776347279548,0.7199234962463379,0.3054280281066894,-0.2704945088638948,0.4242506734384738
5009,0.0002286524977535,0.5591909289360046,0.0442528985440731,0.0092400455059478,0.07913736839092668,-0.1524559259414672,0.7057663202285767,1.407799243927002,-0.15344143547556385,1.9947101520387907,-0.051855344325304,0.5726107954978943,0.3266060054302215,-0.27727443230814525,0.5703804538757121
5019,-0.0019394126720726,0.5266115069389343,0.0426626801490783,-0.08632403838665416,0.0810135737387627,-0.1802023351192474,0.8217412829399109,1.339754939079285,-0.16368163023403656,1.6303853376893727,-0.0570594072341918,0.6639866828918457,0.3006357252597809,-0.28584282736107264,0.4527737272537291
5029,0.0001513090537628,0.6503311991691589,0.0400110855698585,0.0058150036434188755,0.061524167410352305,-0.1477877646684646,0.7527435421943665,1.5871570110321045,-0.12370052707085985,2.1084963497731124,-0.046525415033102,0.735888659954071,0.3117623627185821,-0.2027937010662142,0.42365425598220263
5039,0.0011872539762407,0.7178577184677124,0.0342905037105083,0.04823156941231101,0.0477678275629638,-0.1813904643058776,0.8706472516059875,1.245067834854126,-0.16733207840016798,1.4300485444104782,-0.0227996576577425,0.846889853477478,0.2867737710475921,-0.09387759801776357,0.33861991600212094
5049,-0.0019933232106268,0.4823111593723297,0.0361653789877891,-0.1142766216265468,0.0749835003503838,-0.2589878141880035,0.7718179821968079,1.5512410402297974,-0.2163142606096206,2.009853457695473,-0.0945200100541114,0.7021216750144958,0.3193133175373077,-0.42159392765271886,0.4547834497926805
5059,0.0021218471229076,0.6689944863319397,0.0371386371552944,0.08540151774249095,0.055514115458444986,-0.1327868849039077,0.6623503565788269,1.3949047327041626,-0.1437218704117496,2.1059922725929017,-0.0385160744190216,0.6693792939186096,0.3152446746826172,-0.18252484325092755,0.4709507413011614
5069,-0.0015680606011301,0.7165590524673462,0.0339963436126709,-0.06436927918239888,0.04744388267179155,-0.1949493288993835,0.8975045680999756,1.6149502992630005,-0.13450112456367183,1.7993783615852377,-0.0352897234261035,0.9399167895317078,0.2843242287635803,-0.1320519982725897,0.30249936157139873
5079,-0.0006260751397348,0.5824990272521973,0.034270703792572,-0.031362323581883955,0.05883392450324942,-0.2058001160621643,0.7342435121536255,1.505768060684204,-0.18614330330919632,2.0507747576381075,-0.0513906590640544,0.6914466619491577,0.2995249629020691,-0.24813754433562837,0.43318592652934557
5089,-0.0012762441765516,0.2740083038806915,0.0313095785677433,-0.14876228037963624,0.11426507198619827,-0.1952194422483444,0.5606628060340881,1.4644043445587158,-0.23777178202710755,2.611916340442388,-0.0508193597197532,0.3885966539382934,0.2987856864929199,-0.437693748567901,0.7688838374309963
5099,-0.0019165574340149,0.3799189627170563,0.0442175716161727,-0.11408695258206196,0.11638685076402366,-0.2004212737083435,0.7379608750343323,1.289247989654541,-0.21065608943026437,1.7470411146045663,-0.0754304453730583,0.6098082661628723,0.3224145770072937,-0.3836530860921403,0.5287146713114261
5109,-0.0027534281834959,0.3055035769939422,0.0568678267300128,-0.15848597004942727,0.18614455283821577,-0.1860617399215698,0.6916840672492981,1.3066737651824951,-0.20586481878088447,1.8891193639588943,-0.0696607157588005,0.5452743172645569,0.3280248939990997,-0.3894628934269831,0.6015777446564536
5119,-0.001336567569524,0.5789268612861633,0.039254542440176,-0.05881353710545183,0.06780570235239525,-0.2213191241025924,0.8145561814308167,1.4663846492767334,-0.18528915186836836,1.8002253039206468,-0.0531461015343666,0.5487452149391174,0.3182790875434875,-0.3042934207099999,0.5800125064941115
5129,-6.08594054938e-05,0.2853807806968689,0.0368389561772346,-0.005788894940507968,0.12908702571798236,-0.140327513217926,0.5664586424827576,1.3893663883209229,-0.17830266467887573,2.4527234366685717,-0.0504651144146919,0.3580257296562195,0.314814805984497,-0.4477358549633888,0.8793077701057572
5139,0.0021081934683024,0.7868555784225464,0.0399888828396797,0.06700020998583422,0.05082112135475694,-0.1822207123041153,0.9793813228607178,1.4056756496429443,-0.13236123194827895,1.435268997714848,0.0029649746138602,0.9643117785453796,0.3085891604423523,0.009963750431076498,0.32000973887080897
5149,-0.0003425026370678,0.5230540037155151,0.0420040301978588,-0.015589293258414048,0.08030534113013778,-0.2171362042427063,0.7955986857414246,1.7301383018493652,-0.1577456398298834,2.1746369530978247,-0.0647998601198196,0.6278587579727173,0.3025112748146057,-0.3411697726162703,0.4818142153362316
5159,-0.0012868728954344,0.4887681603431701,0.0342720672488212,-0.0768232091951255,0.07011927132233484,-0.216666042804718,0.932508647441864,1.40897536277771,-0.16490528879799013,1.5109515248388627,-0.0833755955100059,0.8077805638313293,0.2903558611869812,-0.35547982062209577,0.35944893228157654
5169,-0.0011810850119218,0.577201247215271,0.0441741459071636,-0.04632183296069064,0.0765316189462227,-0.1666359603404998,0.8117138147354126,1.5520068407058716,-0.13227329134359844,1.91201235279181,-0.0628800243139267,0.660210907459259,0.3440415561199188,-0.2768337925699587,0.5211085612685811
5179,-0.0004797982983291,0.6780988574028015,0.0294136088341474,-0.024055665614735787,0.04337657925985156,-0.216718703508377,0.7949873208999634,1.4223487377166748,-0.19165938931028428,1.7891464433753592,-0.0474493093788623,0.7724096179008484,0.2676650881767273,-0.2295041237426582,0.3465325676603454
5189,5.50262520846e-05,0.7810380458831787,0.0332498028874397,0.0021188912553328824,0.04257129734293755,-0.2727091312408447,0.9851444363594056,1.5225977897644043,-0.18180866415906527,1.5455579238625696,-0.0476156324148178,0.9667372107505798,0.3074636161327362,-0.16019442236870873,0.3180426001126199
5199,-0.0019295583479106,0.7634315490722656,0.0433619767427444,-0.058287944478416884,0.0567987749464095,-0.1190796494483947,0.8990517258644104,1.337590217590332,-0.09902156467817075,1.4877789331912805,-0.0701308250427246,0.8603365421295166,0.3255085051059723,-0.25042532029403725,0.3783502027012235
5209,-0.0004451055428944,0.6182833909988403,0.0343994684517383,-0.020927805510359544,0.05563705729854034,-0.1072307825088501,0.7881506085395813,1.1529890298843384,-0.11800083617315474,1.462904446677763,-0.0505934283137321,0.6845483779907227,0.2854785025119781,-0.25889076174283426,0.4170318880163164
5219,0.0006571650155819,0.7291796207427979,0.0303758345544338,0.029669600216480265,0.04165754731802661,-0.2807246744632721,0.8569039702415466,1.505672812461853,-0.21757942431024094,1.7571079896355593,-0.0330285392701625,0.8622425198554993,0.2862819135189056,-0.1338030521191955,0.33202017637321196
5229,-0.0005968221230432,0.3633979558944702,0.0338994599878788,-0.0484473083183525,0.09328467438524368,-0.2239951491355896,0.7184044122695923,1.4221704006195068,-0.2192390879962079,1.9796236998692256,-0.0520775020122528,0.4439270198345184,0.3051806092262268,-0.3843984513543824,0.6874567115558504
5239,-0.0002561815781518,0.3951483070850372,0.0409918501973152,-0.01581576670216946,0.10373788641461552,-0.2046950310468673,0.7405303716659546,1.3919700384140017,-0.19857955715353828,1.8796933814915895,-0.0435307584702968,0.4741812944412231,0.3027897477149963,-0.3031870520234906,0.6385527039226733
5249,-0.0009142302442342,0.42711141705513,0.0409138351678848,-0.05231716626021223,0.09579194920608687,-0.2212380170822143,0.7892876267433167,1.411741018295288,-0.1985497887332719,1.788626820516976,-0.0806622207164764,0.6096231341362,0.3163855075836181,-0.4182078236569058,0.5189854024026134
5259,-0.0009820585837587,0.5501552820205688,0.0384564511477947,-0.04641762386401609,0.06990108502922075,-0.1237277463078498,0.7140166163444519,1.4500794410705566,-0.11949974772814351,2.0308763239916217,-0.0429323241114616,0.6940021514892578,0.3080882132053375,-0.2007929679150573,0.44392976670780004
5269,-0.0020509110763669,0.6498671770095825,0.0447233878076076,-0.0705647056110433,0.0688192747530441,-0.2095860987901687,0.9438939690589904,1.4319860935211182,-0.15506024370563742,1.5171048237004083,-0.0950016379356384,0.8030564188957214,0.3250041604042053,-0.3639955840126245,0.40470900021086537
5279,-0.0002560205466579,0.5273348689079285,0.040370762348175,-0.012026005022962912,0.0765562164166763,-0.077069342136383,0.701431155204773,1.4718773365020752,-0.07464916973652376,2.098391731790672,-0.0353999249637126,0.666837751865387,0.2900310456752777,-0.18303648807982245,0.43493495211384736
5289,-6.2394738051e-06,0.590086042881012,0.0405329503118991,-0.00026087016142697055,0.0686898983646566,-0.1213322356343269,0.7771072387695312,1.3110536336898804,-0.11908986059548315,1.6870948670685373,-0.0445178523659706,0.6442258358001709,0.3079138398170471,-0.2244227385888798,0.47795947120717047
5299,-2.67380110017e-05,0.5462351441383362,0.036060232669115,-0.0013574409122893841,0.06601595129145078,-0.222262755036354,0.7798295021057129,1.518450140953064,-0.18770096089938326,1.9471565731392713,-0.042153213173151,0.6516833305358887,0.2999426424503326,-0.21565317636567682,0.4602582702302442
5309,-0.0014567889738827,0.5374097228050232,0.0306688528507947,-0.08838805851673867,0.05706791587379155,-0.2980201542377472,0.8245368599891663,1.4315061569213867,-0.25248892880231727,1.7361336119530126,-0.0912913382053375,0.7251216769218445,0.3085122406482696,-0.4080809157884567,0.42546271952303233
5319,0.0008022420224733,0.577821671962738,0.031473122537136,0.04411352351508042,0.054468574067546585,-0.1562499105930328,0.8305807709693909,1.3930944204330444,-0.13503842136616226,1.677253398013453,-0.0339560322463512,0.6396284103393555,0.2822659611701965,-0.1880748320418589,0.44129678514505005
5329,-0.0007587156724184,0.6142909526824951,0.0376461185514926,-0.032808375776394345,0.06128385643171034,-0.1877237856388092,0.8630231618881226,1.3375989198684692,-0.16261887141722783,1.5498992135298775,-0.0754231661558151,0.8010255098342896,0.3130825459957123,-0.3007457893304352,0.3908521540849312
5339,-0.0010220832191407,0.3898690640926361,0.0417112000286579,-0.06285137711559238,0.10698771426179886,-0.2772617042064667,0.6660044193267822,1.5431877374649048,-0.26977022472149276,2.3170833296043387,-0.0605494417250156,0.5804554224014282,0.309490829706192,-0.3370493433570246,0.5331862151029335
5349,-0.0005857140058651,0.5945130586624146,0.0371532142162323,-0.026517209459334615,0.06249352083169161,-0.173053354024887,0.7175131440162659,1.3094433546066284,-0.18418889555519286,1.8249747276782202,-0.0480487197637558,0.6088926792144775,0.3052257895469665,-0.25853529576265577,0.5012801105454795
5359,0.0004409612738527,0.709395706653595,0.0362121686339378,0.017165535669230524,0.05104650097864289,-0.0671396926045417,0.7947434186935425,1.2584762573242188,-0.06712856785081636,1.583500067723737,-0.0381834208965301,0.7748879194259644,0.3261308670043945,-0.15109289393452313,0.4208748889077941
5369,-0.0003058721777051,0.7674224972724915,0.0387101732194423,-0.010296279750914319,0.05044180142883841,-0.2440295964479446,1.005987286567688,1.4271845817565918,-0.16996905672537732,1.4186904753299419,-0.0569301024079322,0.9482996463775636,0.3055835962295532,-0.19645647120496584,0.32224370998856805
5379,-0.0005154808168299,0.3044652342796325,0.0346140228211879,-0.04891282234241853,0.11368793190160113,-0.1082214191555976,0.6336285471916199,1.2346705198287964,-0.1383335144414786,1.9485714860877494,-0.0451696068048477,0.5113636255264282,0.2743247747421264,-0.32199671897846877,0.5364573486425048
5389,-0.000601967156399,0.5571239590644836,0.0323643013834953,-0.03338525703036188,0.05809174216424129,-0.2494938969612121,0.7549076080322266,1.5508140325546265,-0.21311126263998964,2.054309714266945,-0.0264911241829395,0.6944566965103149,0.301055908203125,-0.1267091751580796,0.4335128593560237
5399,0.00064587011002,0.6317794919013977,0.0297385938465595,0.03437630806497466,0.04707116047255428,-0.2164641320705413,0.9557508230209352,1.4431931972503662,-0.1569339083211515,1.510009892210947,-0.0615142285823822,0.7832282185554504,0.2781782150268554,-0.28233462336313936,0.35516878533809
5409,-0.000676691532135,0.4134584367275238,0.04498777911067,-0.03638013694824838,0.10880846806934966,-0.2012802213430404,0.8809510469436646,1.2611290216445925,-0.18117146883190843,1.4315540301812477,-0.0677139610052108,0.651872456073761,0.2989425361156463,-0.3474784483770481,0.4585905315223508
5419,-0.0016254623187705,0.3187432289123535,0.0479970052838325,-0.10624825291120701,0.15058203886436278,-0.1563775688409805,0.6476783156394958,1.374804139137268,-0.17562011974207367,2.122665072984314,-0.0701116472482681,0.5794146656990051,0.3122902512550354,-0.38747372706684646,0.5389754000760213
5429,0.0001417968742316,0.6339967250823975,0.0370520241558551,0.006036256753697735,0.05844198036045002,-0.1833666861057281,0.7871097326278687,1.4258123636245728,-0.16338898598781834,1.8114530979871282,-0.066232144832611,0.6626346707344055,0.3054011762142181,-0.32728338506639604,0.46088921950875056
5439,-0.0002096518292091,0.6505165100097656,0.0326926223933696,-0.009858039960964907,0.050256406855652,-0.08097605407238,0.7943094968795776,1.4431740045547483,-0.07063958797655104,1.8168912876205263,-0.0478274226188659,0.7299975156784058,0.3075095415115356,-0.21305758491607338,0.4212473808568498
5449,0.0008087936439551,0.5089240670204163,0.0485871583223342,0.03270869678890899,0.09547034905776042,-0.2002385407686233,0.6741868257522583,1.441166877746582,-0.2060882055457177,2.137637258245927,-0.0369809605181217,0.6551237106323242,0.3129126131534576,-0.18039803375803476,0.47763896814455836
5459,-0.000401916069677,0.3961199820041656,0.0279627703130245,-0.03628510839068729,0.07059166813940339,-0.1294652670621872,0.6190261840820312,1.4055432081222534,-0.14879901320093214,2.2705714948174074,-0.031550083309412,0.5708862543106079,0.2806385457515716,-0.19692624637922806,0.4915839952924873
5469,-0.0002987364714499,0.5882701277732849,0.0327381789684295,-0.015511611997550618,0.05565160871307503,-0.0423410832881927,0.6536151766777039,1.3844197988510132,-0.04679204605259343,2.1180961646085943,-0.0358952656388282,0.6648892164230347,0.2787341475486755,-0.19368576583619437,0.4192189325136104
5479,-0.0017780370544642,0.8240942358970642,0.0359499789774417,-0.060015757254521775,0.04362362629354943,-0.1755672097206115,0.9560633301734924,1.3624279499053955,-0.13478550847246423,1.425039437144987,-0.0611222982406616,0.8430052399635315,0.2972479462623596,-0.24392175654364986,0.3526050991986937
5489,-0.0002805706462822,0.4997830986976623,0.0310153793543577,-0.018100208169269563,0.06205767949171902,-0.259327232837677,0.6845561861991882,1.6079257726669312,-0.23559877614088467,2.3488587278635245,-0.0415332652628421,0.7614100575447083,0.2843143939971924,-0.19185742855606447,0.3734050938518081
5499,-0.0020338799804449,0.4982524514198303,0.0318185985088348,-0.12829059837061477,0.0638603953039546,-0.2696026265621185,1.0503625869750977,1.4987773895263672,-0.17125676736772358,1.4269142942749355,-0.0697006732225418,0.783560037612915,0.292829304933548,-0.30377369079244537,0.37371648741255487
5509,2.45932678808e-05,0.7604666352272034,0.0468840450048446,0.0006897806411741313,0.06165167915728102,-0.0685935765504837,0.940592885017395,1.4994056224822998,-0.048636534635330284,1.5941069152937195,-0.0690470039844513,0.9305731058120728,0.3225611746311188,-0.23002881912614628,0.34662636671584546
5519,-0.0007436288287863,0.6127740144729614,0.0370467640459537,-0.03275711146918428,0.06045746583725016,-0.1670802682638168,0.7668614983558655,1.679295778274536,-0.12974213310340418,2.1898293001733817,-0.0593038760125637,0.6574767231941223,0.3102575540542602,-0.29072363008353985,0.47189131281634067
5529,-0.0022211885079741,0.7400770783424377,0.0405728854238987,-0.07397288721284524,0.05482251323709474,-0.1406107991933822,0.8007625937461853,1.3450777530670166,-0.1305471843311288,1.6797459866030666,-0.0456044748425483,0.8722622990608215,0.3186384439468384,-0.16408246985322608,0.3653011763662391
5539,-0.0009192962315864,0.717063307762146,0.0384201891720294,-0.0333686380210402,0.05357991233986497,-0.1371937543153762,0.8358579874038696,1.310140609741211,-0.12528063194533764,1.567420099448278,-0.0416745394468307,0.8203627467155457,0.2934007346630096,-0.17314249904008444,0.35764755998207703
5549,-0.0010861455230042,0.3130111992359161,0.0322266072034835,-0.10767467120675889,0.10295672257782174,-0.1729359030723571,0.657902717590332,1.1803628206253052,-0.22269371704930183,1.7941297232341007,-0.0619814433157444,0.5269975662231445,0.2881180047988891,-0.40820909521199417,0.5467160064205921
5559,-0.0011148023186251,0.5259519219398499,0.0359753370285034,-0.05891785749025381,0.06840042887535583,-0.1837985515594482,0.7982659339904785,1.2806826829910278,-0.17978479170667158,1.6043308732830173,-0.0697844177484512,0.5478441715240479,0.2956463396549225,-0.430852787694956,0.5396540750492314
5569,0.0001148333394667,0.5696332454681396,0.0421753302216529,0.004779848977051691,0.07403944653369397,-0.1125105172395706,0.6858572959899902,1.2552920579910278,-0.13068164034615215,1.8302525398947542,-0.0558650195598602,0.669047474861145,0.3089115023612976,-0.27030180115757263,0.4617183592620382
5579,-0.0008141378639265,0.5366089344024658,0.024508835747838,-0.06190380905796592,0.04567355140131893,-0.1469032615423202,0.8549269437789917,1.3451982736587524,-0.12773682944135087,1.5734657603755455,-0.0657003223896026,0.7141441702842712,0.2941710948944092,-0.312738686935456,0.41192115980910665
5589,0.0018103527836501,0.5230876207351685,0.0358448587357997,0.0965521388231299,0.06852553437495211,-0.0988558903336525,0.675034761428833,1.2928688526153564,-0.113271836389994,1.915262630147766,-0.0336331576108932,0.5381815433502197,0.2945670783519745,-0.21215566627936516,0.5473377561747523
5599,-0.0006391496863216,0.4320383071899414,0.0281032882630825,-0.052640885512746906,0.06504813993433033,-0.107566088438034,0.8401298522949219,1.1967463493347168,-0.1069859747814356,1.4244778304992394,-0.0594660080969333,0.6464512944221497,0.2983926832675934,-0.3082796139308278,0.46158571549357147
5609,-0.0009151014965027,0.4752984941005707,0.0384754985570907,-0.05004014635496976,0.08095017980206241,-0.1016862988471984,0.7093266844749451,1.361933350563049,-0.10525925390457173,1.9200368185375316,-0.0501413345336914,0.6647316813468933,0.3080043494701385,-0.24490218585582868,0.46335139141563647
5619,-0.000991475302726,0.5552846193313599,0.0393601842224597,-0.04536376937622667,0.0708829001420116,-0.203389823436737,0.7674453854560852,1.504806399345398,-0.17611693177989435,1.9607993322562052,-0.048741191625595,0.6966575384140015,0.301738440990448,-0.23187085295290066,0.43312305451740396
5629,-0.0015184856019914,0.4082695245742798,0.0410573668777942,-0.09058840684130184,0.10056436840493174,-0.2294338345527649,0.6493479013442993,1.5373269319534302,-0.2298337413684361,2.3674934942745027,-0.0404426753520965,0.4099012911319732,0.2944383025169372,-0.3350937175519911,0.7183151380270691
5639,0.0002553776430431,0.6298252940177917,0.0275078043341636,0.014740317897100372,0.04367529312563071,-0.1603635400533676,0.780574381351471,1.276578426361084,-0.16093253062974797,1.6354346963717172,-0.0378884822130203,0.5797661542892456,0.265860378742218,-0.24581066999896445,0.4585648485606149
5649,-0.0014713056152686,0.3669933080673218,0.0358818769454956,-0.11172994752555547,0.0977725646673464,-0.1716572493314743,0.6851142644882202,1.2792296409606934,-0.1958621986078812,1.8671770641299912,-0.0449936054646968,0.5138317346572876,0.2956483364105224,-0.29617911634853855,0.5753796748418276
5659,-0.0007008575485087,0.5728195309638977,0.0314847268164157,-0.038860824302958466,0.05496447853905324,-0.2296908348798751,0.7709835767745972,1.577185869216919,-0.1888929120902207,2.045680241095487,-0.0518053248524665,0.7277795672416687,0.288203626871109,-0.24698757215035266,0.3960040097902436
5669,-0.0018054547253996,0.5340144634246826,0.0426108948886394,-0.07934378743044102,0.07979352209933026,-0.1500161439180374,0.7165190577507019,1.4943268299102783,-0.14010855621235271,2.0855367540415077,-0.050862617790699,0.6048371195793152,0.3480853736400604,-0.24158752093515898,0.5755026640596491
5679,-0.0014602979645133,0.3394596576690674,0.0337417125701904,-0.12749295563875093,0.09939829905527255,-0.1816126555204391,0.7150526642799377,1.548794507980347,-0.1639888346072049,2.1659866263696705,-0.0695504248142242,0.6144521236419678,0.2944872975349426,-0.3843661829425239,0.4792680929955351
5689,-6.43533057882e-05,0.5178918242454529,0.0401804000139236,-0.0030925558404999694,0.07758454204691259,-0.1635892540216446,0.8123756051063538,1.5337029695510864,-0.13129755538375285,1.8879234678031704,-0.046603325754404,0.6201778054237366,0.2979408204555511,-0.25221486600491316,0.48041193646390323
5699,-0.0006575501756742,0.4265225231647491,0.0293824188411235,-0.05246858876129924,0.06888831713530451,-0.1580427139997482,0.6110445261001587,1.5477144718170166,-0.16711320853398168,2.5328996590394537,-0.0466999635100364,0.5115113854408264,0.2692444324493408,-0.33908962717152,0.5263703606857213
5709,-0.0018524492625147,0.635638952255249,0.0347532555460929,-0.08385719375286976,0.054674521476048996,-0.1993637382984161,0.8909136652946472,1.4848382472991943,-0.15070629818058096,1.6666466181188517,-0.076875239610672,0.8643165230751038,0.2922483384609222,-0.3043418079712918,0.3381265203876331
5719,-0.00096716923872,0.4449597597122192,0.0383173003792762,-0.0567266104995976,0.08611408007784385,-0.1123808398842811,0.6854420304298401,1.3299930095672607,-0.12327419746254498,1.940343530922992,-0.0485761575400829,0.6326098442077637,0.2959223389625549,-0.2594833293494738,0.4677801676215572
5729,0.000396006333176,0.673753023147583,0.0317412838339805,0.018517268163770258,0.04711115608163689,-0.1074937880039215,0.8574572205543518,1.3589051961898804,-0.09225326515083197,1.5848081555734514,-0.0517312213778495,0.7613429427146912,0.2791488468647003,-0.24340896388167085,0.3666532270849586
5739,8.732182323e-06,0.7893229126930237,0.0428381487727165,0.0002582482518651642,0.05427201983350599,-0.0661253556609153,0.9504221081733704,1.2035337686538696,-0.057808701012773085,1.2663149965723737,-0.0512048788368701,0.8677206039428711,0.328631728887558,-0.1795651039987474,0.3787298900063855
5749,-0.0023483969271183,0.4894794225692749,0.0405203849077224,-0.11840321700102904,0.08278261156522394,-0.1259861290454864,0.9151062965393066,1.5165820121765137,-0.09077897779623766,1.6572741526441588,-0.0705393478274345,0.7633787989616394,0.3145482838153839,-0.293767688329049,0.4120474451782493
5759,8.70284638949e-05,0.666217565536499,0.0326867699623107,0.003996439402926703,0.04906320645566938,-0.1396571695804596,0.8634938597679138,1.3040767908096311,-0.12402259572202147,1.5102328477010079,-0.0312900729477405,0.7698953747749329,0.2655276656150818,-0.15306119076716726,0.34488798649128755
5769,-0.0021751669701188,0.5090090036392212,0.0375888794660568,-0.11368620148118161,0.07384717990705583,-0.2260384261608123,0.721837043762207,1.612855315208435,-0.19415460659245132,2.2343759289523994,-0.0643573179841041,0.6282104253768921,0.2751838862895965,-0.37228007951581915,0.4380441253016473
5779,0.0014524285215884,0.6443185210227966,0.0311774611473083,0.07230251538930318,0.04838827401363061,-0.0593846440315246,0.7107078433036804,1.4496395587921145,-0.05763987328575664,2.0397123409438636,-0.0330449678003788,0.6596096754074097,0.2684844434261322,-0.18659465052183782,0.4070353323127076
5789,0.0001120293236454,0.7216188311576843,0.0352201759815216,0.004407906101464442,0.04880717417673026,-0.1341165602207183,0.7717863321304321,1.4763187170028689,-0.1177077876776114,1.9128593699342302,-0.0360364019870758,0.8517606854438782,0.3193846046924591,-0.13246765682465983,0.37496988314977014
5799,0.0011359277414157,0.8971855640411377,0.0347519032657146,0.03643257219667641,0.038734354027258014,-0.1334796249866485,0.9257732033729552,1.4342039823532104,-0.10053087158683595,1.5491958258543694,-0.0224600713700056,0.9617566466331482,0.2942322194576263,-0.07936987710096903,0.30593208842138425
5809,-0.0008085540030151,0.3991880714893341,0.0410089008510112,-0.04939162867572675,0.1027307772449481,-0.2761662900447845,0.7682745456695557,1.5077301263809204,-0.23841337112205843,1.9624887156282458,-0.0584392994642257,0.5892802476882935,0.3102855682373047,-0.319610869553624,0.5265500913267227
5819,-0.0015557779697701,0.5687485933303833,0.0425091460347175,-0.06434945920198976,0.07474154052109301,-0.1874604672193527,0.9373213052749634,1.2614989280700684,-0.1585383451545709,1.3458553870169498,-0.0849340185523033,0.8362196683883667,0.2923900187015533,-0.34737515329722374,0.3496569499077582
5829,0.0006389304180629,0.4888034760951996,0.0401274263858795,0.03257451603295721,0.08209316903070522,-0.1270310878753662,0.6269077658653259,1.3974833488464355,-0.1449972366942998,2.2291689861545705,-0.0407690405845642,0.6435111165046692,0.307015597820282,-0.20635452539824245,0.4770944742771267
5839,-0.0001878285693237,0.553798496723175,0.0232370272278785,-0.01459584729834717,0.04195935410690343,-0.104962408542633,0.701083242893219,1.3484855890274048,-0.11102426105839609,1.9234314936162162,-0.042480494827032,0.6334831714630127,0.2686338126659393,-0.24962829395875982,0.4240583250941561
5849,0.0006665457622148,0.5545597672462463,0.0413715802133083,0.02905223199109777,0.07460256343287466,-0.207962691783905,0.8535932898521423,1.4092881679534912,-0.1728759708235307,1.6510066148687803,-0.0795183181762695,0.6788638830184937,0.3066302835941314,-0.3820053431776027,0.4516815392074381
5859,-0.000756773923058,0.7622799277305603,0.0265215542167425,-0.037432833590106074,0.0347924079487463,-0.13013955950737,0.921048104763031,1.3810195922851562,-0.10231214250986813,1.4994000694898206,-0.0381675288081169,0.8277148008346558,0.2749268710613251,-0.16772435542424247,0.3321516913604695
5869,-0.0030377963557839,0.7388321161270142,0.0342635959386825,-0.11999964229035351,0.046375347241662375,-0.1853342801332473,1.039181113243103,1.257554292678833,-0.14182009321665343,1.2101396731068614,-0.0776728838682174,0.8156425356864929,0.3154057562351227,-0.3019256075885777,0.3866960616143671
5879,-0.0024783867411315,0.5998222231864929,0.0492293238639831,-0.08393104952560579,0.08207319095724305,-0.1970311254262924,0.8381339907646179,1.4409186840057373,-0.163148058999951,1.719198481249051,-0.0535139292478561,0.6875388026237488,0.3234540820121765,-0.24063400001128468,0.4704521123430828
5889,-0.0020838216878473,0.3075359463691711,0.0466737411916255,-0.14517507344294459,0.1517667828514511,-0.2258726060390472,0.7484005689620972,1.3116272687911987,-0.23010127045448894,1.7525738530773702,-0.0764979273080825,0.5074388980865479,0.2891072928905487,-0.5214430288604152,0.5697381378934792
5899,-0.0024663542862981,0.5107378959655762,0.0478520430624485,-0.10091527180083351,0.0936919767270877,-0.1599456071853637,0.7365977764129639,1.344442367553711,-0.1615101139156968,1.8252055743377196,-0.076024904847145,0.7006178498268127,0.3254649937152862,-0.3334036912858589,0.4645399682519345
5909,-0.0020722756162285,0.6111570000648499,0.0407479852437973,-0.08321250310621867,0.06667351472612362,-0.2293142080307006,0.9237716794013976,1.377624273300171,-0.1801920117237694,1.4913038622193624,-0.057524099946022,0.7140975594520569,0.2995146214962005,-0.26895167604512715,0.4194309552409405
5919,-0.0012599758338183,0.3311962187290191,0.0419159159064292,-0.0907607101441903,0.12655916201967365,-0.2276857048273086,0.7236651182174683,1.3706859350204468,-0.22954094675773232,1.8940887166106888,-0.0576407760381698,0.4688225388526916,0.2895853817462921,-0.42456550119280906,0.6176865610065785
5929,-1.90495411516e-05,0.7994237542152405,0.0251826383173465,-0.0009462507623527368,0.031500988286327816,-0.1150883510708808,0.8308677077293396,1.29657244682312,-0.1068323297408762,1.560504078761822,-0.0326607152819633,0.8840199708938599,0.2585817277431488,-0.142878138234472,0.29250665851099367
5939,-0.0014393456513062,0.5875065326690674,0.0303018130362033,-0.08085070025638053,0.051576980597204364,-0.2268349528312683,0.8521730303764343,1.2265446186065674,-0.21701954000802617,1.4393140534672404,-0.0587896108627319,0.799490749835968,0.2780938446521759,-0.2644208920169685,0.3478387269761815
5949,0.0005997560219839,0.692470371723175,0.0456577911972999,0.01896961529173226,0.0659346494257696,-0.1376657485961914,0.7309684753417969,1.248178005218506,-0.15088661924771662,1.7075674906976868,-0.0495063625276088,0.79569011926651,0.3026140928268432,-0.2056022690620875,0.3803165145569503
5959,0.0003241539234295,0.5874467492103577,0.0423731245100498,0.013022437700506057,0.07213100517963117,-0.0929211601614952,0.6971911787986755,1.538815975189209,-0.086611598435821,2.207165010091967,-0.0256102569401264,0.6783455610275269,0.3050369620323181,-0.12376860078695502,0.44967783318322607
5969,-0.0002106967731378,0.5325801968574524,0.0388717837631702,-0.010177436475822909,0.0729876626891826,-0.1051548719406127,0.800301730632782,1.349223017692566,-0.0973849624538754,1.6858929151955766,-0.047682948410511,0.6619186997413635,0.2894309759140014,-0.24889343538644002,0.4372606122581111
5979,-0.0004134575719945,0.7291244268417358,0.0356732755899429,-0.015895943591230522,0.048926183620626604,-0.2355418354272842,0.9673269987106324,1.477570652961731,-0.16479593273371562,1.5274779417210638,-0.0467335879802703,0.7349318861961365,0.2979961335659027,-0.21338869416761316,0.4054744924842931
5989,0.0011004889383912,0.6019535660743713,0.0297469720244407,0.061458212527591746,0.049417386491179056,-0.0071335500106215,0.7822547554969788,1.4698415994644165,-0.006204216775167554,1.878980714576293,-0.0368591621518135,0.6095912456512451,0.2592180371284485,-0.23326067060636763,0.42523254554208345
5999,0.0001669646881055,0.3971759676933288,0.0316158048808574,0.013296502683379764,0.07960150525841707,-0.1230543851852417,0.5943768620491028,1.205919861793518,-0.1716788327759358,2.028880898284184,-0.0312817320227623,0.4175743758678436,0.2722490131855011,-0.27516338054372025,0.6519772977441127
6009,-0.0032858976628631,0.4605580270290375,0.0525780953466892,-0.1356953069831008,0.11416171744060002,-0.1863575577735901,0.7704111933708191,1.2608071565628052,-0.19185616582763743,1.6365379519556715,-0.0894355773925781,0.5885201692581177,0.3356366157531738,-0.45277207174442896,0.5703060545508131
6019,-0.0017380273202434,0.52884840965271,0.0414620265364646,-0.07926379668933833,0.07840058848563494,-0.2481249272823333,0.7360381484031677,1.5661972761154177,-0.21524030975492248,2.127875137332593,-0.0578241981565952,0.5681891441345215,0.3022097945213318,-0.3367504244415481,0.5318823804380574
6029,-0.0006171418353915,0.7290188074111938,0.0333852916955947,-0.02535660352906117,0.045794829099332336,-0.0973245054483413,0.8336673974990845,1.3421863317489624,-0.08697943374218602,1.609978194871698,-0.0376216508448123,0.8323522210121155,0.2687039971351623,-0.1682118467939741,0.32282486951068173
6039,-0.0007005467778071,0.2676699459552765,0.0280148237943649,-0.09342210172087526,0.10466182034140563,-0.1639838218688964,0.5251756906509399,1.4012854099273682,-0.22282801350280745,2.668222149030767,-0.0422711297869682,0.3491542041301727,0.2531159818172455,-0.47830730334625976,0.7249403811356602
6049,-0.0022483232896775,0.4907492697238922,0.0332406237721443,-0.13782561287067002,0.06773443349359705,-0.1796590387821197,1.0270946025848389,1.5296902656555176,-0.11434972427720896,1.489337264362816,-0.0738580897450447,0.7863728404045105,0.2927305698394775,-0.3208495889747482,0.3722541710480448
6059,-0.001158722792752,0.3891746401786804,0.0351571291685104,-0.08468794853616732,0.09033766730629937,-0.0890805423259735,0.674454927444458,1.3125813007354736,-0.10062449355056786,1.9461364241327541,-0.0511654093861579,0.5127118825912476,0.2797825038433075,-0.356683088198551,0.5456914757451803
6069,-0.0031323083676397,0.6234264969825745,0.0347289405763149,-0.14467307710165692,0.055706552006379695,-0.2167083472013473,0.8017333149909973,1.6269874572753906,-0.166135141020285,2.0293374702704727,-0.0767216980457305,0.8605509996414185,0.2850786745548248,-0.31273526900375465,0.33127458416016453
6079,-0.0017273076809942,0.4319753348827362,0.0420357957482337,-0.09512430158115892,0.09731063871886277,-0.1260842084884643,0.6398165225982666,1.367186188697815,-0.14413769837003934,2.1368410167742034,-0.0666532441973686,0.5827906131744385,0.3043934404850006,-0.3757279085705196,0.5223032657080405
6089,-0.0010720745194703,0.440065324306488,0.0368683114647865,-0.06607764818776404,0.08377917874553822,-0.1674640029668808,0.7283969521522522,1.2871692180633545,-0.17861490746596334,1.7671260351379199,-0.0561441257596015,0.6466447710990906,0.2833953201770782,-0.30636974792798155,0.4382550247725598
6099,-0.0004945446271449,0.484376311302185,0.0366424135863781,-0.027863682964669317,0.07564864905938434,-0.1438715606927871,0.7705309987068176,1.2913261651992798,-0.14459353940946332,1.6758912585820853,-0.0540426969528198,0.6361984014511108,0.2962414026260376,-0.28674686939166855,0.46564311062451247
6109,-0.0004340533632785,0.1257810741662979,0.0327611677348613,-0.10533397006017022,0.26046182187589717,-0.0941326394677162,0.4438100159168243,1.2818173170089722,-0.1654691373435641,2.888211782154104,-0.0281141847372055,0.2027895003557205,0.2762199938297272,-0.5019089243135295,1.362102048405857
6119,-0.001326443394646,0.5765218734741211,0.038770392537117,-0.059343442225864,0.06724877983117378,-0.0965251103043556,0.8110110759735107,1.3972218036651611,-0.08518206556358104,1.7228147001420202,-0.0501756370067596,0.8195484280586243,0.303356260061264,-0.2018205157606638,0.37015049956213714
6129,0.0002336438919883,0.8895596861839294,0.0292659364640712,0.008974637456191759,0.032899351126867545,-0.2697414755821228,1.0937868356704712,1.5249613523483276,-0.16171719486514685,1.3942034248506514,-0.0391163900494575,0.9057031869888306,0.2857919931411743,-0.15112030270735738,0.3155470768424036
6139,0.0018678704509511,0.9012359380722046,0.032314158976078,0.06413799700372647,0.03585538216019197,-0.109961599111557,0.7686004042625427,1.5329854488372805,-0.09332594707093574,1.9945155380293489,-0.0274205654859542,0.9164142608642578,0.2747972011566162,-0.10888605488652653,0.29986133225104844
6149,-0.0008867499418556,0.6738637685775757,0.0304890163242816,-0.0431604187285365,0.04524507436961523,-0.2002489268779754,0.909317910671234,1.3404619693756104,-0.1642857727948419,1.4741400709748667,-0.0647505149245262,0.6944403648376465,0.281375527381897,-0.33137668409660354,0.4051831397324951
6159,0.0004225020238664,0.7481197714805603,0.0305764805525541,0.01847013908486093,0.04087110342243992,-0.0946970582008361,0.8573379516601562,1.542779564857483,-0.07159464845945764,1.7994999076735514,-0.0174562893807888,0.904476523399353,0.3052051067352295,-0.06323577390350547,0.33743839540263276
6169,-0.0002793270978145,0.6911522150039673,0.0296383500099182,-0.01363594819011833,0.04288252191993347,-0.0854768455028534,0.8319330811500549,1.2993855476379397,-0.07907187919912795,1.561887100151954,-0.0305174104869365,0.7938256859779358,0.2825647592544555,-0.13605187620118822,0.3559531572808156
6179,-0.0007413896382786,0.5125228762626648,0.034211166203022,-0.042282959625065335,0.06675051551355338,-0.1230772137641906,0.69731605052948,1.1919664144515991,-0.14807576183185778,1.709363227114198,-0.0358556509017944,0.565855860710144,0.2832898199558258,-0.22367673982126862,0.5006395437882354
6189,-0.0023276060819625,0.444801926612854,0.0546090751886367,-0.09582481773569747,0.12277166963839899,-0.2271657586097717,0.956525444984436,1.411881923675537,-0.1682085100869123,1.4760526560780727,-0.1466868221759796,0.7716972827911377,0.3552670478820801,-0.5350436348680413,0.4603709975459823
6199,-0.0009388444013893,0.5106524229049683,0.0335874632000923,-0.05473826406166085,0.06577362936813654,-0.2605684399604797,0.7470247149467468,1.77450692653656,-0.19656633644405658,2.3754326878770797,-0.0469517633318901,0.6932538151741028,0.3013702630996704,-0.22472906341580598,0.43471850641598664
6209,-0.0008639299194328,0.3376561105251312,0.0307437852025032,-0.08322361261784007,0.09105058147678624,-0.1377519965171814,0.6083064079284668,1.228899598121643,-0.18427189773667071,2.0201983442958475,-0.0620457977056503,0.5106202363967896,0.2894314229488373,-0.41982536132853,0.5668232520340767
6219,-0.0011098873801529,0.5494987964630127,0.0490315370261669,-0.041194255678622185,0.08922956217879044,-0.0906868129968643,0.5648927092552185,1.3175512552261353,-0.12184582451113493,2.33239203416744,-0.0387376919388771,0.5998948812484741,0.3165793716907501,-0.20397454454161526,0.5277247424280391
6229,-0.002371999900788,0.7146328687667847,0.0428089834749698,-0.07753481659524816,0.05990346280719451,-0.2182316780090332,0.940200686454773,1.3210910558700562,-0.17569705249146939,1.4051160299100733,-0.0627235546708107,0.870811939239502,0.2951999604701996,-0.2440000935991295,0.3389939287327684
6239,-0.0005215876735746,0.5774500966072083,0.0467243939638137,-0.019331661587419745,0.08091503359050688,-0.1747391372919082,0.7816528081893921,1.3663980960845947,-0.1636059321200709,1.748088258327501,-0.0695840492844581,0.7086034417152405,0.3123559951782226,-0.3143812197245272,0.4408050776921657
6249,-0.0007871761335991,0.6706298589706421,0.0472321100533008,-0.0248514472017478,0.07042947673966969,-0.1405221074819564,0.9452818036079408,1.486611247062683,-0.0999967631715601,1.5726646185175703,-0.041953656822443,0.7452634572982788,0.3113119304180145,-0.18082739672084785,0.41772064277320026
6259,-0.0011555575765669,0.4920386373996734,0.0287009235471487,-0.08182697765549098,0.058330629681496944,-0.2124335765838623,0.7242451310157776,1.4339104890823364,-0.204557560248262,1.9798690079852244,-0.051283124834299,0.5660830140113831,0.2657827138900757,-0.3408533957056483,0.46951190428181827
6269,-0.000653811788652,0.7223942279815674,0.0333419889211654,-0.027144820666304467,0.04615483849355473,-0.1918864846229553,0.8896432518959045,1.7626869678497314,-0.1223638982109914,1.9813413568790605,-0.0336137004196643,0.8875145316123962,0.2943909764289856,-0.12865194560818258,0.3317027112718362
6279,-0.0022387253120541,0.454750657081604,0.0332780219614505,-0.14793467104860064,0.07317861215421803,-0.1676245778799057,0.8629311323165894,1.2829800844192505,-0.1514054975729709,1.4867699592376682,-0.0597196854650974,0.5858501195907593,0.278391569852829,-0.36616338036890056,0.4751924776379616
6289,0.0002249716199003,0.7045988440513611,0.0404452942311763,0.007894376044321477,0.05740187423331634,-0.2143269032239914,0.8235522508621216,1.6508077383041382,-0.15764820654600384,2.0044966625687906,-0.0289861932396888,0.8077801465988159,0.3160715997219085,-0.11353049558217208,0.3912841892100692
6299,0.0024481792934238,0.7138236165046692,0.0330113135278224,0.1038937692625516,0.04624575702533718,-0.1107181757688522,0.781968355178833,1.532799482345581,-0.09237286169608107,1.9601809615365267,-0.0359821580350399,0.6983909606933594,0.2818967700004577,-0.18276730050813522,0.4036374836819077
6309,-0.0013019350590184,0.7872642874717712,0.037998292595148,-0.04352158349023196,0.04826624705303999,-0.1868003755807876,0.8752411007881165,1.3793604373931885,-0.15472919852214279,1.5759776776377783,-0.0488245896995067,0.8190951943397522,0.3138628005981445,-0.1899172350096347,0.383182324554034
6319,-0.0005142755107954,0.5242233276367188,0.0268176533281803,-0.036581265794022315,0.05115692475777166,-0.1188774034380912,0.7424179315567017,1.4210838079452517,-0.11267593397407401,1.9141291549431243,-0.0449818819761276,0.5730462074279785,0.267759621143341,-0.29315877229545834,0.46725659758771465
6329,0.000733787077479,0.763444185256958,0.029698047786951,0.032364199221204655,0.0389000903542874,-0.1582626849412918,0.8106922507286072,1.3882381916046145,-0.14062369965919558,1.7124108320474751,-0.0276694968342781,0.7400110363960266,0.2865720987319946,-0.13047555731216995,0.38725381735878833
6339,-0.0005421240348368,0.4780018031597137,0.0246460698544979,-0.046017333751373894,0.0515606210930191,-0.1514273881912231,0.8291645646095276,1.4059165716171265,-0.1298985035668737,1.6955820733598335,-0.0412038005888462,0.646636962890625,0.2663719952106476,-0.23921487788307688,0.411934378170867
6349,-0.0009281028760597,0.4794081747531891,0.0360104776918888,-0.05376031450870889,0.07511444232344988,-0.1560631692409515,0.8715313673019409,1.5781967639923096,-0.11346351959686315,1.8108318566640245,-0.0702146813273429,0.7960565686225891,0.3188040554523468,-0.27666878413460233,0.4004791468575797
6359,-0.0028213656041771,0.3307057917118072,0.0493931956589221,-0.17272310690809983,0.1493569114809023,-0.2510743141174316,0.7349675297737122,1.4988319873809814,-0.22791934029159056,2.0393172849995893,-0.0723338425159454,0.4631300270557403,0.3353694379329681,-0.46570951788468723,0.7241366751039973
6369,-0.0002587925991974,0.2953413724899292,0.0300896428525447,-0.029121284738981092,0.10188089328247,-0.0946379378437995,0.5061668157577515,1.3876607418060305,-0.13473744173728075,2.7415087251989214,-0.0242262501269578,0.3313453495502472,0.2868988215923309,-0.25484525557174187,0.8658604141623054
6379,1.05733333839e-05,0.7224180102348328,0.0498773492872715,0.0002934404610735255,0.06904222843372651,-0.0569980069994926,0.9546708464622498,1.543746829032898,-0.038674965185572244,1.6170461628252328,-0.046562410891056,0.9168809056282043,0.3089965283870697,-0.16434970556483983,0.337008357890668
6389,-0.0019008549861609,0.7465853691101074,0.0445857308804988,-0.05710493233724623,0.05971953473136337,-0.2088965624570846,0.9701529741287231,1.3842628002166748,-0.15555089916692294,1.4268500299757945,-0.0500576496124267,0.7757061719894409,0.3283533155918121,-0.19653133357565045,0.42329599460281425
6399,-0.0016473439754918,0.374459445476532,0.0350348874926567,-0.12556794157678186,0.09356123317458792,-0.1149752587080001,0.6652578115463257,1.421759843826294,-0.12155929392081531,2.137156180882047,-0.0544807091355323,0.5067834258079529,0.2788527905941009,-0.38551861569038354,0.5502405493027568
6409,0.0012920873705297,0.7090153098106384,0.0378224328160285,0.04818222023063683,0.05334501567551481,-0.0423130914568901,0.8619293570518494,1.2259105443954468,-0.040044631656627284,1.4222865648625334,-0.0428912043571472,0.7553549408912659,0.3096130490303039,-0.18339939998848034,0.4098908106233901
6419,-0.0009320595418103,0.4874631464481354,0.0325321555137634,-0.058774511704470955,0.06673767186464571,-0.1849856674671173,0.7670126557350159,1.2771576642990112,-0.18883871526162188,1.665106376993391,-0.0564586780965328,0.6094916462898254,0.2899927794933319,-0.3194300455439468,0.4757945104885565
6429,-0.0007781189633533,0.5718412399291992,0.0365548953413963,-0.03722416650865706,0.06392490220873583,-0.240728422999382,0.759626030921936,1.5405876636505127,-0.20570323237105492,2.0280869808802446,-0.0446929298341274,0.6197806596755981,0.295293778181076,-0.24420047774504436,0.4764488429433033
6439,0.0001950571604538,0.5512871742248535,0.0298385508358478,0.011857859002599171,0.05412524040270443,-0.1711761951446533,0.8499700427055359,1.476269006729126,-0.13641880705351286,1.7368482800052818,-0.0507816486060619,0.7180376052856445,0.2825609445571899,-0.25029229036347705,0.3935183094550926
6449,-0.0013882239582017,0.2368473410606384,0.0393439121544361,-0.14897502946844038,0.16611506795156777,-0.0993843004107475,0.4845107793807983,1.2450393438339231,-0.16475221636306742,2.5696834762377745,-0.0507016330957412,0.3593440949916839,0.3047960102558136,-0.46291596367942367,0.8482009708907762
6459,-0.0003745269787032,0.4924783706665039,0.0284923538565635,-0.026691170313427878,0.05785503598463196,-0.2014115154743194,0.847412645816803,1.3725016117095947,-0.1731715297821551,1.6196378688527473,-0.0634996145963668,0.5399929285049438,0.296902447938919,-0.396067528667358,0.5498265482122897
6469,-0.0005133037921041,0.726647138595581,0.0385105162858963,-0.01834305059638794,0.052997547558402365,-0.079061359167099,0.8830149173736572,1.4153701066970823,-0.06325956727704489,1.6028835740474283,-0.0384725034236907,0.7658069729804993,0.2951273918151855,-0.17022432108753988,0.38538091481010933
6479,-9.95344889815e-05,0.7246003150939941,0.0388973467051982,-0.003531466530829641,0.053681106528572914,-0.1356356590986251,0.8267847299575806,1.3055611848831177,-0.1256562819999927,1.5790823627694497,-0.0492628514766693,0.7941386699676514,0.3022520542144775,-0.20523618872132576,0.3806036220686615
6489,0.0011452020844444,0.6030011773109436,0.0444357171654701,0.042739730166560845,0.07369092936705227,-0.1238622069358825,0.7834725379943848,1.3092572689056396,-0.12075080696339403,1.6710952910451895,-0.051864817738533,0.759049654006958,0.2987669706344604,-0.2287020649424181,0.3936066225144761
6499,-0.0008673616102896,0.6543086767196655,0.0436426475644111,-0.03037431046776975,0.06670039557355514,-0.083313375711441,0.7400385737419128,1.4052261114120483,-0.0801150601524841,1.8988552235955722,-0.0364012196660041,0.7600618004798889,0.3159839510917663,-0.15156607497919902,0.4157345506539862
6509,-0.0003989710239693,0.5868399143218994,0.0345007851719856,-0.019705739233111006,0.058790795121445805,-0.0042030601762235,0.8662384748458862,1.4849494695663452,-0.0032675065206943113,1.7142501893956335,-0.0516736470162868,0.6754239797592163,0.2704616487026214,-0.28287003725041937,0.40043240513764256
6519,0.0001778432633727,0.6662074327468872,0.0290867555886507,0.009177674771921997,0.04366020875618429,-0.1471453160047531,0.7677651047706604,1.593032717704773,-0.12030768698277167,2.074895964672201,-0.0519397743046283,0.7822972536087036,0.2800343930721283,-0.23709198846942356,0.3579641776579704
6529,-0.0013335853582248,0.42006716132164,0.032607365399599,-0.09736130276190826,0.07762417156582245,-0.0914466679096221,0.762467622756958,1.2555265426635742,-0.0955257773378032,1.646662107597167,-0.0524303615093231,0.6297639608383179,0.2755399942398071,-0.3021484727100489,0.43752899717065213
6539,-0.0007583538535982,0.7506167888641357,0.0413256511092186,-0.024447469849101,0.055055591244840496,-0.1293331831693649,0.8958441019058228,1.3068654537200928,-0.11047058406205928,1.4588090170375196,-0.0496499985456466,0.8946806788444519,0.2861139476299286,-0.19395998952012333,0.31979448578175007
6549,-0.001380888512358,0.5773637294769287,0.0484789758920669,-0.04933506244333221,0.08396609176677439,-0.0502568669617176,0.724351167678833,1.4777531623840332,-0.04695094619957609,2.0401059987512133,-0.0363481603562831,0.4774883389472961,0.2965777516365051,-0.2566735380289123,0.6211204074435849
6559,0.0004321039305068,0.6623052954673767,0.0375233590602874,0.017387145169326178,0.05665568328848685,-0.1552904844284057,0.8401580452919006,1.360381841659546,-0.1358698287043043,1.6191975417992945,-0.0308626424521207,0.6413952708244324,0.2758843004703522,-0.17441360829935262,0.43013148524736994
6569,-0.0010112347081303,0.6362137794494629,0.0344126038253307,-0.04618823444091943,0.05408968641815504,-0.2427345216274261,0.9034326076507568,1.3669363260269165,-0.1965565403897604,1.513047364519455,-0.0713290348649025,0.6614183783531189,0.2936919033527374,-0.3671961471984949,0.44403347860397796
6579,-0.001712673343718,0.6166588068008423,0.0360580757260322,-0.0770241747040631,0.05847330051620849,-0.1059846431016922,0.8335892558097839,1.4376611709594729,-0.08843705869946604,1.7246637488901748,-0.0248551741242408,0.9557913541793824,0.3084473311901092,-0.08430875874640671,0.32271408382317296
6589,-0.0013789790682494,0.3718856871128082,0.0477339699864387,-0.07768204580174434,0.12835656665635273,-0.0854993611574173,0.5919113159179688,1.3786413669586182,-0.10477433701267178,2.329135007024735,-0.048448197543621,0.5130766034126282,0.3072008490562439,-0.30737815649062006,0.5987426575543648
6599,-0.0005957320099696,0.3337464034557342,0.0393700413405895,-0.04533863817199318,0.11796394188203221,-0.0866562649607658,0.593675971031189,1.303433895111084,-0.11198542036500975,2.195530826095381,-0.0477748811244964,0.5485556721687317,0.2864697277545929,-0.3040186104328429,0.5222254408965019
6609,-0.0005833642208017,0.3379743695259094,0.0294035673141479,-0.05870241919066464,0.08699939985210564,-0.1131358072161674,0.6429305076599121,1.4104299545288086,-0.12476263055321778,2.193751793895083,-0.0349647253751754,0.4910577237606048,0.2844891250133514,-0.2502833190358749,0.5793394773117192
6619,-0.0011845051776617,0.6142783164978027,0.0285465419292449,-0.06754889855583852,0.04647167442275656,-0.147841140627861,0.8550505042076111,1.5125409364700315,-0.1143132045727844,1.7689492363632102,-0.0489072874188423,0.7023901343345642,0.2702597975730896,-0.2576402582740623,0.384771630981307
6629,0.0008494247449561,0.6910146474838257,0.0424228981137275,0.028975925827272216,0.06139218360739666,-0.1121957972645759,0.8017079830169678,1.5338518619537354,-0.09123825343749381,1.9132301217477987,-0.0262223482131958,0.7842901349067688,0.3151138424873352,-0.10610292252027254,0.40178223397492285
6639,-0.0008793046581558,0.5400303602218628,0.0366211161017417,-0.0444620641953808,0.0678130690405934,-0.1376378089189529,0.8092672824859619,1.371724247932434,-0.12398779935574133,1.695020023197625,-0.0652875304222107,0.6614821553230286,0.2860324680805206,-0.34506171374519407,0.43241146534155456
6649,0.0005670774844475,0.5355376601219177,0.0297518298029899,0.035590878379224075,0.0555550655321173,-0.1363418102264404,0.9105614423751832,1.391605019569397,-0.10759790441912549,1.5282933746232656,-0.0509337410330772,0.7544013857841492,0.2700055539608001,-0.2500520392767605,0.3579070227716345
6659,-0.000883694156073,0.4294892251491546,0.0396241061389446,-0.05192664119964284,0.09225867336994029,-0.1583724021911621,0.7084687352180481,1.333820939064026,-0.16759508715002655,1.8826814406333838,-0.0509543903172016,0.5236406922340393,0.298007607460022,-0.32652833244696383,0.5691070458802857
6669,-0.0008408971480093,0.411710649728775,0.0414061099290847,-0.04932718679392256,0.10057089841217866,-0.1110517084598541,0.6753469109535217,1.2340017557144165,-0.13325470400661035,1.8272116681071813,-0.0476986654102802,0.5163108110427856,0.2973843514919281,-0.3106539620814044,0.5759793231741654
6679,-0.0011554098455235,0.2355165779590606,0.0418804213404655,-0.11713954674184558,0.17782366618686812,-0.0885306075215339,0.6566506028175354,1.3720636367797852,-0.09826182877259514,2.0894881248758144,-0.0416172184050083,0.3519868850708008,0.3078129291534424,-0.38411362275508193,0.8745011311757455
6689,-0.0004843455390073,0.6519585847854614,0.0489819943904876,-0.01516697013124883,0.07513053057903363,-0.1126204505562782,0.681307852268219,1.4108295440673828,-0.11716538407884274,2.070766598932378,-0.0389523729681968,0.6488382816314697,0.3199677169322967,-0.18762525347982179,0.4931393938837189
6699,-0.0009629102423787,0.5082755088806152,0.0392490103840827,-0.0482678452204506,0.0772199519715627,-0.2303854525089264,0.8184753656387329,1.4932053089141846,-0.18850805589407582,1.8243741615227438,-0.059157345443964,0.7263932228088379,0.3082410395145416,-0.26420828591187795,0.42434459716271367
6709,-0.0013305854517966,0.4240702986717224,0.0345334447920322,-0.09085838482966752,0.08143330221474654,-0.2517157793045044,0.9146713018417358,1.414084553718567,-0.1946121763717219,1.5460029749170416,-0.0539934933185577,0.7604337930679321,0.3057296574115753,-0.23224290155554325,0.4020463848379545
6719,-0.0022575489711016,0.4695654809474945,0.0477447174489498,-0.10069680453893032,0.10167850786776313,-0.2145778834819793,0.8811783194541931,1.5031416416168213,-0.16200232513515464,1.7058313946578665,-0.0705426409840583,0.619642972946167,0.3159861266613006,-0.3602816727625755,0.5099486970035447
6729,-0.0023648005444556,0.2564724385738373,0.0500555410981178,-0.18420510211228275,0.19516927969516315,-0.180430993437767,0.5608617663383484,1.5373930931091309,-0.20925236700200414,2.741126575887284,-0.0580982714891433,0.3587183952331543,0.3166584074497223,-0.5114680860759625,0.8827492865090052
6739,0.0029675660189241,0.6410607695579529,0.0454256013035774,0.10190617574526445,0.07086005486640663,-0.1011076420545578,0.7870137095451355,1.414035677909851,-0.09085342774839736,1.7967103504805664,-0.035404548048973,0.6008650660514832,0.2934308350086212,-0.2008058451197332,0.4883473038911528
6749,-0.0021670083515346,0.7340545058250427,0.0308475885540246,-0.09569980582959493,0.042023566791342504,-0.1513830125331878,0.8829867243766785,1.363333225250244,-0.12575375171133882,1.544001951119541,-0.0382912121713161,0.8006885647773743,0.2626138031482696,-0.1821033518611204,0.3279849553256546
6759,-0.0008591196383349,0.4587171375751495,0.0392327383160591,-0.04773754265596266,0.08552708216538298,-0.1227165162563324,0.6469666957855225,1.2945069074630735,-0.1465266838080536,2.000886468957003,-0.0394707694649696,0.5138683319091797,0.2847320735454559,-0.2697660840326434,0.5540953895477236
6769,-0.0001352877152385,0.4909012913703918,0.0229983981698751,-0.011983028693069723,0.04684933320438648,-0.1726844608783722,0.6877914667129517,1.3217332363128662,-0.18995584647070954,1.9217063605479259,-0.0454581081867218,0.502747654914856,0.2514140903949737,-0.3596430652546964,0.5000800857789233
6779,-0.001663637929596,0.584001362323761,0.0400273948907852,-0.07116846968008464,0.0685398998583066,-0.1515849828720092,0.8519697785377502,1.3814502954483032,-0.12879432455182044,1.6214780503356694,-0.0523750111460685,0.7986586093902588,0.3077664971351623,-0.21307947062420488,0.3853542596506017
6789,-0.002034428762272,0.4654496014118194,0.047654204070568,-0.09172096264400957,0.10238316656845652,-0.1300867944955825,0.8248609900474548,1.3578732013702393,-0.1161430508376563,1.6461842877211588,-0.0629438385367393,0.5968000292778015,0.294601172208786,-0.3580056806549566,0.49363464771489407
6799,-0.0022914917208254,0.4926158785820007,0.0370196625590324,-0.12565432174819893,0.07514914595443783,-0.1735981404781341,0.7671541571617126,1.5642874240875244,-0.14465913777439543,2.0390783384072564,-0.0818292945623397,0.6485095620155334,0.3006241619586944,-0.4197285782183627,0.4635616489976962
6809,-0.0009048601496033,0.4140653610229492,0.0324762351810932,-0.0672894352926795,0.0784326298168497,-0.1899636387825012,0.8150295615196228,1.3601378202438354,-0.17136187364083047,1.668820229916395,-0.0473970621824264,0.5223430395126343,0.2927924990653991,-0.3099100536295236,0.5605368061161216
6819,-7.93810395407e-05,0.7101043462753296,0.0539410933852195,-0.0020724061183940734,0.07596220705893955,-0.1023201048374176,0.8849714994430542,1.350222110748291,-0.08563010497813704,1.5257238358501224,-0.0305443853139877,0.7757148742675781,0.3171340823173523,-0.124161328993864,0.4088281568879119
6829,-0.0017952827038243,0.3317925930023193,0.0399897061288356,-0.1353062779916109,0.12052621719785067,-0.2612326443195343,0.7958595156669617,1.44957435131073,-0.2264386397175131,1.8213947597220466,-0.077339194715023,0.5305014848709106,0.2953747510910034,-0.4935596791452808,0.5567840232584426
6839,-0.0009507135837338,0.5617650151252747,0.0335939228534698,-0.050377230607014274,0.05980066744807576,-0.1375350356101989,0.8894639611244202,1.2470184564590454,-0.1239972651831761,1.401988738118879,-0.0510478317737579,0.6936114430427551,0.2747101485729217,-0.2679084101896224,0.39605769386937323
6849,-0.0005184703040868,0.5289732813835144,0.0355629026889801,-0.02756087168398417,0.06723005478833705,-0.1252439022064209,0.792131245136261,1.2688435316085815,-0.12460956394076707,1.6018097245871388,-0.0560318902134895,0.7002045512199402,0.2800951898097992,-0.2856963510883441,0.40001909345176323
6859,0.0003578829928301,0.7227510213851929,0.0452511049807071,0.010942666357991947,0.06260953446178577,-0.1565869897603988,0.8014532327651978,1.4224411249160769,-0.13735459425569324,1.7748273595557513,-0.0347481369972229,0.7430566549301147,0.3212238252162933,-0.14558004438648256,0.43230058311839586
6869,0.0024642329663038,0.7260990738868713,0.0325338281691074,0.1043159486368714,0.04480632098172361,-0.0137739051133394,0.8554764986038208,1.2763144969940186,-0.012615117542137197,1.4919340263315541,-0.0411024540662765,0.7620973587036133,0.2671349644660949,-0.20189546367629252,0.3505260337347346
6879,-0.0016723056323826,0.6095506548881531,0.0336805805563926,-0.0814566005130077,0.05525476887982784,-0.1071881502866745,0.7658898234367371,1.4954500198364258,-0.09358550208359133,1.9525654657819733,-0.0315102823078632,0.625056803226471,0.2894278466701507,-0.17417767703272818,0.46304247098208934
6889,-0.0008394902106374,0.5434841513633728,0.0393525548279285,-0.039251460360733445,0.07240791608956677,-0.1525409817695617,0.7169780135154724,1.3919023275375366,-0.15285228596187056,1.9413459008495793,-0.0461009666323661,0.5932480692863464,0.304125428199768,-0.2555176853894953,0.5126446152039208
6899,-0.0002742646611295,0.5768648386001587,0.0327817946672439,-0.014503174035879142,0.05682751395767751,-0.1118729636073112,0.7306397557258606,1.275254726409912,-0.12006734346217952,1.7453946577859,-0.0444678962230682,0.7076429128646851,0.2676440179347992,-0.23478745104369228,0.3782190326068847
6909,-0.0011000784579664,0.6448066830635071,0.0316704399883747,-0.05386913888975924,0.049116178259671475,-0.1487468034029007,0.8101744651794434,1.5989621877670288,-0.11482353065194834,1.973602299861276,-0.0486077517271041,0.7616785168647766,0.2851169407367706,-0.2238261399251577,0.3743271398940983
6919,-0.000488408782985,0.3662836253643036,0.0319025106728076,-0.04179661381675942,0.08709783474780657,-0.1658735573291778,0.6152699589729309,1.362659931182861,-0.19784449112235475,2.2147350302256705,-0.0485053844749927,0.5408389568328857,0.2891866564750671,-0.3101299683521803,0.5347001225069352
6929,-0.0003860255237668,0.4591865837574005,0.0271912347525358,-0.030917039509834963,0.05921609148515888,-0.0899545028805732,0.6437355279922485,1.6132742166519165,-0.08661781741157391,2.5061133749811346,-0.0311068203300237,0.5503795742988586,0.2680248618125915,-0.21087166735969948,0.48698184730789584
6939,-2.61741352005e-05,0.8572463989257812,0.0318672060966491,-0.000958126126599929,0.03717391655022642,-0.0934843271970748,0.9357953071594238,1.2384848594665527,-0.08066167610110095,1.3234570103006107,-0.0181785933673381,1.0068891048431396,0.2821732759475708,-0.06398272805941309,0.2802426549163324
6949,-0.0005863423575647,0.7260261178016663,0.0394217818975448,-0.02048626441823164,0.054298021697773036,-0.0234637856483459,0.8031509518623352,1.3108035326004028,-0.02228759980555877,1.6320761739258727,-0.0270346738398075,0.772047221660614,0.255387395620346,-0.1371127403113488,0.33079245472968277
6959,-0.0005251412512734,0.5068226456642151,0.0304555390030145,-0.034021529400390126,0.060091117205508984,-0.1499134749174118,0.7142828106880188,1.416603684425354,-0.14815697598463207,1.9832532201927673,-0.0371168479323387,0.5696753859519958,0.263345330953598,-0.24741043310051675,0.46227261603292974
6969,0.0010077554034069,0.5658236742019653,0.0371783003211021,0.047905402085024244,0.0657065124988596,-0.1105761155486106,0.6512418985366821,1.17204487323761,-0.14486876447518246,1.7997074142053116,-0.0451821759343147,0.6219248175621033,0.2810704708099365,-0.2584723156947399,0.45193641236526116
6979,-0.0019179487135261,0.4646361768245697,0.0296799410134553,-0.139078800103594,0.06387780912001909,-0.3281857073307037,0.8879832625389099,1.622878909111023,-0.22773446823429783,1.827600786608195,-0.0761673003435134,0.6351336240768433,0.2767891585826874,-0.4332657732862871,0.4357967333015884
6989,-0.0016182627296075,0.3185029327869415,0.038959976285696,-0.13041180694805735,0.12232219008092396,-0.1189810335636138,0.6265385150909424,1.404689908027649,-0.1351915357335639,2.241984928610107,-0.0526596195995807,0.4271367490291595,0.3165462017059326,-0.3894696972251721,0.7410886617117621
6999,-3.57857206836e-05,0.5942051410675049,0.0372233688831329,-0.0016179223956157647,0.06264396975135583,-0.2402858138084411,0.8800731301307678,1.3857604265213013,-0.19702494494626382,1.5745969045951838,-0.0419901236891746,0.7624971270561218,0.3090850412845611,-0.17816851289539182,0.4053589585024254
7009,0.0007207081653177,0.748677670955658,0.0486260652542114,0.01979681995115136,0.06494926607353217,-0.0261248312890529,0.7763029336929321,1.270774245262146,-0.026482187900114966,1.6369566442535213,-0.024540614336729,0.7208217978477478,0.3048532009124756,-0.1116777767787133,0.4229245034247241
7019,-0.0014830777654424,0.4045387208461761,0.0396505668759346,-0.09246011437402712,0.09801426867865026,-0.2432085573673248,0.8093982934951782,1.4582064151763916,-0.20606183489806332,1.8015931425794123,-0.0641402006149292,0.6387666463851929,0.2894670367240906,-0.3468877533325457,0.4531655470150119
7029,-0.0003367597819305,0.6183366775512695,0.0349082052707672,-0.015601547959136644,0.05645501316371901,-0.1619082987308502,0.791701078414917,1.4579845666885376,-0.14026681834762303,1.8415846667881295,-0.0421640276908874,0.611015260219574,0.2874596416950226,-0.24005632486853823,0.47046229515073207
7039,-0.0006979532190598,0.6605962514877319,0.0370878316462039,-0.028487790492696202,0.05614296412169796,-0.1579511761665344,0.8061942458152771,1.4672338962554932,-0.13353152796287707,1.8199508417127548,-0.052452340722084,0.80330890417099,0.2981468439102173,-0.21900401477431358,0.3711484366252644
7049,0.0007491197902709,0.7083855271339417,0.0333697237074375,0.03169049187107027,0.04710672709879905,-0.1012409925460815,0.858683705329895,1.4441380500793457,-0.0816421553726126,1.681804418921082,-0.0264120884239673,0.8425310254096985,0.2714240849018097,-0.11549640276070425,0.32215322251168615
7059,-0.0006954916170798,0.432939738035202,0.0428436733782291,-0.037495379184589256,0.09895990045327165,-0.1495992541313171,0.6057031154632568,1.546716332435608,-0.1596830978383681,2.5535882067448847,-0.037907674908638,0.4835405945777893,0.2936974167823791,-0.26692796815241393,0.6073893693223945
7069,0.0007414519204758,0.4874058067798614,0.0353434793651104,0.04304106356316559,0.07251345567385374,-0.1010112836956977,0.7179517149925232,1.356482982635498,-0.10371947343711294,1.8893791244020144,-0.0439682751893997,0.6570692658424377,0.2782028615474701,-0.24052857744911554,0.4233995957652688
7079,0.0012575853615999,0.5817936062812805,0.0336282327771186,0.06427831511128321,0.05780096655249304,-0.0866215750575065,0.6119489073753357,1.426203966140747,-0.09924971601619155,2.3305932063148407,-0.011716466397047,0.6356737017631531,0.2676200270652771,-0.06887217467229444,0.4210022002215693
7089,-9.81404300546e-05,0.599845826625824,0.0481339544057846,-0.003399043893351744,0.0802438764582919,-0.1367747783660888,0.7789815664291382,1.476861596107483,-0.11888827932850642,1.895887733104438,-0.0477786548435688,0.6424113512039185,0.3089912533760071,-0.24069913319475036,0.48098660273816524
7099,-0.0023067924194037,0.6381562948226929,0.0400337390601635,-0.09029325388966354,0.06273343910410942,-0.0658371150493621,0.7646873593330383,1.314522624015808,-0.06549660904207683,1.7190327628304685,-0.0265698116272687,0.5854424834251404,0.2578548192977905,-0.1760066140485334,0.4404443247596363
7109,-0.000570087460801,0.9110618829727172,0.0301465056836605,-0.02075661987120653,0.03308941603977002,-0.0890881940722465,0.9104788899421692,1.4003546237945557,-0.06987345928590974,1.5380418362950754,-0.0247201677411794,0.9036285877227784,0.2630914449691772,-0.10398117605115041,0.291149979697068
7119,0.0006941399769857,0.7320080995559692,0.0389409288763999,0.024351452106805713,0.053197401640803124,-0.1467000097036361,0.92337965965271,1.3203469514846802,-0.12032663508696836,1.4299069052282054,-0.0455741956830024,0.6925947666168213,0.2918839156627655,-0.22543930837216142,0.4214353468025128
7129,-0.00142313237302,0.6177164316177368,0.0372139774262905,-0.06190846759223026,0.06024443502147232,-0.1854211241006851,0.8081063032150269,1.4680418968200684,-0.15629758409990482,1.8166445317645803,-0.0390677750110626,0.7558135390281677,0.2928186058998108,-0.17652464309419302,0.38742175256124645
7139,-0.0030896076932549,0.5104585886001587,0.0410394594073295,-0.14748273782592997,0.08039723559137847,-0.2449036836624145,0.7968221306800842,1.552095890045166,-0.19802288390923564,1.947857407926734,-0.0743297487497329,0.6101506948471069,0.2896607220172882,-0.42056772936956804,0.47473636343210607
7149,-0.0006379422848112,0.4161783158779144,0.034389179199934,-0.04457384831706402,0.08263087692925847,-0.2254001200199127,0.7894734740257263,1.4326469898223877,-0.19928628387300806,1.814686670239794,-0.0498447902500629,0.5324310660362244,0.2898327708244324,-0.32300474073486596,0.544357362507306
7159,0.0006875934195704,0.7107221484184265,0.0343708582222461,0.02814760744999611,0.048360471527068266,-0.0567426197230815,0.6515625715255737,1.2622995376586914,-0.06899074438443394,1.937342003398282,-0.0197702571749687,0.7547571659088135,0.2571470737457275,-0.1018646476111204,0.34070173210756227
7169,-0.0001351427054032,0.3658194541931152,0.0389690436422824,-0.009479950368400032,0.10652534520952717,-0.0722211003303527,0.5136917233467102,1.4600117206573486,-0.09629532211834035,2.842194363470269,-0.0396293178200721,0.3785156011581421,0.2870381474494934,-0.3647482304596418,0.7583258036689753
7179,-0.0012019302230328,0.2791782021522522,0.0412319786846637,-0.10441516352585849,0.14769053732274376,-0.1856364160776138,0.8061124086380005,1.2775753736495972,-0.18025239218372693,1.5848600765347054,-0.0491507202386856,0.3965979218482971,0.2808775305747986,-0.4412273793964507,0.7082173533986322
7189,-0.0014341290807351,0.547955334186554,0.0332253724336624,-0.07877224546464591,0.06063518385670221,-0.1264293491840362,0.6864372491836548,1.2566531896591189,-0.14656545554003067,1.8306890996279603,-0.0430566184222698,0.5450591444969177,0.2754912078380584,-0.28674017429127163,0.5054336040767339
7199,-6.41471124254e-05,0.4953072667121887,0.0229625888168811,-0.00564003193039371,0.0463602905915453,-0.1573938876390457,0.7458308935165405,1.413774013519287,-0.14926826998004494,1.895569124058996,-0.0319345742464065,0.5914953947067261,0.2589956223964691,-0.20845741083538727,0.4378658307642171
7209,-0.0023725484497845,0.5881962776184082,0.0315691791474819,-0.1277701864404155,0.05367116445432926,-0.1885544508695602,0.8304960131645203,1.3929325342178345,-0.16299307545751962,1.6772296460644132,-0.0551364347338676,0.7742879986763,0.2779217958450317,-0.25622030559534287,0.35893852974624246
7219,-0.0010729867499321,0.4606724381446838,0.0324814096093177,-0.07170794247276684,0.07050868886389995,-0.142657920718193,0.8095318078994751,1.2881269454956057,-0.13680542105990623,1.5911999169470077,-0.0529823340475559,0.662358283996582,0.284336119890213,-0.2813235450856831,0.4292784234154461
7229,-0.0002923751599155,0.5212400555610657,0.0261537376791238,-0.021447117271209043,0.05017599357549713,-0.1479029208421707,0.7061951160430908,1.4552292823791504,-0.14391982288957766,2.0606617764974104,-0.0409856997430324,0.649127185344696,0.2648230195045471,-0.23842227264825247,0.4079678458758775
7239,-0.0014598683919757,0.6127194166183472,0.0345712788403034,-0.06891862712519918,0.05642269185968572,-0.124579519033432,0.862476110458374,1.4607998132705688,-0.09888009402033207,1.6937278558291986,-0.0730215907096862,0.758515477180481,0.3066675961017608,-0.3139199769115612,0.4042997214001375
7249,-0.002261271700263,0.5255773067474365,0.0423838347196579,-0.1015116519018317,0.08064243675578868,-0.245791494846344,0.8175421357154846,1.528801441192627,-0.19665528493534493,1.8699971223558682,-0.0561966486275196,0.7190219759941101,0.2873942255973816,-0.2719507208750545,0.39970158798002553
7259,-0.0002220056630903,0.4890374541282654,0.0430521145462989,-0.010544535272209204,0.08803439119615393,-0.1648924946784973,0.7815718054771423,1.552116870880127,-0.13592757995181773,1.9858915841169245,-0.0594327226281166,0.7452500462532043,0.2764784693717956,-0.2884445234961502,0.3709875239348324
7269,-0.0019223599229007,0.6048092246055603,0.038398053497076,-0.08277650545273413,0.06348787673025016,-0.1277810186147689,0.8681981563568115,1.3712159395217896,-0.10733506745027821,1.5793813076910614,-0.0425209328532218,0.7264919281005859,0.2758544087409973,-0.21217394978875154,0.37970746552163215
7279,-0.0016408535884693,0.2298838794231414,0.039610169827938,-0.18019992639041738,0.17230512173073506,-0.1142879053950309,0.705659806728363,1.4487128257751465,-0.11179505316821975,2.0529904239434944,-0.0546953007578849,0.4176900088787079,0.2658455967903137,-0.4925682971628832,0.6364662576056782
7289,-0.001894885324873,0.3734364509582519,0.0343668274581432,-0.14764773291719818,0.09202858309615099,-0.1856378465890884,0.7659797072410583,1.4108880758285522,-0.17177370959107405,1.8419392348008214,-0.0604181289672851,0.5183607339859009,0.2754294276237488,-0.42317970954636736,0.5313470129302662
7299,-0.0007343112374655,0.105373129248619,0.0374199897050857,-0.1862287093198944,0.3551188995896325,-0.1331841796636581,0.4078662097454071,1.4661614894866943,-0.22271686508678137,3.594711830631624,-0.0371849313378334,0.342631071805954,0.291981428861618,-0.371693536920721,0.852174402404984
7309,-0.0006982013583183,0.4871492385864258,0.0323073789477348,-0.04436259430279051,0.06631926397233423,-0.0668084919452667,0.7073581218719482,1.377742886543274,-0.06855263406679438,1.9477303560143249,-0.053704559803009,0.6529422998428345,0.2916629910469055,-0.2820038460158065,0.44669029884740175
7319,-0.0011849154252558,0.3957339823246002,0.0501359291374683,-0.059722082055317725,0.12669098782713176,-0.2461496889591217,0.7084868550300598,1.5525282621383667,-0.22378345754574788,2.1913296642214988,-0.0746868774294853,0.568405270576477,0.2975975275039673,-0.4415266147309075,0.5235657424536962
7329,-0.0010479148477315,0.3298383057117462,0.0386673100292682,-0.08216388051675085,0.11723110796918934,-0.1811295449733734,0.797625720500946,1.515191912651062,-0.14987269007374907,1.8996276996928472,-0.056936889886856,0.5557554960250854,0.2784534990787506,-0.36792330239021637,0.5010359790777164
7339,-0.0010751682566478,0.433507353067398,0.0452582836151123,-0.0548001674841249,0.10440026748075927,-0.2154662013053894,0.8192703723907471,1.447158694267273,-0.18173381662178925,1.7663994000469696,-0.0633835792541503,0.5438099503517151,0.3200096189975738,-0.36422233769427353,0.588458557609334
7349,0.0001772316900314,0.5976060628890991,0.031031534075737,0.009557034153490978,0.05192640437032461,-0.1316139250993728,0.7883633971214294,1.385873317718506,-0.12046249545567737,1.7579117990241293,-0.0156224062666296,0.7599927186965942,0.2833037972450256,-0.07255813320961424,0.3727717256698175
7359,-0.0005313053843565,0.3738048672676086,0.03553381934762,-0.03999975903770265,0.09505980916556975,-0.2006568312644958,0.8120902180671692,1.4700546264648438,-0.1680800610648643,1.8102109762677296,-0.0409510396420955,0.4885211884975433,0.2673184871673584,-0.3135830155788896,0.5471993712074225
7369,-0.0003714294289238,0.575620174407959,0.0247729904949665,-0.026047249366548137,0.04303704351649279,-0.2389103472232818,0.7731526494026184,1.4478671550750732,-0.21342288917770133,1.8726795493668391,-0.0437084883451461,0.5885928273200989,0.2516485750675201,-0.2950912592643883,0.42754271439781605
7379,-0.0007546365959569,0.4182065725326538,0.0444087646901607,-0.040632946452013693,0.1061885862319709,-0.1044578552246093,0.728821873664856,1.2142080068588257,-0.11803929682374827,1.665987329322626,-0.0589804202318191,0.5054371953010559,0.3019734621047973,-0.3864309349824001,0.5974500193341162
7389,-0.0008334278827533,0.5240410566329956,0.0291947647929191,-0.05447506179191912,0.05571083491148141,-0.074428804218769,0.7397145628929138,1.3836116790771484,-0.07272147073429851,1.8704669996843764,-0.0321415178477764,0.5933428406715393,0.2680583298206329,-0.20208373875271407,0.4517764628578769
7399,-9.34907875489e-05,0.7833218574523926,0.02689172886312,-0.004438230456241965,0.03433036957577094,-0.0754621177911758,0.8556531667709351,1.502740740776062,-0.05868771038404452,1.756249844136155,-0.044670682400465,0.9002636075019836,0.2652331292629242,-0.18707903595267875,0.29461718440322465
7409,-0.0007348582148551,0.7210261821746826,0.0352897606790065,-0.028880439966174724,0.04894379920097946,-0.0407808497548103,0.8012548089027405,1.3265647888183594,-0.038366939419750876,1.6556091446552343,-0.0290161781013011,0.8130311965942383,0.2776829898357391,-0.12852384846249368,0.34154038737866915
7419,-0.0008746812236495,0.7332847714424133,0.0301641039550304,-0.03954455649632012,0.04113559305983659,-0.1095765531063079,0.9024322032928468,1.343524694442749,-0.09037689090469984,1.4887818603330183,-0.0364220812916755,0.6957963109016418,0.2520722150802612,-0.2076622999946387,0.3622787461370922
7429,-0.0001538468786748,0.5967528223991394,0.0395486615598201,-0.006518721356210189,0.06627310349504789,-0.3031884133815765,1.0435268878936768,1.2762788534164429,-0.22764776093174421,1.223043572928502,-0.0587551072239875,0.7652765512466431,0.2836791574954986,-0.2706448630122717,0.37068842241851324
7439,0.0007156958454288,0.6811296939849854,0.0276855267584323,0.037952980847359374,0.040646483339254615,-0.1031659096479415,0.8283117413520813,1.2448595762252808,-0.10005113731879281,1.502887758409961,-0.0213909558951854,0.6481253504753113,0.2675172686576843,-0.1233727831525294,0.41275544686147053
7449,-0.00176447420381,0.1459731012582779,0.0492480620741844,-0.24544451598813669,0.33737765142803405,-0.1598005592823028,0.5385057926177979,1.2739694118499756,-0.2329318709339653,2.36574876132144,-0.0670682862401008,0.3771854043006897,0.3163324892520904,-0.5621064018866634,0.838665774564045
7459,-0.0016346800839528,0.5923739671707153,0.0427828952670097,-0.06450102787359381,0.07222278094249905,-0.0903004854917526,0.6739078164100647,1.3405098915100098,-0.09995846278342568,1.9891591384871634,-0.0487390756607055,0.5809779167175293,0.2945685088634491,-0.2847943356555247,0.5070218684519603
7469,-0.0007993748877197,0.385635644197464,0.0353044904768466,-0.0587142319234427,0.09154882596580985,-0.1532239913940429,0.7931548357009888,1.3862817287445068,-0.1393533121963308,1.7478071951982914,-0.0555340610444545,0.6717396974563599,0.2787885665893554,-0.29654012075324465,0.4150247002596823
7479,-0.0025720989797264,0.5852557420730591,0.0398794412612915,-0.11020287607112435,0.0681401964892012,-0.1750219017267227,0.7549532055854797,1.5678153038024902,-0.14786911224946966,2.0767052741853336,-0.060602243989706,0.6557222604751587,0.2975476086139679,-0.3106077688757754,0.45377079069780973
7489,-0.0002995121758431,0.4599415957927704,0.0307089667767286,-0.021205405900786782,0.06676710055718622,-0.0891745835542678,0.738471508026123,1.6979182958602903,-0.07111980511786263,2.2992333182883304,-0.0136317238211631,0.5424811840057373,0.2801769077777862,-0.08968788065162842,0.5164730428232199
7499,-0.0017750449478626,0.4481193125247955,0.0343621671199798,-0.1152750045557805,0.07668084405105496,-0.1268035769462585,0.8510543704032898,1.5474555492401123,-0.09628441931054915,1.8182804801376184,-0.0553961209952831,0.6347727179527283,0.2705788612365722,-0.3225278619756883,0.4262610121450152
7509,-0.0016534017631784,0.3962563276290893,0.0339242257177829,-0.12299635517911074,0.08561182081497823,-0.1584885716438293,0.8086615204811096,1.2399578094482422,-0.15806083255245865,1.5333458783973481,-0.0583044327795505,0.54129958152771,0.2750138342380523,-0.3916601106281519,0.5080621593349115
7519,-0.0015849906485527,0.5570440292358398,0.034374501556158,-0.08277530148975186,0.06170876941866406,-0.1187803298234939,0.6956969499588013,1.1448825597763062,-0.1491294746008488,1.645662755664094,-0.0420355312526226,0.5658423900604248,0.282951146364212,-0.26254853734860517,0.5000529322909094
7529,-0.0008122623548842,0.500977635383606,0.037613246589899,-0.043105944571728505,0.07507969205271606,-0.195381224155426,0.7863125801086426,1.4344286918640137,-0.17322422973795434,1.8242474152783144,-0.0415330119431018,0.5827054977416992,0.2513975203037262,-0.2835197529035778,0.4314315229185727
7539,-0.0005581498844549,0.3889551758766174,0.0323255807161331,-0.044392024198763196,0.08310875576672432,-0.089194156229496,0.5690007209777832,1.54316508769989,-0.10158069863578209,2.7120617440485515,-0.0534132048487663,0.5656165480613708,0.27016082406044,-0.3495458558247856,0.47763953333120457
7549,-0.0010413656709715,0.42691171169281,0.0364931374788284,-0.06684270004542578,0.08548169675206176,-0.2345552444458007,0.6445820331573486,1.551389455795288,-0.23455576759068159,2.4068146116269102,-0.0513019002974033,0.5941870212554932,0.3090479969978332,-0.27937295263297135,0.520119063430277
7559,-0.0008460077224299,0.7851563692092896,0.0402825996279716,-0.026748576785050163,0.051305193726619264,-0.0552374944090843,0.923616588115692,1.369430661201477,-0.04367191127798571,1.4826830514113096,-0.0422036498785018,0.8858973383903503,0.2986804842948913,-0.15949966224890513,0.33715022198574957
7569,-0.0002152477245545,0.3988203108310699,0.0358408614993095,-0.01505853980563322,0.0898671921312723,-0.1591159999370575,0.6787238717079163,1.4430952072143557,-0.16245225488242143,2.1261889663361964,-0.0540669448673725,0.4757713377475738,0.2936221361160278,-0.38703011678839166,0.6171496952845288
7579,-0.0008837219793349,0.4154335260391235,0.0344301834702491,-0.06178382303320659,0.08287772004950471,-0.1741363257169723,0.6507958173751831,1.4337708950042725,-0.18662286973494177,2.2031040408142406,-0.033850859850645,0.4821131527423858,0.26507568359375,-0.26488101678311593,0.549820476968799
7589,0.0006711019668728,0.7163943648338318,0.0454698130488395,0.020602180226934663,0.06347036671538624,-0.1603294759988784,0.8604131937026978,1.3595510721206665,-0.13706001821104588,1.5801141615111471,-0.0379253253340721,0.5793469548225403,0.2927968204021454,-0.22357551004337217,0.50539114422692
7599,-0.0008210320957005,0.4061237275600433,0.0413686297833919,-0.04886868297352751,0.10186213455670541,-0.0859992951154708,0.7975234389305115,1.426227331161499,-0.07560711753797533,1.7883202694005922,-0.0593599826097488,0.4700712561607361,0.3133853673934936,-0.40295018054871,0.6666763034035305
7609,-0.0009269165457226,0.5644952058792114,0.0283148903399705,-0.05799165359978812,0.05015966485644382,-0.1323796659708023,0.8848451972007751,1.4857666492462158,-0.10069394994834921,1.679126082106189,-0.0524611100554466,0.7144207954406738,0.2781461477279663,-0.2640038977684148,0.38933097902952046
7619,0.0002583214372862,0.6328483819961548,0.0316954366862773,0.012878463002410034,0.05008377612707538,-0.1841653287410736,0.781476616859436,1.5221755504608154,-0.15482002846108617,1.9478197013470062,-0.0349363163113594,0.7546120285987854,0.2944734394550323,-0.15721980686796724,0.39023157370262235
7629,-0.0010492014698684,0.4258584082126617,0.0390421710908412,-0.06310440898126779,0.09167876068175375,-0.1382848471403122,0.6058682203292847,1.3113071918487549,-0.17405719397786523,2.164343908211706,-0.0390052311122417,0.4825082421302795,0.2824175953865051,-0.28623739332891784,0.5853114428462987
7639,5.58677202207e-05,0.5024539232254028,0.0376648306846618,0.002952083847394034,0.07496176055881887,-0.0642523989081382,0.662392258644104,1.436326265335083,-0.06753377032545795,2.1683922880910433,-0.0264826267957687,0.5502488613128662,0.2751882672309875,-0.17489282553538063,0.5001160140057392
7649,-0.001147267059423,0.5722667574882507,0.0330383367836475,-0.06068031539630514,0.05773240600005639,-0.1639740318059921,0.6883320808410645,1.3988239765167236,-0.170299744549191,2.0321934941743787,-0.0469710752367973,0.6039575338363647,0.2854543924331665,-0.2724503491219751,0.4726398404535956
7659,-0.0001688956544967,0.536407470703125,0.0295631419867277,-0.010650575339011344,0.05511321821818816,-0.0891909673810005,0.7086736559867859,1.3136329650878906,-0.09580772930953062,1.8536500602082278,-0.0346891060471534,0.6112467050552368,0.2474645674228668,-0.22933141599730347,0.40485219041058723
7669,-0.000741028052289,0.3369731903076172,0.0248463079333305,-0.08850696241756141,0.0737337825322208,-0.1041854694485664,0.6744455695152283,1.387170433998108,-0.11136030791999182,2.0567566853395824,-0.0324190221726894,0.4832563996315002,0.2547756731510162,-0.26330817304470355,0.5272059994348579
7679,-0.0014707297086715,0.4865904152393341,0.0366879068315029,-0.08238466511900994,0.07539792335091024,-0.1044808328151702,0.7681294679641724,1.3750840425491333,-0.09891746023698089,1.7901722299414127,-0.0535343997180461,0.5579188466072083,0.2918551564216614,-0.328771781055679,0.5231139944392956
7689,-0.0007359532173722,0.479692280292511,0.0307777822017669,-0.0498482775997207,0.06416151242417108,-0.1725027859210968,0.803471028804779,1.4489959478378296,-0.1481694676674472,1.803420280123,-0.0540370270609855,0.6244383454322815,0.2849029302597046,-0.3037420832049596,0.45625470047403016
7699,-0.0004319044528529,0.7423440217971802,0.0278985891491174,-0.02085452127461829,0.03758175230074086,-0.0956860333681106,0.8373305797576904,1.2563261985778809,-0.09095973426551539,1.5003945024215415,-0.0455177575349807,0.9338734745979308,0.2559895515441894,-0.19040159340161875,0.27411588240516516
7709,-0.0023559553083032,0.6491158604621887,0.0375619530677795,-0.0966265917624207,0.0578663307364487,-0.0825314000248909,0.9285833835601808,1.6385493278503418,-0.054242385912523346,1.764568865714738,-0.0517623871564865,0.7931835055351257,0.2962913811206817,-0.2202528841041627,0.373547078391131
7719,-0.0012313827173784,0.6684722900390625,0.0421326160430908,-0.043721113990072176,0.06302821623410712,-0.100803405046463,0.7928049564361572,1.3697811365127563,-0.09282344117437967,1.7277656066508984,-0.0463216751813888,0.6467703580856323,0.2989899814128876,-0.2395397064482065,0.4622815156493324
7729,-4.96671636938e-05,0.4344953298568725,0.0266218818724155,-0.004293836415801347,0.06127081246462428,-0.1615852266550064,0.5995478630065918,1.590354084968567,-0.16946654043957454,2.652589030996315,-0.0348513089120388,0.5081209540367126,0.2480016350746154,-0.27656514416968153,0.4880759848701237
7739,0.0016081507783383,0.8959692120552063,0.0324533209204673,0.05530629101227447,0.03622146886724457,-0.0939816981554031,0.8991842865943909,1.3908404111862185,-0.07514797433694219,1.546780156105649,-0.0080281589180231,0.9617826342582704,0.2783352136611938,-0.029989613922055538,0.2893951333149685
7749,-0.0012298679212108,0.5835568904876709,0.0390127077698707,-0.0540218158108899,0.06685330668834755,-0.1253880858421325,0.8301479816436768,1.4217804670333862,-0.10623514445924509,1.7126831582705155,-0.0489647425711154,0.6798344254493713,0.3004582524299621,-0.23971553844240492,0.44195798444799095
7759,-0.0003210057038813,0.4321841299533844,0.0329314731061458,-0.02255447777109696,0.07619778428628976,-0.1476687937974929,0.5730936527252197,1.4388880729675293,-0.17907547683861447,2.510738107332399,-0.0392455831170082,0.5518909692764282,0.2845264971256256,-0.24992792379457396,0.5155483835850075
7769,0.0002760727948043,0.660465657711029,0.0262082014232873,0.015949098986796813,0.03968139920267296,-0.0803496688604354,0.6910378932952881,1.312543511390686,-0.08858669906003874,1.8993799386769978,-0.0179030951112508,0.6686102747917175,0.282630443572998,-0.09474060036421236,0.4227132819055791
7779,-0.0013843448832631,0.344964861869812,0.049738559871912,-0.08068192158729569,0.14418442389266614,-0.1301893591880798,0.5820016860961914,1.465063452720642,-0.1526844510083623,2.517283863123553,-0.0401332080364227,0.3780761063098907,0.3093157708644867,-0.3431804829270318,0.8181309680833295
7789,-0.0003664829418994,0.5489591360092163,0.0288677159696817,-0.02312604275541611,0.052586274780928415,-0.1819652020931244,0.8286420106887817,1.2788633108139038,-0.17171066435273774,1.5433242513867844,-0.050561673939228,0.5814502239227295,0.265648752450943,-0.32734153968979923,0.4568727322155882
7799,-0.0023876097984611,0.6987621188163757,0.03697220236063,-0.09241844949204961,0.052910999845350436,-0.1532288789749145,0.8506996631622314,1.371817946434021,-0.1313009545346793,1.6125761015758278,-0.0720904022455215,0.8559951186180115,0.299899160861969,-0.2808218590849101,0.35035148488480955
7809,0.0007598710362799,0.6033145785331726,0.0352990254759788,0.03568069914205722,0.058508490813864736,-0.0876149758696556,0.8112643957138062,1.2705317735671997,-0.08500224556815156,1.566113070263978,-0.0312320701777935,0.6723923683166504,0.2740254998207092,-0.16950675804961693,0.4075380874811805
7819,-0.000468482467113,0.660740077495575,0.0333882123231887,-0.02123584396298767,0.050531537983500484,-0.0927501544356346,0.7823529243469238,1.2830393314361572,-0.09239999789828834,1.6399751205725803,-0.0437640994787216,0.6345168948173523,0.26815065741539,-0.25721479184580404,0.4226060166492147
7829,-0.0012390948832035,0.6162420511245728,0.0228890348225832,-0.08784676101703069,0.03714292911496914,-0.1374562084674835,0.9379134774208068,1.380388617515564,-0.10616960811100254,1.4717654141313028,-0.0468134880065918,0.6727369427680969,0.2659015655517578,-0.2617006669286647,0.3952534024037064
7839,-0.0006831051432527,0.3484331667423248,0.0323228873312473,-0.06065378658388641,0.09276639085036041,-0.1124964207410812,0.6867242455482483,1.4517812728881836,-0.11283793611466737,2.114067301831101,-0.0447099804878234,0.5066655874252319,0.2846103012561798,-0.31005051510187503,0.5617320542776737
7849,0.0009434443200007,0.6507266163825989,0.0393809862434864,0.036815534920519886,0.06051848080597351,-0.0837615206837654,0.8438451886177063,1.3462839126586914,-0.07373015019057882,1.5954157596893153,-0.0323680378496646,0.730075478553772,0.2936049699783325,-0.15100287243020213,0.40215700787532715
7859,-0.001440176507458,0.4622673094272613,0.0380951352417469,-0.08178111369539293,0.08240932132740666,-0.203382521867752,0.9037742614746094,1.1960989236831665,-0.18814234797140097,1.3234487578032998,-0.0567038990557193,0.6466094851493835,0.2779644131660461,-0.3154871344915601,0.4298798881705688
7869,-0.000267465627985,0.5727489590644836,0.031969778239727,-0.014607101478770567,0.055818134164653525,-0.1024103537201881,0.7166873812675476,1.3020457029342651,-0.10974579266833649,1.8167554459120532,-0.0227332431823015,0.6839092969894409,0.2642589807510376,-0.12578623976849265,0.3863947776617483
7879,-0.0003270910237915,0.6379709839820862,0.0314023457467556,-0.01632697051551775,0.04922221626875331,-0.1495644301176071,0.7689107060432434,1.498662352561951,-0.1297922063037949,1.9490720324001658,-0.0295044500380754,0.5837054252624512,0.2826144695281982,-0.1788543060119835,0.4841731073531249
7889,-0.0017945686122402,0.3253872692584991,0.0385436862707138,-0.1430890046224377,0.11845480727794959,-0.1048391610383987,0.7033799290657043,1.204818844795227,-0.12371199587785253,1.7128990962189967,-0.0522120334208011,0.4760516583919525,0.2752088010311126,-0.3985237484954918,0.578107010404577
7899,-0.0011715989094227,0.5937536358833313,0.031391367316246,-0.06285827287718272,0.05286934751910167,-0.1258762776851654,0.6642974019050598,1.2736111879348757,-0.14877997194477857,1.9172304216190474,-0.0376262106001377,0.5946235060691833,0.2779625058174133,-0.2276471358080757,0.46745966646174403
7909,-0.0012159370817244,0.4843239486217499,0.0444994047284126,-0.05641842490199244,0.09187942255394436,-0.1390143483877182,0.8528770804405212,1.3047534227371216,-0.12492367156454161,1.5298258713473702,-0.0747698694467544,0.7182868123054504,0.2940114438533783,-0.3540499151126315,0.4093231823506602
7919,0.0008802292868494,0.6670253276824951,0.0378216169774532,0.034890998424683156,0.056701920313671106,-0.1302224993705749,0.8360192179679871,1.5565379858016968,-0.10007141529016343,1.8618447427380789,-0.0380621775984764,0.8374139070510864,0.2781056761741638,-0.1634344513263489,0.3321006181441383
7929,-0.0011911420151591,0.6270588040351868,0.0348357819020748,-0.05452927344045912,0.05555425053902923,-0.155918687582016,0.8044940233230591,1.4208917617797852,-0.13639999432315944,1.766193061212091,-0.0285016931593418,0.7031605839729309,0.2490472197532653,-0.1627550393073862,0.3541825657321723
7939,-0.0006706301355734,0.4992283582687378,0.030389042571187,-0.04420453234894262,0.0608720279364186,-0.0872513651847839,0.620040237903595,1.41715407371521,-0.09929680783437471,2.285584042911021,-0.0363494530320167,0.6065788269042969,0.2633592784404754,-0.22754222983270223,0.4341715647816817
7949,-0.0033127155620604,0.5867074131965637,0.0405798219144344,-0.1391401398157332,0.06916534715888957,-0.0875284150242805,0.8049514889717102,1.3252925872802734,-0.08204792220203912,1.6464254125093625,-0.0760411396622657,0.7265821099281311,0.3084467053413391,-0.33929993866439656,0.4245173410226804
7959,-0.0007984632975421,0.5420385599136353,0.0275176893919706,-0.053531918858266164,0.05076703287743049,-0.1296941041946411,0.7792482972145081,1.5316007137298584,-0.10866728380958343,1.9654848386640056,-0.0453747175633907,0.7002488374710083,0.2752172350883484,-0.23544306934085021,0.3930277643620407
7969,-0.0015526044880971,0.3494455516338348,0.0425204560160636,-0.10449208796316274,0.12167977476679544,-0.2312084883451461,0.6890143752098083,1.4252334833145142,-0.23544500140306573,2.0685105196542866,-0.062826007604599,0.5199394226074219,0.2757404148578644,-0.4382140424785101,0.5303318095694025
7979,0.0017360353376716,0.6484449505805969,0.0468625612556934,0.057129369003635216,0.07226914360846538,-0.0978714153170585,0.7322128415107727,1.3084617853164673,-0.10215449570521284,1.786996500384672,-0.0459387525916099,0.5839118957519531,0.3048796057701111,-0.2580497847253436,0.5221328902325095
7989,-0.0012815396767109,0.4729823470115661,0.0335933603346347,-0.0806554421280884,0.07102455418661369,-0.1316561698913574,0.8015115261077881,1.4571396112442017,-0.11272760500495031,1.8179895906428225,-0.0687431842088699,0.8041344881057739,0.288785457611084,-0.29602312333386144,0.35912582022361644
7999,-0.0009917709976434,0.5278940796852112,0.0338037684559822,-0.05557756232428354,0.06403513461666353,-0.1430938690900802,0.908123254776001,1.2046717405319214,-0.13079992860925976,1.3265509215806477,-0.0530332401394844,0.6017655730247498,0.2819795906543731,-0.31253822969826156,0.46858710982254165
8009,-0.0016744791064411,0.4227082431316376,0.0306276082992553,-0.1293379376789471,0.07245566841174046,-0.1313085258007049,0.7778946161270142,1.3124074935913086,-0.12861850533374328,1.6871276216379154,-0.0408447608351707,0.5978291630744934,0.2620390057563782,-0.26073138863266576,0.43831753608133434
8019,-0.0015705551486462,0.5003046989440918,0.038142304867506,-0.08230224387345485,0.07623815036717922,-0.1513848006725311,0.640030026435852,1.4114559888839722,-0.16757706645465534,2.2052965182648934,-0.0564657263457775,0.556061863899231,0.2840708494186401,-0.3574663271128363,0.5108619523494586
8029,0.0011258528102189,0.8539045453071594,0.036687109619379,0.035938404582832865,0.042963946990330425,-0.1838667392730713,0.922720432281494,1.3643207550048828,-0.14605504093383084,1.4785851784288546,-0.0387682057917118,0.8558138608932495,0.271042913198471,-0.1671315071373684,0.3167077861014917
8039,-0.0008274207939393,0.545583188533783,0.0428491495549678,-0.03539347826222991,0.07853825127955633,-0.1204245835542678,0.6756220459938049,1.3628844022750854,-0.1307833084128981,2.017229026726553,-0.043989822268486,0.5221416354179382,0.2926363348960876,-0.2878960016270564,0.5604539363382743
8049,-0.0001709659118205,0.3692101836204529,0.0285452343523502,-0.016221919529201465,0.07731432018596385,-0.0984316170215606,0.6141086220741272,1.3406848907470703,-0.11955361422066418,2.1831396638252056,-0.0439032316207885,0.4243435263633728,0.2710117995738983,-0.3817602511905626,0.6386613268180888
8059,-0.0020531117916107,0.4647828042507171,0.0422727204859256,-0.10449664506501585,0.09095155866205946,-0.2217674851417541,0.7674708366394043,1.5636500120162964,-0.18479764715576452,2.0374064229765336,-0.0679496377706527,0.6511895060539246,0.2966861426830292,-0.35170819719287666,0.4556064554554735
8069,0.0011283233761787,0.9131696820259094,0.0334966666996479,0.036887609331847655,0.036681755164422444,-0.1167331337928772,0.9220101237297058,1.3969273567199707,-0.09063264041745453,1.5150889570161492,-0.0547617822885513,1.0501209497451782,0.2941523492336273,-0.17728252572991365,0.2801128282461236
8079,-0.0003555195580702,0.7366570830345154,0.0357465185225009,-0.013500951516512255,0.04852531706509911,-0.1562924981117248,0.8729036450386047,1.4237196445465088,-0.12576139563701733,1.6310158087191213,-0.0374763384461402,0.8636319637298584,0.2819792330265045,-0.15389032608121916,0.3265039332364345
8089,-0.001369654550217,0.3948031067848205,0.0395864620804786,-0.08763625156030162,0.10026887174941712,-0.1408750116825103,0.6431828737258911,1.340820074081421,-0.16335370531494764,2.0846638317873585,-0.0495692491531372,0.4283964931964874,0.277657002210617,-0.4167329141815613,0.6481308942070808
8099,-0.0013181127142161,0.4947572946548462,0.0297768022865057,-0.0894709988362074,0.060184665508122855,-0.1051766499876976,0.8035466074943542,1.4482966661453247,-0.09037550374050973,1.8023804128318723,-0.0515838377177715,0.5954775214195251,0.2753939926624298,-0.31455298800328224,0.46247588323054356
8109,-0.0003930520033463,0.5215507745742798,0.02834296785295,-0.02658937292821737,0.054343640609267975,-0.1602776497602462,0.9654023051261902,1.2268298864364624,-0.13532570144546002,1.270796516563217,-0.0518169254064559,0.6600534319877625,0.2675906419754028,-0.29337400201048347,0.4054075458248113
8119,0.0002536606916692,0.5523918271064758,0.0328964963555336,0.013959063476130086,0.05955282960620752,-0.1716374009847641,0.7637076377868652,1.3366230726242063,-0.1681418579640859,1.750176384902451,-0.0354259759187698,0.6387991309165955,0.2650438547134399,-0.20923761800559268,0.41490954180406553
8129,-0.0019670177716761,0.7842640280723572,0.0298939943313598,-0.08390001534329974,0.03811725804234099,-0.1042725145816803,1.083619475364685,1.3305388689041138,-0.07232117591964547,1.2278654076942734,-0.0674133673310279,1.0336072444915771,0.2605022192001343,-0.25036813191554924,0.2520321143146333
8139,-0.0009159217588603,0.8107080459594727,0.0330796986818313,-0.03415327445579357,0.04080346660761395,-0.0557193979620933,0.8263800144195557,1.3007279634475708,-0.051837032652396996,1.57400704367372,-0.0247792936861515,0.8579868078231812,0.2842052578926086,-0.10161930128033925,0.3312466523974565
8149,0.0001316598209086,0.7444104552268982,0.0379812717437744,0.004656625301365642,0.05102194827744273,-0.206813782453537,0.9913492202758788,1.518118977546692,-0.13741906806155932,1.5313664917436667,-0.0352371856570243,1.0053075551986694,0.2938232421875,-0.11929331894924948,0.2922719924545225
8159,-0.0002927636960521,0.4575155973434448,0.0292551778256893,-0.021873011168678177,0.06394356388188491,-0.1637352555990219,0.7454569935798645,1.3645790815353394,-0.16096108808724935,1.8305269026752315,-0.0303869415074586,0.4773476123809814,0.2718114852905273,-0.23419867382580012,0.5694204354238787
8169,-0.0008654239936731,0.4862244427204132,0.0321843065321445,-0.0553029105614784,0.0661922842711776,-0.1310149431228637,0.790941059589386,1.2567150592803955,-0.13180742994545602,1.5888858519152038,-0.0427689626812934,0.6477959156036377,0.2725453078746795,-0.24224331552244333,0.4207271168431384
8179,-9.73399874055e-05,0.2527346312999725,0.0378735363483428,-0.01016929092155837,0.14985495321134062,-0.0844676941633224,0.4858653247356415,1.410892367362976,-0.12321989924357625,2.9038754064835564,-0.0329861231148242,0.340499997138977,0.2674032151699066,-0.36228265197460197,0.7853251612826431
8189,0.0025364593602716,0.8358206748962402,0.0354691334068775,0.08555870861383882,0.042436295813429926,-0.0203780867159366,0.8790476322174072,1.3812052011489868,-0.016783896488785848,1.571251830421159,0.0240486301481723,0.9883105158805848,0.2950459122657776,0.08247215157345737,0.29853563988731985
8199,-0.0001800795434974,0.589197039604187,0.0338759608566761,-0.009022194858168124,0.05749513079602949,-0.1087292060256004,0.7535620927810669,1.2269837856292725,-0.11759486272829249,1.6282451006804415,-0.0283444263041019,0.7789461612701416,0.2631452083587646,-0.1382817170349327,0.3378220748012709
8209,0.0011746322270482,0.6787645220756531,0.0317121930420398,0.0545703200698014,0.04672046344594489,-0.0987782329320907,0.7429521083831787,1.4181612730026243,-0.09375076315075086,1.9088192320886521,-0.0202198661863803,0.7999218106269836,0.273288756608963,-0.09249302301067491,0.34164433695683033
8219,-0.0002041071711573,0.5488201379776001,0.0353930182754993,-0.010507771608257999,0.06448928497034097,-0.0923424586653709,0.7336639165878296,1.2489292621612549,-0.10077816181663649,1.7023179604768541,-0.0301431454718112,0.6870022416114807,0.260955274105072,-0.1681374035812597,0.37984632116040407
8229,0.0003640580107457,0.5675756931304932,0.0325908586382865,0.019681174003465463,0.057421166961061934,-0.1226421743631362,0.752745509147644,1.392746925354004,-0.11698211259481948,1.8502228288695504,-0.0284378863871097,0.6608598828315735,0.274633526802063,-0.15668750735948264,0.4155699777467896
8239,-0.0007865681545808,0.4422157108783722,0.0399669222533702,-0.04450424991114104,0.09037879313239229,-0.0982074737548828,0.6845877766609192,1.3028717041015625,-0.11010670007723772,1.9031477752295356,-0.0588258393108844,0.5826839804649353,0.2798076272010803,-0.3608074574588976,0.4802047706508358
8249,-0.0014543500728905,0.5735566020011902,0.0349831767380237,-0.07248254431199189,0.06099341654505288,-0.1933270096778869,0.7370704412460327,1.445033311843872,-0.1815121410498346,1.9605091060238606,-0.0423389077186584,0.6386968493461609,0.2776875495910644,-0.23871981416688337,0.4347720673357562
8259,-0.0010125928092747,0.6411879658699036,0.0458442531526088,-0.03444804455976347,0.071498929476026,-0.0855825319886207,0.81322181224823,1.1819472312927246,-0.0890385388873351,1.4534130952846895,-0.0471300147473812,0.6958711743354797,0.2879863381385803,-0.23517808154213046,0.4138500756459586
8269,-0.0004185728903394,0.2576321363449096,0.041909247636795,-0.03876691105695934,0.16267088505095595,-0.1714206486940384,0.5334638357162476,1.5906333923339844,-0.20201706423044036,2.9817080106252063,-0.0350085943937301,0.2944782078266144,0.2923327684402466,-0.40667175810595796,0.9927144375055725
8279,0.000181731156772,0.6529406309127808,0.0338637940585613,0.008219020849523006,0.05186351171196266,-0.0710779502987861,0.7164323329925537,1.4120430946350098,-0.07026058581806548,1.9709371417351789,-0.0258424151688814,0.7284151315689087,0.2537348568439483,-0.1398215163919833,0.3483382563696026
8289,-0.0011488572927191,0.5574478507041931,0.0324537307024002,-0.06350343417604819,0.05821841569826342,-0.1499917209148407,0.8862059712409973,1.273442029953003,-0.1329087080287039,1.4369594329969817,-0.0715877637267112,0.6966769695281982,0.2813050150871277,-0.3652833417088352,0.4037811315589093
8299,-0.0001603947894182,0.6701499819755554,0.0399625971913337,-0.005989141031865436,0.059632318534914755,-0.1453096717596054,0.9260230660438538,1.3326538801193235,-0.11774849071271033,1.4391152110418521,-0.0476263202726841,0.7984966039657593,0.2730934023857116,-0.21840508546754073,0.34200947258809167
8309,-0.0014472565380856,0.4840207099914551,0.0339656770229339,-0.08803214827580991,0.07017401594971738,-0.2086969465017318,0.7230256199836731,1.4891438484191897,-0.19383212478578649,2.059600389337264,-0.0369229614734649,0.5038824081420898,0.2599610388278961,-0.28187662771651506,0.5159160840451285
8319,-0.0024379084352403,0.4331685900688171,0.0490892715752124,-0.11464994342648506,0.11332601832328987,-0.1355079710483551,0.8414315581321716,1.3388525247573853,-0.12028550737804923,1.5911603407523718,-0.0682718753814697,0.6783460378646851,0.2980972528457641,-0.33762342120289013,0.4394471791773447
8329,-0.001201840233989,0.425905704498291,0.0424786172807216,-0.06642979469253735,0.09973714094945176,-0.187196746468544,0.7437109351158142,1.5050197839736938,-0.1672445291767788,2.023662303337418,-0.0554859079420566,0.6239261627197266,0.2896193861961365,-0.30705902826160014,0.46418855868083897
8339,0.0002463415730744,0.5183976888656616,0.0272416789084672,0.017443787361356124,0.05254976920918845,-0.1220247820019722,0.7788735032081604,1.3614028692245483,-0.11507856805196866,1.747912675956961,-0.0347461253404617,0.5001915693283081,0.2537494003772735,-0.2737568467444457,0.5073044328156626
8349,0.0027555914130061,0.8733094334602356,0.0464678816497325,0.0679037559081974,0.05320895420265528,-0.075589545071125,0.924982249736786,1.2205950021743774,-0.06695095025134946,1.3195874867022706,-0.0178093519061803,0.8238818049430847,0.3428611755371094,-0.06304706790639644,0.4161533529203195
8359,-0.0003049935912713,0.5577320456504822,0.0288067143410444,-0.018983285931788278,0.05164973855401686,-0.1543253064155578,0.7348901033401489,1.3987571001052856,-0.15013171478285645,1.9033554728085122,-0.0549717955291271,0.6120637059211731,0.2781421542167663,-0.3229062722324101,0.45443334006899583
8369,-0.0001616633671801,0.5409260988235474,0.0294656120240688,-0.010142808316429053,0.05447252792600163,-0.0687050148844719,0.6191858649253845,1.261505961418152,-0.08795855728524044,2.037362337995508,-0.0308363065123558,0.5622738003730774,0.2610883116722107,-0.21005212350218236,0.464343726310873
8379,-0.0016038254834711,0.43545663356781,0.0478351414203643,-0.07699546332571176,0.10985052869315248,-0.1304730474948883,0.6423414349555969,1.4716142416000366,-0.1380259950725965,2.2910155900214733,-0.0476205945014953,0.4047859013080597,0.3151648342609405,-0.37327738743835276,0.7785963721623949
8389,-0.0018708826974034,0.6409950852394104,0.0405780039727687,-0.07192852897415547,0.06330470374451139,-0.1050305813550949,0.8713439702987671,1.56251323223114,-0.0771440500029948,1.7932220632632416,-0.0392343923449516,0.7360789775848389,0.2844324111938476,-0.18739734488395504,0.38641561551873627
8399,-0.0009076058631762,0.37842857837677,0.043222889304161,-0.05548806393799024,0.11421676843107643,-0.1401624083518982,0.6402915120124817,1.4092779159545898,-0.15533065019084596,2.200994218282122,-0.0438170433044433,0.5041567087173462,0.2816613614559173,-0.3085675441123734,0.5586781978415164
8409,0.0001649794721743,0.4431491196155548,0.0390104502439498,0.009543310542885656,0.08803007501807188,-0.0977190509438514,0.5209398865699768,1.5522925853729248,-0.1208420394438112,2.979792151439355,-0.0292157419025897,0.4082767069339752,0.260072112083435,-0.2751493754639774,0.636999632030178
8419,-0.0021828957833349,0.6331958770751953,0.0434198416769504,-0.07939747441876653,0.06857252747366525,-0.2485077977180481,0.8175594210624695,1.4119170904159546,-0.21528387309399086,1.7269901783788146,-0.0625714287161827,0.7588013410568237,0.2892826795578003,-0.28505295675635794,0.3812363841567552
8429,-0.0017352749127894,0.7173028588294983,0.0394266620278358,-0.06135863878042279,0.054965153899111184,-0.1025910675525665,0.9993666410446168,1.3750799894332886,-0.07465462845261765,1.3759514606130405,-0.0604097172617912,0.8513891100883484,0.2797067761421203,-0.25367386417786414,0.32852989641022684
8439,-0.0002616729761939,0.252074658870697,0.0309405326843261,-0.03355072423666511,0.12274352694928053,-0.1526087522506714,0.5775607228279114,1.2408440113067627,-0.2129436045768122,2.1484217369062364,-0.034884750843048,0.4002289474010467,0.2442045360803604,-0.3569220692206616,0.6101621026318641
8449,-0.001241861260496,0.4517777264118194,0.0344162806868553,-0.07987011856124268,0.07617967570070737,-0.1915881633758545,0.6748989224433899,1.6392736434936523,-0.17317232314468758,2.428917262986375,-0.0555729195475578,0.622144877910614,0.2984979450702667,-0.29924736682375985,0.4797884796106175
8459,0.0007891468703746,0.610836923122406,0.0237321071326732,0.054437259973851515,0.0388517888070062,-0.0782520547509193,0.732140839099884,1.360123634338379,-0.07858193709246476,1.8577349625934756,-0.013397816568613,0.5910534858703613,0.2503923177719116,-0.09052869172854477,0.42363732514527697
8469,0.0001769820082699,0.6794692873954773,0.0261809937655925,0.009948856358639423,0.03853153372972714,-0.1270979046821594,0.6376153826713562,1.6772606372833252,-0.11884448965118438,2.6305209737197157,-0.0195578522980213,0.7654436826705933,0.2654969394207001,-0.09623840128398127,0.3468536555091748
8479,-0.0008921794360503,0.4014675617218017,0.0389651432633399,-0.05703290211652337,0.0970567661711631,-0.1220805048942565,0.6258507966995239,1.4207205772399902,-0.13729883008198196,2.270062744558732,-0.0465465113520622,0.4815700054168701,0.2792465388774872,-0.34613053071345684,0.5798669679100092
8489,-0.0012570833787322,0.6043359637260437,0.0340076424181461,-0.0611658645985217,0.056272743075674994,-0.1420247107744217,0.8341084122657776,1.4681977033615112,-0.11597299472472664,1.7602000912246998,-0.0748197808861732,0.78727126121521,0.2613292634487152,-0.3636670800058045,0.3319431005843331
8499,-0.0010939061176031,0.3712106347084045,0.0367122516036033,-0.08026914190764077,0.09889870647817436,-0.1853682994842529,0.6822857856750488,1.539220094680786,-0.17650963538178538,2.2559756146141785,-0.0506015494465827,0.6914045214653015,0.292662501335144,-0.2500716847327432,0.4232869358662871
8509,-0.0017166505567729,0.3379877805709839,0.0436406731605529,-0.11638297604526286,0.129119085568206,-0.2305336743593216,0.6870941519737244,1.5238021612167358,-0.22018591534271537,2.2177486983981907,-0.057476632297039,0.4791905879974365,0.2844407558441162,-0.4216879689558671,0.5935858570027629
8519,-0.0011606011539697,0.7354475855827332,0.043553490191698,-0.03623333490789101,0.059220386395297385,-0.1696036458015442,0.8541179895401001,1.5280691385269165,-0.12994940934556568,1.789060946192815,-0.0232571549713611,0.9461775422096252,0.2915762662887573,-0.08430081642077944,0.3081623197352942
8529,-2.69987540377e-05,0.5293336510658264,0.0326470620930194,-0.0015623204342493787,0.061675772978505586,-0.0467589385807514,0.690692126750946,1.322444200515747,-0.05119208076413941,1.914665231145167,-0.0271275714039802,0.67526775598526,0.2531226575374603,-0.1587098499745991,0.3748478367194325
8539,-0.0002728489052969,0.4580645561218261,0.0257630292326211,-0.02312057341842201,0.05624322792128279,-0.2070661038160324,0.7827429175376892,1.477779984474182,-0.1790111510457158,1.8879506302310638,-0.0419311597943306,0.5268730521202087,0.2448200732469558,-0.32507521992569116,0.4646661510999026
8549,-0.0013503828085958,0.5329200625419617,0.0347697287797927,-0.07287751025473249,0.06524379775448023,-0.1558081805706024,0.7983536124229431,1.3068832159042358,-0.14933382220188324,1.6369728846568925,-0.0421874709427356,0.6243928670883179,0.2801108658313751,-0.24121016289355124,0.44861317384613003
8559,0.000596507336013,0.7036298513412476,0.0291890557855367,0.029043669529360862,0.04148353815560412,-0.0852347537875175,0.9064305424690248,1.2438886165618896,-0.07559632557988001,1.3722933620194033,-0.0377683639526367,0.8109357357025146,0.2670878171920776,-0.17437637883936175,0.32935756242225417
8569,0.0001468742848373,0.5838233232498169,0.0349962562322616,0.0071885738150902915,0.05994323083472767,-0.0776179134845733,0.6936793327331543,1.2749656438827517,-0.08776163919825834,1.8379755367069694,-0.0320002809166908,0.6123203039169312,0.2789085507392883,-0.18737571426959557,0.4554945327717333
8579,0.0009516268619336,0.7909876704216003,0.0468145459890365,0.025698996347471303,0.05918492504957013,-0.0750778540968895,0.8486560583114624,1.4326754808425903,-0.06174933810926146,1.6881697441636467,-0.0560944750905036,0.791469156742096,0.3157999813556671,-0.22442642589522457,0.39900478580313403
8589,-0.0013933007139712,0.5342527031898499,0.0381215773522853,-0.06841120958556533,0.07135495454617957,-0.1330348551273346,0.7500538229942322,1.578174114227295,-0.11238752218011624,2.104081155039231,-0.0467747524380683,0.6029929518699646,0.2872087061405182,-0.2700857439331032,0.47630524577417405
8599,0.0006968434900045,0.5117838978767395,0.0482717268168926,0.028206928290663697,0.09432052672457976,-0.0759206414222717,0.725981593132019,1.243656873703003,-0.0840879344470135,1.7130694296774618,-0.0298185963183641,0.7162165641784668,0.2905131578445434,-0.1433101754242882,0.4056219478500547
8609,-0.0025325054302811,0.5993834137916565,0.0507270619273185,-0.08329251108354153,0.08463207482906933,-0.223453938961029,0.8722752928733826,1.306737780570984,-0.19604058765307508,1.4980795526907893,-0.068893052637577,0.7342268824577332,0.3078725337982178,-0.3047713938857927,0.41931525684220766
8619,-0.0013961980585008,0.5292728543281555,0.0374031029641628,-0.0705277090280698,0.07066884813437348,0.026473082602024,0.7768263816833496,1.336406111717224,0.025500112443934207,1.7203407907199146,-0.0474964678287506,0.6393923163414001,0.2691502273082733,-0.2759936879256504,0.4209469216776793
8629,9.49256645981e-05,0.7162659168243408,0.0403826348483562,0.0032818196308402703,0.05637938913441243,-0.1379746049642563,0.8789418935775757,1.3801027536392212,-0.11374375773790787,1.5701865660558743,-0.0292873084545135,0.8285537362098694,0.2654179036617279,-0.13317679728979448,0.3203387928414321
8639,-0.0005674772546626,0.4110693335533142,0.0377194546163082,-0.036598895182410454,0.09175934942715964,-0.1556904762983322,0.678257405757904,1.475211501121521,-0.155601297196748,2.1750024232659544,-0.0451861172914505,0.4897302687168121,0.2689462602138519,-0.3430698624491733,0.5491722227391479
8649,-0.001029523089528,0.394644170999527,0.0277534127235412,-0.0939970024986339,0.07032515557812323,-0.1530517935752868,0.7132014036178589,1.3187414407730105,-0.1627296087424467,1.8490449318851965,-0.0441989265382289,0.5065874457359314,0.240532785654068,-0.3627296174817083,0.474810001074228
8659,-0.0009300712845288,0.4400578439235687,0.0266466662287712,-0.07931650830379242,0.06055264460505632,-0.1475550383329391,0.7009410858154297,1.4171555042266846,-0.14854396713491086,2.021789752241527,-0.048005074262619,0.5651894211769104,0.2595955431461334,-0.32718688679237234,0.45930715158392393
8669,-0.0005084868171252,0.3217835426330566,0.0269702561199665,-0.058590984924963785,0.08381490209001094,-0.1740543246269226,0.7730406522750854,1.4167306423187256,-0.15892608977533176,1.8326728848595972,-0.0569794215261936,0.5743997693061829,0.2584877014160156,-0.38376370152334177,0.4500135884947217
8679,0.0009774676291272,0.748405933380127,0.0479892045259475,0.027215831704907333,0.06412189212504953,-0.1599344760179519,0.8661819100379944,1.4032453298568726,-0.13158287673394325,1.6200353685466835,-0.0311644617468118,0.7002871036529541,0.2912332117557525,-0.1528067722544198,0.4158768742656739
8689,0.0017846899572759,0.7976163029670715,0.040560346096754,0.05516544241529195,0.050851952180356166,-0.1620755195617675,1.0469297170639038,1.4167230129241943,-0.10927352337430056,1.3532169254850932,-0.0314919874072074,0.8706841468811035,0.2954365909099579,-0.12242641965239826,0.33931545896206755
8699,-0.0019858351442962,0.4956662356853485,0.0391269214451313,-0.10239486499972948,0.07893804061725374,-0.1436590105295181,0.7289002537727356,1.3445271253585815,-0.1465869136672965,1.8445968682263523,-0.0518295466899871,0.6476883292198181,0.2674517333507538,-0.2992029850522853,0.41293276609278484
8709,-0.0008584778988733,0.3356318175792694,0.0499120764434337,-0.051246045321769906,0.14871080103019577,-0.1261611133813858,0.6941463947296143,1.4780216217041016,-0.12296843711582929,2.1292649978825064,-0.0638833865523338,0.5370947122573853,0.3210389018058777,-0.37049247609665825,0.5977323821650848
8719,-0.0018529926892369,0.7351833581924438,0.0521936304867267,-0.04829036984788035,0.0709940314958331,-0.1562749296426773,0.8449775576591492,1.3191776275634766,-0.14019769077608474,1.5611984195391049,-0.058636050671339,0.7994335293769836,0.2908938825130462,-0.2521434925208712,0.36387500876995527
8729,-0.0014001035597175,0.4653529822826385,0.045495044440031,-0.0661322904834276,0.09776459198105873,-0.0415718369185924,0.7056615352630615,1.1343798637390137,-0.05193310162186201,1.6075410193870514,-0.0338626317679882,0.6673057079315186,0.2941673099994659,-0.17250490931879994,0.44082840368818554
8739,-0.0016760675935074,0.4987172782421112,0.0284221917390823,-0.11824411889730732,0.05699058961675726,-0.1143366917967796,0.7861300110816956,1.234209418296814,-0.11784262008229922,1.5699813019459365,-0.0433324798941612,0.6009040474891663,0.2579817771911621,-0.2795241816526876,0.4293227483973858
8749,-0.0012464949395507,0.5169283747673035,0.0315534137189388,-0.07642119001889414,0.06104020452184047,-0.0529009625315666,0.6444934606552124,1.3276350498199463,-0.06182531668267004,2.0599666728506922,-0.0438967756927013,0.6637905240058899,0.2783294916152954,-0.2375977627469918,0.41930320115992764
8759,-0.0003835299867205,0.272749125957489,0.0479205697774887,-0.029343639916672156,0.17569467769791372,-0.1088086292147636,0.4341601431369781,1.5153526067733765,-0.16538635923675557,3.490307967526353,-0.0381402596831321,0.3207459449768066,0.3168338239192962,-0.3753106879052657,0.9878030537290401
8769,-0.000624191830866,0.7392875552177429,0.026362283155322,-0.032027398572917094,0.03565903817704262,-0.158957839012146,0.9481495022773744,1.6146459579467771,-0.10383118699936987,1.7029444766553534,-0.0366246402263641,0.909754514694214,0.2779688835144043,-0.14482814395781338,0.30554273600701504
8779,-0.0005831444868817,0.599253237247467,0.0340408682823181,-0.028586774519727586,0.056805480832572655,-0.107468694448471,0.7492979168891907,1.4500229358673096,-0.09891281823496899,1.935175453159234,-0.0395645499229431,0.6415248513221741,0.2538398504257202,-0.2429589722467558,0.39568202214233744
8789,-0.00146622559987,0.3702953457832336,0.0407549738883972,-0.0971565143096536,0.11006072410171386,-0.1287329643964767,0.8417143821716309,1.2930799722671509,-0.1182768192867621,1.5362455479624724,-0.0553841143846511,0.5319526195526123,0.2900028824806213,-0.3590128133864555,0.5451667532430279
8799,-6.182135985e-05,0.6912781596183777,0.0357708893716335,-0.0025000919383596854,0.05174601406672668,-0.1746808886528015,0.8772033452987671,1.4608017206192017,-0.13631819962802777,1.6652942883176836,-0.0480703637003898,0.7902299165725708,0.2770792841911316,-0.2195431462799611,0.3506312256474613
8809,-0.0002366542175877,0.5406422019004822,0.0304956883192062,-0.014353766110005505,0.05640641483777407,-0.0594987347722053,0.604494035243988,1.480250358581543,-0.06649370553353108,2.44874270427512,-0.0192467365413904,0.6413286924362183,0.2558811008930206,-0.11728385185655969,0.3989858927424623
8819,0.0011940840631723,0.5665338635444641,0.029805613681674,0.07071490459434378,0.05261047149979363,-0.1381369233131408,0.7429419159889221,1.4623143672943115,-0.12714935762543203,1.9682754947913261,-0.0262167528271675,0.7277636528015137,0.2713791131973266,-0.13274314993832662,0.3728945683844712
8829,-0.001582893077284,0.523331880569458,0.0366052463650703,-0.08262872539097438,0.06994652480418104,-0.1259927302598953,0.8165754079818726,1.1496373414993286,-0.13421106694538576,1.4078765172963057,-0.048970878124237,0.6691262125968933,0.2793716490268707,-0.2619675611558106,0.41751711974131656
8839,-0.002455020090565,0.4816643595695495,0.0419137775897979,-0.12160564449796671,0.08701864017353311,-0.1815490275621414,0.7653085589408875,1.414783239364624,-0.16767466622235394,1.8486442139397294,-0.0565563589334487,0.5093151330947876,0.2916496992111206,-0.380744228475796,0.5726311280777167
8849,-0.0020421452354639,0.5942633748054504,0.0340488776564598,-0.10092641791748345,0.05729593829942271,-0.1369428038597107,0.9464711546897888,1.6372902393341064,-0.08837026558805221,1.7298892113312607,-0.055776908993721,0.7883865833282471,0.2794016599655151,-0.2532131385331586,0.35439677167766487
8859,-0.0006778567912988,0.6114509105682373,0.0307460017502307,-0.03605684374570544,0.05028367971789859,-0.1451348513364792,0.9392702579498292,1.371634840965271,-0.11265296680422242,1.460319678341754,-0.0431736148893833,0.7658166289329529,0.2585564851760864,-0.21804101024933512,0.3376219259385173
8869,-0.0004801928589586,0.500420093536377,0.0282454062253236,-0.033972940023526126,0.05644338944449352,-0.0716551840305328,0.6325404644012451,1.306185007095337,-0.08672705678289765,2.0649825277688048,-0.0116280661895871,0.6695801019668579,0.2396496683359146,-0.07246497116913299,0.35791037940338394
8879,-0.0010905078379437,0.4567105770111084,0.0300994608551263,-0.07932845668048687,0.06590489112844479,-0.0453509837388992,0.7338950634002686,1.4230396747589111,-0.04342459104884929,1.9390233641383428,-0.0348432809114456,0.4777632057666778,0.246169239282608,-0.2962596862324483,0.5152536576934058
8889,-0.0006333236815407,0.172069638967514,0.0305655896663665,-0.12041724910267035,0.17763499621299925,-0.0810865014791488,0.3509061336517334,1.3182646036148071,-0.17528914081630106,3.7567442606265633,-0.0329483672976493,0.2695232927799225,0.2518244087696075,-0.48544470896143926,0.9343326366053011
8899,-0.0016059294575825,0.4683865308761596,0.0367531068623065,-0.09328847835843733,0.0784674717130667,-0.1772748529911041,0.7119863033294678,1.3666117191314695,-0.1821924408656059,1.9194354059070675,-0.0487088523805141,0.5180909037590027,0.2758854925632477,-0.340779190006541,0.5325040269218464
8909,-0.0014579850248992,0.6091437339782715,0.0333564542233943,-0.07175520393272204,0.05475957867209078,-0.1519286036491394,0.8066616654396057,1.2311689853668213,-0.15297852214428,1.5262520064045342,-0.0482858419418334,0.7411347031593323,0.2733629643917084,-0.2383323437008815,0.36884383260749787
8919,-0.0001510008441982,0.6545687913894653,0.0295098982751369,-0.007817292598607363,0.045082959443415706,-0.1119420677423477,0.9247838854789734,1.4058139324188232,-0.0861043768710498,1.5201540105672473,-0.0386830642819404,0.8289231061935425,0.2711657881736755,-0.1720963772127454,0.32713020803447346
8929,-0.0016733061056584,0.4805454313755035,0.0322587341070175,-0.10794278579561718,0.06712941586954797,-0.1902990639209747,0.7545420527458191,1.442007541656494,-0.17489833336293084,1.9111029483498647,-0.0460106097161769,0.6042450666427612,0.272342175245285,-0.2795953685978632,0.45071476836119173
8939,-0.0019309796625748,0.2772678136825561,0.046423640102148,-0.15001650769426006,0.16743248877526917,-0.2106381803750991,0.72049480676651,1.6221567392349243,-0.18022433197127824,2.2514482047621684,-0.0666932761669159,0.4748148322105407,0.3057138919830322,-0.4594545966382491,0.6438591872957197
8949,-0.0024933419190347,0.5547487735748291,0.039114911109209,-0.1149061147111084,0.07050923403967266,-0.1829333007335662,0.7862491607666016,1.278568983078003,-0.1819736101413706,1.6261626045252426,-0.0525295697152614,0.6224601864814758,0.2706440091133117,-0.31181273367394985,0.43479730108226927
8959,-0.0005075475783087,0.3383058905601501,0.02865138836205,-0.052362639301423035,0.08469077589695662,-0.1025964841246604,0.6029573082923889,1.2549089193344116,-0.13559188821005752,2.081256669544961,-0.0378784649074077,0.5203896760940552,0.2667431831359863,-0.2728791594122128,0.5125835415070286
8969,-0.0003299120871815,0.7800307869911194,0.0382684022188186,-0.011052134289958946,0.04906011769924446,-0.1506529450416565,0.9005346894264221,1.3659919500350952,-0.12246980856914784,1.5168676632602982,-0.0311096627265214,0.8126102685928345,0.2727862596511841,-0.14034291919086442,0.33569137653595915
8979,-0.0007204864523373,0.4377707540988922,0.0349372029304504,-0.04710759601485988,0.07980707391558207,-0.1194633543491363,0.9020719528198242,1.5708131790161133,-0.08430803916975374,1.7413391183550748,-0.0591400265693664,0.8312984108924866,0.2585059702396393,-0.27520352182937285,0.31096651557664573
8989,-0.0016838614828884,0.3584572076797485,0.0463260896503925,-0.10140127183396039,0.1292374338076666,-0.1410578340291977,0.6782399415969849,1.3750838041305542,-0.15124627317903314,2.0274297041439047,-0.0461580194532871,0.4872868955135345,0.2930546402931213,-0.3232316143010699,0.6014006183857691
8999,0.0005207144422456,0.5119196176528931,0.030757088214159,0.03307140396121384,0.06008187057799733,-0.0238153301179409,0.5751477479934692,1.237536907196045,-0.03345946730464637,2.151685217430595,-0.017100490629673,0.5203309655189514,0.2558923363685608,-0.12843151905418665,0.49178763772658984
9009,-0.0007161314133554,0.472267746925354,0.0413903668522834,-0.03663575635488961,0.08764173950423404,-0.0853863507509231,0.6903356909751892,1.4071431159973145,-0.08790019839131902,2.038346176205291,-0.0487301722168922,0.5749108195304871,0.2874301373958587,-0.29489347406808053,0.4999560412353946
9019,-0.0016378776635974,0.3052800893783569,0.0380993001163005,-0.14082053254262003,0.1248011299848682,-0.1642949134111404,0.5681859850883484,1.603934407234192,-0.18027977060235562,2.82290385424553,-0.0471587553620338,0.3771414160728454,0.2811259031295776,-0.44479228262955023,0.7454124398665293
9029,-0.0017550524789839,0.4999663233757019,0.0406764969229698,-0.08629900941351432,0.08135847360343762,-0.136446937918663,0.76634281873703,1.4090551137924194,-0.12636090316707305,1.8386746497013051,-0.0490735508501529,0.6335372924804688,0.2803812325000763,-0.2762653125248521,0.4425646853436337
9039,-0.0010346991475671,0.0837132409214973,0.0458497628569603,-0.26957700361158166,0.5477002485181077,-0.071053110063076,0.3538195192813873,1.399307370185852,-0.1435119886403948,3.9548619958216724,-0.0482968911528587,0.2719796001911163,0.2967978715896606,-0.5983042159539579,1.0912504885701164
9049,-0.0016602580435574,0.7840175628662109,0.0378305688500404,-0.05597665332653909,0.04825219566732591,-0.1496399641036987,0.7581765651702881,1.569446086883545,-0.12575661453521084,2.0700271664701795,-0.057667713612318,0.6974374055862427,0.2988868653774261,-0.2766436248718225,0.42855009350436507
9059,-0.0012339869281277,0.2794723808765411,0.0371946394443511,-0.11871109507760176,0.1330887844004238,-0.2588935792446136,0.7634502649307251,1.5986347198486328,-0.21212472322169046,2.093960527990244,-0.0497038625180721,0.3645393848419189,0.2759784758090973,-0.4940495080678967,0.7570607931123116
9069,0.0006450489163398,0.590175986289978,0.0378198511898517,0.028899564603751354,0.06408232809945139,-0.1077492386102676,0.6947771906852722,1.3387336730957031,-0.11584424685871997,1.9268532286952083,-0.0310631599277257,0.605270266532898,0.2733630239963531,-0.1877398742056854,0.4516379526822422
9079,-0.0011196008417755,0.3619802296161651,0.0322606302797794,-0.09587503094538999,0.08912263057567474,-0.1869317591190338,0.6450533866882324,1.5472952127456665,-0.18728985410092155,2.3987087653157397,-0.0341697335243225,0.4623690843582153,0.2663993835449219,-0.2774083878633868,0.576161755958865
9089,-0.0001572270703036,0.4221757352352142,0.0270453579723835,-0.013770233973436559,0.06406184845586932,-0.0645562931895256,0.637889564037323,1.213530421257019,-0.08339546226929706,1.9024146022649389,-0.0291304104030132,0.4497552514076233,0.2377637475728988,-0.27241105170593344,0.5286514094693876
9099,-0.0014335045125335,0.5505592226982117,0.0355374626815319,-0.07326703313581892,0.06454793819885152,-0.0788863375782966,0.8800902962684631,1.4849828481674194,-0.06036054100700762,1.6873073756905048,-0.0441650003194808,0.7572999596595764,0.2635196447372436,-0.22130809910903662,0.3479726116131073
9109,-0.0005752720753662,0.4423308074474334,0.0436050929129123,-0.02982557937685997,0.09858027561893104,-0.2931872010231018,0.7972323298454285,1.298476219177246,-0.28322142598378536,1.6287300082637157,-0.0465370789170265,0.4525798857212066,0.275231122970581,-0.3735995367638964,0.6081382130626236
9119,0.0008292037528008,0.6727816462516785,0.0354000143706798,0.034816385741866664,0.05261739015608808,-0.1089052781462669,0.7065083980560303,1.2994372844696045,-0.1186250138893882,1.8392382709745956,-0.0198138672858476,0.620752215385437,0.2574323713779449,-0.12399032954741852,0.41471035462692657
9129,-0.0006490769446827,0.5214229822158813,0.0322802886366844,-0.038562803965546344,0.06190806645979329,-0.129217118024826,0.6711364984512329,1.4383392333984375,-0.13385908932203255,2.1431396395780316,-0.0409860983490943,0.4566268920898437,0.2703221440315246,-0.33204234299901836,0.5919978623999599
9139,-0.0016519397031515,0.513953447341919,0.0417221896350383,-0.07703770122291781,0.08117892749006446,-0.1967391073703766,0.841836154460907,1.2699863910675049,-0.1840195888032818,1.5085909346347517,-0.0665236264467239,0.6007044315338135,0.2883387804031372,-0.3840714483424282,0.4800010875013941
9149,-0.0009984425269067,0.6021270155906677,0.0385813750326633,-0.042979093957214325,0.06407514367183173,-0.1200057864189148,0.7548916935920715,1.3216999769210815,-0.12027757356263032,1.7508471587916319,-0.0439229533076286,0.6883975863456726,0.2756237089633941,-0.231491805498303,0.4003844790138357
9159,-0.0001446449168724,0.6109027862548828,0.031495351344347,-0.007517693457178665,0.05155542265149599,-0.0473570078611373,0.84294593334198,1.7212927341461182,-0.032638470550961036,2.041996605075021,-0.031160119920969,0.6903924942016602,0.2773689329624176,-0.16272161406149274,0.40175542939984443
9169,-0.0008224775083363,0.5406949520111084,0.0387497395277023,-0.03925571825058332,0.07166654577331101,-0.1871679574251175,0.7849105000495911,1.4426538944244385,-0.16529100093626106,1.8379852152994396,-0.0473654344677925,0.5667368173599243,0.274055540561676,-0.30495903994549217,0.4835675611094599
9179,-8.64122121129e-05,0.4312672019004822,0.0239683501422405,-0.008359697286748735,0.055576566074624335,-0.0417277999222278,0.632765531539917,1.2842463254928589,-0.051349278009843166,2.029576930917016,-0.0300017651170492,0.4655016362667084,0.2373261749744415,-0.27156885116673324,0.5098288738097279
9189,-0.0010620206594467,0.4447440207004547,0.0338158831000328,-0.07061583741574654,0.07603448618999775,-0.0640032291412353,0.7793161273002625,1.2113356590270996,-0.06779906741549155,1.5543572326976682,-0.0582958906888961,0.7614160776138306,0.2624885737895965,-0.2916792241464851,0.3447373670020185
9199,-0.0004509814025368,0.5254506468772888,0.0248251054435968,-0.03457288328725338,0.04724536089379738,-0.1421800255775451,0.7498526573181152,1.5552935600280762,-0.12191307327808604,2.0741322243101195,-0.022208709269762,0.6194214820861816,0.2599347233772278,-0.1379344530982809,0.4196411181959337
9209,-0.0005175435217097,0.4623803794384002,0.0236998926848173,-0.04722816808244381,0.05125626808300735,-0.0988470762968063,0.7564977407455444,1.686066746711731,-0.07749638240553969,2.2287796194210396,-0.0409021489322185,0.561558723449707,0.2425667345523834,-0.3002753666040511,0.4319525713397765
9219,-0.002335405210033,0.5970945954322815,0.0375547148287296,-0.10414888768183529,0.06289575406647406,-0.1744329631328582,0.8755444288253784,1.463368535041809,-0.13614342017371076,1.6713812421889882,-0.0540317334234714,0.6847200989723206,0.2804900407791137,-0.281331511082061,0.4096418977624496
9229,-0.0006994780269451,0.5244033336639404,0.0322395302355289,-0.041373277625071946,0.061478499784269745,-0.0399693846702575,0.6538411378860474,1.395220398902893,-0.04381394950114634,2.1338828624546635,-0.0329081863164901,0.5117319822311401,0.2956347465515136,-0.2175233639475222,0.5777140315962912
9239,-0.0001777689612936,0.4145935773849487,0.0360710248351097,-0.011887071729286219,0.08700333725048971,-0.1783507168292999,0.6717975735664368,1.4889779090881348,-0.1782986988223285,2.2164085844839447,-0.0409002788364887,0.5233819484710693,0.2704593539237976,-0.2889385725364453,0.5167533093448821
9249,-0.0012084246845915,0.3500585258007049,0.0391098856925964,-0.08826578376311896,0.11172384847116226,-0.150352731347084,0.6219903826713562,1.2462291717529297,-0.19396784438815007,2.0036148571953167,-0.0498394407331943,0.4301330745220184,0.2774394750595093,-0.41763998152701565,0.6450084671303444
9259,-0.0009955606656149,0.4462500214576721,0.0379836969077587,-0.058734360913561864,0.08511752399178661,-0.2038300484418869,0.8695753216743469,1.2354063987731934,-0.18973661801421435,1.4207008501511373,-0.079823337495327,0.6745429635047913,0.2967568039894104,-0.39876733936720077,0.43993758744071837
9269,-7.42899428587e-05,0.7151166200637817,0.0274021234363317,-0.003791132247551427,0.0383183982409578,-0.079798400402069,0.8702700138092041,1.364494562149048,-0.06719985824169307,1.5678979402916629,-0.0291790142655372,0.8199545741081238,0.2672097384929657,-0.1331767895869357,0.32588358786047816
9279,-0.0010597648797556,0.5900864601135254,0.0338198952376842,-0.053103312860191564,0.05731345747397368,-0.1135094985365867,0.781530499458313,1.4330739974975586,-0.10134857760835295,1.833676354909805,-0.0557426661252975,0.5636970400810242,0.2742519676685333,-0.3605721921437329,0.48652369653939137
9289,-0.0004551340243779,0.6327549815177917,0.0386712215840816,-0.018600123981011574,0.0611156335605937,-0.1936051547527313,0.7229028344154358,1.3258237838745115,-0.20199991334943418,1.8340276462556941,-0.0264612138271331,0.5997011661529541,0.2672124207019806,-0.16512705199130331,0.44557595646533715
9299,-0.0004959397483617,0.4885357916355133,0.0335733965039253,-0.03023689910926344,0.06872249091827798,-0.1462525427341461,0.7903328537940979,1.3363231420516968,-0.13847835638908662,1.6908358745767684,-0.0469596683979034,0.717697262763977,0.2567513883113861,-0.25484195673652593,0.3577433015734125
9309,0.0002175652625737,0.5079086422920227,0.0363434627652168,0.011786304272364347,0.07155511786767565,-0.0834296345710754,0.8253781795501709,1.454557180404663,-0.06949227978195927,1.7622917790210946,-0.0404319576919078,0.5259561538696289,0.2664945721626282,-0.2884608383159312,0.506685909465916
9319,-0.0010782682802528,0.4670703113079071,0.0341486036777496,-0.06760387912094724,0.07311234058556505,-0.118119977414608,0.6977484822273254,1.1364117860794067,-0.14896653823387546,1.628683995774233,-0.0389705337584018,0.524151623249054,0.2611296474933624,-0.2847234494534379,0.4981948655900375
9329,-0.0009550774702802,0.2816475331783294,0.0369080938398838,-0.09187789413256957,0.13104355441492496,-0.1772420704364776,0.7857252359390259,1.5226091146469116,-0.14815205751244998,1.9378391389290563,-0.0469524562358856,0.6553571820259094,0.2850489020347595,-0.2513395775846615,0.43495197710901135
9339,-0.0012034219689667,0.2603984773159027,0.0365840680897235,-0.12632447395760218,0.14049263446860133,-0.1062122210860252,0.5378615260124207,1.2790827751159668,-0.15438509187996455,2.378089365489268,-0.0512704104185104,0.3991986811161041,0.2635285854339599,-0.4873600939293265,0.6601439280740371
9349,-0.0009405665332451,0.2560291588306427,0.0412691459059715,-0.08901733977517869,0.16118924146944558,-0.0720801576972007,0.5828426480293274,1.2789536714553833,-0.09669624121889416,2.194337829909504,-0.0419185049831867,0.5137383341789246,0.276998221874237,-0.29456885784365255,0.5391815316194882
9359,0.0025949359405785,0.7929878234863281,0.0271634180098772,0.12046911103091452,0.034254520946431055,-0.1026366502046585,0.9048945307731628,1.3532785177230835,-0.08381414484108309,1.4955096662666432,-0.0175354965031147,0.7756265997886658,0.2576036751270294,-0.0877633753761575,0.3321233119096463
9369,-0.001912711886689,0.7255724668502808,0.0445012524724006,-0.05923747362325377,0.06133260908532142,-0.122887447476387,0.8614514470100403,1.2959508895874023,-0.11007486829877407,1.5043806520790461,-0.0605152025818824,0.8299742937088013,0.3058575391769409,-0.2383859525536724,0.36851447267142934
9379,-0.0001915445172926,0.5747032165527344,0.0408922396600246,-0.008150517798243787,0.07115366415610162,-0.1692724674940109,0.9095596075057985,1.267675280570984,-0.1468071263217622,1.3937242486473354,-0.0511228963732719,0.6899912357330322,0.296543538570404,-0.24985233408560106,0.42977870328361834
9389,0.0002369925787206,0.4347180426120758,0.0342580154538154,0.01591346964379593,0.07880513826380521,-0.0862319096922874,0.580568253993988,1.5353200435638428,-0.09674216447465825,2.6445125667855436,-0.0097011588513851,0.5070112347602844,0.2583603262901306,-0.07405940332611777,0.5095751505630516
9399,-0.0013166678836569,0.5425575971603394,0.0385262034833431,-0.06299037286856446,0.07100850432282794,-0.0551490783691406,0.5769379734992981,1.2199859619140625,-0.07835276030963362,2.1145877337809638,-0.0322967916727066,0.5086524486541748,0.2855039834976196,-0.22239553845740903,0.5612948178132717
9409,-0.0012749036541208,0.2400161921977996,0.029887419193983,-0.17772495358594,0.12452251208681996,-0.1269046068191528,0.8430648446083069,1.576298475265503,-0.0954944106114373,1.8697238834550869,-0.0503055192530155,0.4863345324993133,0.2549695074558258,-0.4056881133889896,0.524267742505383
9419,-0.0005456439102999,0.3612971603870392,0.0236955098807811,-0.06373510506200976,0.06558454501938878,-0.0609253123402595,0.7624311447143555,1.2697358131408691,-0.06293377260953473,1.6653776828812197,-0.0400925688445568,0.542444109916687,0.234203964471817,-0.31558375802707633,0.4317568578775571
9429,-0.00079243426444,0.301036536693573,0.0396921746432781,-0.06631917933732194,0.13185168511183418,-0.0720364153385162,0.5255178213119507,1.448587417602539,-0.0946280599696912,2.7564953249085886,-0.0314164236187934,0.4621496498584747,0.2778337597846985,-0.24467471996883006,0.6011770426955431
9439,-0.0008233713451772,0.3471232056617737,0.0287051945924758,-0.08263263571389057,0.08269454223825437,-0.0935670137405395,0.5798060894012451,1.2802207469940186,-0.1260535658465263,2.2080153527122808,-0.0322061330080032,0.4804935753345489,0.2537596523761749,-0.2641365045969828,0.5281228832237601
9449,-0.0006092959083616,0.575706958770752,0.0262011941522359,-0.04039296167169214,0.04551133828255372,-0.0368704162538051,0.7241822481155396,1.3611400127410889,-0.03740480241627572,1.8795545130842892,-0.0433261953294277,0.7305822372436523,0.2582264840602875,-0.22965751558070358,0.3534530007662475
9459,-0.0007668366888538,0.7724928259849548,0.0309129860252141,-0.03211200855295718,0.040017182018226495,-0.1121545955538749,0.91530442237854,1.1908283233642578,-0.10289691573104817,1.3010188678753811,-0.0237798318266868,0.8164799213409424,0.2412910461425781,-0.12070411145908183,0.29552600111255
9469,-0.0023317011073231,0.4138674736022949,0.0399040542542934,-0.14118695138658605,0.09641746887468407,-0.1489621847867965,0.776007890701294,1.7142598628997805,-0.11197813736411011,2.2090752986423494,-0.0439437963068485,0.6097723841667175,0.2754357159137726,-0.2616432688169127,0.4517025091094743
9479,-0.0017365228850394,0.4336365759372711,0.0366793908178806,-0.10917733534808917,0.08458555586230475,-0.1313419044017791,0.6389124989509583,1.336944818496704,-0.15376179575977186,2.0925319518585996,-0.0452412813901901,0.5078039765357971,0.2785360515117645,-0.31985812338974673,0.5485109695515143
9489,0.0009491663658991,0.6649448275566101,0.0316955223679542,0.04503589673262084,0.04766639434495909,-0.1387980878353119,0.8878920078277588,1.3145596981048584,-0.11891674763173447,1.4805400730218854,-0.0155138382688164,0.6492938995361328,0.2667177319526672,-0.0895830918920906,0.4107812073133832
9499,-0.0007293116650544,0.3715802729129791,0.0316664353013038,-0.06198139308270753,0.0852209807938857,-0.1500524282455444,0.6993308663368225,1.3619223833084106,-0.15754621474767935,1.947464996707954,-0.039327535778284,0.5065523386001587,0.2683514356613159,-0.28931335864086544,0.529760530575965
9509,-0.000995242036879,0.5631305575370789,0.0375054515898227,-0.04712216308418999,0.06660169846555199,-0.0794814676046371,0.6920082569122314,1.4889960289001465,-0.07713670114410276,2.151702691444906,-0.0164931006729602,0.6983785629272461,0.2613908052444458,-0.09034853257592453,0.3742824008641232
9519,-0.0011705658398568,0.5409219264984131,0.0460427887737751,-0.04700019279345932,0.08511910225534217,-0.1601266711950302,0.7841699719429016,1.5580865144729614,-0.13105750588046786,1.9869244809420115,-0.0599448233842849,0.7380536198616028,0.2940760254859924,-0.27618758350086337,0.39844804980583454
9529,-0.0010476830648258,0.4269502758979797,0.0311561431735754,-0.07876058521341793,0.07297370427515593,-0.0784184038639068,0.7437744736671448,1.370586633682251,-0.0769254839135008,1.8427449209498123,-0.0354414321482181,0.6104580760002136,0.2569397091865539,-0.22595616290395465,0.42089656814772647
9539,-0.0004238763649482,0.4567026197910309,0.0399566069245338,-0.02322828238866076,0.08748933155412239,-0.1458354145288467,0.7284584045410156,1.4108299016952517,-0.14190038913178835,1.9367336458753361,-0.0525637231767177,0.5612108707427979,0.2815309166908264,-0.33268555940142114,0.5016490794595667
9549,-0.0003995779261458,0.4002203345298767,0.0349980220198631,-0.028527179697207496,0.0874468861282971,-0.095171108841896,0.662419855594635,1.360235571861267,-0.10562279597617155,2.053434178298027,-0.0339132621884346,0.5071961879730225,0.2611013054847717,-0.25608523747330225,0.5147935092498359
9559,-0.0001298562710871,0.4983470141887665,0.0315493308007717,-0.008259255768184127,0.06330795590724916,-0.1720169484615326,0.799196183681488,1.3732047080993652,-0.15674097862142367,1.7182323140905322,-0.0507678538560867,0.5923774838447571,0.2843211591243744,-0.30142625712593424,0.4799661818322685
9569,-0.0003100378671661,0.510205864906311,0.03199477866292,-0.018992851993202088,0.062709546995888,-0.0647561997175216,0.6338024735450745,1.3424121141433716,-0.07610997186428997,2.1180291497361954,-0.0268275011330842,0.5695430040359497,0.2662177085876465,-0.1769362258470076,0.4674233669822108
9579,0.0001881360658444,0.5388288497924805,0.0375363230705261,0.009301853370939875,0.06966279382587345,-0.0964560210704803,0.700996458530426,1.3368549346923828,-0.10292698121846207,1.9070780150515667,-0.0371998399496078,0.5485996007919312,0.2829128205776214,-0.23968063993892924,0.5157000117557915
9589,-0.0006485494086518,0.5712147355079651,0.0362371504306793,-0.03133210883907126,0.06343875285089526,-0.1511456370353698,0.9154489636421204,1.2634642124176023,-0.13067681263127615,1.3801580018080972,-0.0279781259596347,0.6888056993484497,0.2628352642059326,-0.15453905624558228,0.3815811403049538
9599,-0.0016291177598759,0.390017569065094,0.0371825061738491,-0.11233876584167107,0.09533546466375553,-0.1564483791589737,0.6557502746582031,1.1891560554504397,-0.20062901234369465,1.8134282232215058,-0.0448628589510917,0.4706848263740539,0.2642881274223327,-0.360644318092044,0.561497020114905
9609,-0.0007542014354839,0.6917140483856201,0.0404986999928951,-0.026922765966179468,0.05854832656270946,-0.0506144054234027,0.7336583137512207,1.3324952125549316,-0.05177434804229923,1.8162340528001881,-0.0356230065226554,0.6831392645835876,0.2704675495624542,-0.19279961228566586,0.39591861218417834
9619,-0.0005781073123216,0.4406742453575134,0.0332322008907794,-0.039475868052354,0.07541216951269421,-0.1497529447078704,0.6138909459114075,1.3912781476974487,-0.17533563033310173,2.2663278501882784,-0.0451026074588298,0.4331875741481781,0.2649406492710113,-0.3929859855750724,0.6116072230187851
9629,-0.0001382589107379,0.5481525659561157,0.0309675447642803,-0.008144884039273407,0.05649438986072267,-0.1261135935783386,0.6984334588050842,1.3645198345184326,-0.1323296036725862,1.953686234982103,-0.0440270788967609,0.5843469500541687,0.2623371183872223,-0.28720324762961436,0.4489406821801735
9639,-0.0002243240887764,0.5036280751228333,0.0259874239563941,-0.01713968154913423,0.05160042745840936,-0.1070128828287124,0.6210969686508179,1.1996833086013794,-0.1436183846256404,1.931555568862942,-0.0377235896885395,0.4893102049827575,0.245343267917633,-0.31423502716419466,0.5014063990884443
9649,-0.0001563249679747,0.4829064607620239,0.0517413318157196,-0.006256446415809282,0.10714566074363975,-0.1318669021129608,0.5935779213905334,1.3530869483947754,-0.16418457762473382,2.2795439311910277,-0.0305644758045673,0.4466944336891174,0.2986062467098236,-0.22914348947295923,0.6684798918216258
9659,0.000591889664065,0.5520560145378113,0.0343743562698364,0.03119055025106023,0.06226606605964627,-0.1496288180351257,0.6187886595726013,1.4090378284454346,-0.17161302502207482,2.277090581166533,-0.0410600416362285,0.4970997273921966,0.2763110101222992,-0.2989356220429438,0.5558462314430082
9669,-0.000722782802768,0.2513874173164367,0.0366970263421535,-0.07834898975902103,0.1459779758823836,-0.0866143256425857,0.4863441288471222,1.4031314849853516,-0.1269251487602789,2.8850589567339324,-0.0401693060994148,0.4015486240386963,0.273712694644928,-0.36547800645015327,0.6816427158733108
9679,-0.0003814590745605,0.3695496022701263,0.0269991420209407,-0.038231844248220716,0.07305958890250783,-0.0743882358074188,0.5066893696784973,1.2488373517990112,-0.117559190394219,2.4647001230584706,-0.0209003183990716,0.3605666160583496,0.2574342489242553,-0.22516509306503632,0.7139713924114244
9689,-0.0012564396020025,0.3613881170749664,0.0300878174602985,-0.11555189249325823,0.08325624457114367,-0.0957209318876266,0.7563416361808777,1.2168526649475098,-0.10400420813693662,1.6088664258812557,-0.0452522300183773,0.4672116041183471,0.2521414756774902,-0.38413340414542063,0.5396729735625775
9699,-0.0004273149534128,0.7215336561203003,0.0327570736408233,-0.018079499350470363,0.045399231710075295,-0.0586824342608451,0.8276240229606628,1.4911328554153442,-0.04755089473916488,1.8017032058604443,-0.0320694781839847,0.8003490567207336,0.2468627542257309,-0.16231433840387094,0.308443862278292
9709,-0.0011693141423165,0.3682363927364349,0.0325644090771675,-0.09751272500443656,0.08843343493340015,-0.1433421224355697,0.5486821532249451,1.6347148418426514,-0.1598125902834493,2.979347573516687,-0.0342352502048015,0.3978128731250763,0.2618292272090912,-0.3286824757933999,0.6581718312739706
9719,-0.0001485400425735,0.7768955826759338,0.0309819504618644,-0.006171235740655583,0.03987916928958507,-0.1002895236015319,0.8726227879524231,1.424172043800354,-0.08069870431267254,1.6320591938036833,-0.0179684832692146,0.7219921350479126,0.2460487633943557,-0.10114810862123774,0.3407914732728044
9729,-0.0003876269329339,0.513170599937439,0.0416987612843513,-0.01811461147957921,0.08125711272125649,-0.0982712358236312,0.6645759344100952,1.5432775020599363,-0.09581594383250384,2.3221988973010474,-0.0391653180122375,0.5229595303535461,0.2966268062591553,-0.2524777896844855,0.5672079559552554
9739,-0.0001272548543056,0.5119727849960327,0.0328128933906555,-0.007575005540536833,0.06409108912089881,-0.1556790769100189,0.6774303913116455,1.5278615951538086,-0.1504116782466701,2.2553779912288143,-0.023271745070815,0.577793300151825,0.2624919414520263,-0.15344066574406556,0.4543007705057364
9749,-2.28958051593e-05,0.7171477675437927,0.0370123870670795,-0.0008625815696455463,0.05161054491439846,-0.0640200451016426,0.8838673830032349,1.2712663412094116,-0.05697604766526648,1.4382998690254405,-0.0459904409945011,0.8255402445793152,0.2747850716114044,-0.20273848152149798,0.33285484676938
9759,0.0006082807085476,0.7310416102409363,0.0321275554597377,0.02589907563165614,0.04394764266448407,-0.0904864892363548,0.7858425378799438,1.405350923538208,-0.08193386112971933,1.788336537914557,-0.0141403395682573,0.8393419981002808,0.2587381303310394,-0.06511191204432286,0.3082630571526894
9769,-0.0005905888974666,0.4211938381195068,0.0361613593995571,-0.03877559949243332,0.08585443595520244,-0.0785067081451416,0.664577841758728,1.3260987997055054,-0.08908098866808258,1.995400262211781,-0.0301676131784915,0.5050064325332642,0.2707713544368744,-0.2206181931244664,0.5361740702561032
9779,-0.0011204101610928,0.8638242483139038,0.0298590119928121,-0.04343863950125551,0.03456607296113049,-0.0933597087860107,0.9808472990989684,1.5599855184555054,-0.061015127210158955,1.5904468716879256,-0.0327689163386821,0.9926155805587769,0.2558299601078033,-0.12904155525185906,0.25773316993854556
9789,-0.0006726030260324,0.3664761781692505,0.0461708307266235,-0.03975075470100572,0.12598589888508477,-0.1203333884477615,0.6035223603248596,1.4711575508117676,-0.13552942498249776,2.437618964142246,-0.0523760542273521,0.4632626473903656,0.2824403047561645,-0.40029376119803745,0.6096764035416993
9799,0.0003246638516429,0.3949921727180481,0.0351827554404735,0.023362300053560815,0.08907203198071352,-0.0710925832390785,0.5137060880661011,1.4562773704528809,-0.09503103987190299,2.8348454579060673,-0.0326662324368953,0.4093755483627319,0.2635772824287414,-0.3027395582923101,0.6438520411951809
9809,-0.001387236174196,0.3796549141407013,0.0406744256615638,-0.089833837106525,0.10713525400724756,-0.1077904850244522,0.6722391843795776,1.1877620220184326,-0.13499794815116758,1.7668741269740782,-0.0477506406605243,0.4590078890323639,0.2663981318473816,-0.39050615006872524,0.5803781116027796
9819,-0.0013715849490836,0.3597931563854217,0.0324173234403133,-0.11759602942868419,0.09009988896394362,-0.1526877880096435,0.8147746920585632,1.5720267295837402,-0.1192083965842326,1.9294005384629058,-0.0577698051929473,0.5298926830291748,0.2627429068088531,-0.41493682553733435,0.4958417340410549
9829,-0.002011117292568,0.2999030351638794,0.0515427477657794,-0.13010349761234513,0.17186470866363293,-0.1235011592507362,0.6105613112449646,1.2483673095703125,-0.16203146747038466,2.04462236073365,-0.0604825355112552,0.4482798874378204,0.3049117624759674,-0.4424931546510253,0.6801816700247585
9839,0.0005315485177561,0.724587082862854,0.0414365381002426,0.017703896401758686,0.057186415656936974,0.0132316555827856,0.7984614372253418,1.2690354585647583,0.013058295272210457,1.589350968500951,-0.0194760523736476,0.8353480696678162,0.2863821983337402,-0.08141181590609149,0.3428297840535176
9849,-0.0011277245357632,0.5354340076446533,0.0425453297793865,-0.04950455757133262,0.07945952100902447,-0.1103062778711319,0.5465805530548096,1.4648184776306152,-0.13777240663076437,2.6799681573810537,-0.0522259920835495,0.4976358115673065,0.2888860404491424,-0.3632858781761484,0.5805169839752777
9859,-0.0002084117440972,0.6239114999771118,0.0342468470335006,-0.009753906842069959,0.05489055264209258,-0.1205879226326942,0.5499619841575623,1.4379935264587402,-0.1524804666964719,2.614714412781593,-0.0369613729417324,0.5011885762214661,0.2525471150875091,-0.29201456907526185,0.5038963916366545
9869,-0.0031079933978617,0.4976858794689178,0.0413668379187583,-0.1509636695629664,0.08311836767983248,-0.2230273485183715,0.8290546536445618,1.6936006546020508,-0.15884148805897624,2.042809418120875,-0.0730422213673591,0.6342430710792542,0.3002641499042511,-0.3835436161139745,0.4734212537683845
9879,-0.0006253177998587,0.5370141267776489,0.0421297028660774,-0.027639277394003934,0.07845175902331752,-0.1248288452625274,0.731050968170166,1.490813136100769,-0.1145365468898019,2.0392738687321645,-0.0485798828303813,0.6665680408477783,0.2852678894996643,-0.2554812819542583,0.4279651468690949
9889,0.0019605453126132,0.6622006297111511,0.038155697286129,0.07759395708293589,0.057619542438025674,-0.1293513923883438,0.8175448775291443,1.4202594757080078,-0.1114016980773841,1.7372250927685344,-0.0336955487728118,0.5829542279243469,0.2555124461650848,-0.22621740576489377,0.4383061892781126
9899,-0.0010574355255812,0.4436111748218536,0.0408543534576892,-0.05834626728335928,0.09209496012830513,-0.1852334141731262,0.6953568458557129,1.3774508237838743,-0.1933906592253796,1.9809265300160668,-0.0378034375607967,0.5674018263816833,0.2625449597835541,-0.25376801254981446,0.4627143367828071
9909,-0.0010875219013541,0.5046705007553101,0.0294972546398639,-0.0730547560160509,0.0584485413665295,-0.045022502541542,0.6869102120399475,1.4682352542877195,-0.04464100985276882,2.137448575596855,-0.0238069910556077,0.6087252497673035,0.2641640603542328,-0.14805035766275185,0.43396271216811594
9919,-0.000647380715236,0.6709062457084656,0.0292799714952707,-0.03295545207855425,0.043642419015419286,-0.002339145168662,0.9984482526779176,1.30275297164917,-0.001798330629923871,1.304777656884153,-0.0580686964094638,0.8703992962837219,0.2590654790401459,-0.2575217998965144,0.2976398075529911
9929,-0.0002519183326512,0.4120834171772003,0.0318231023848056,-0.01921021028471397,0.07722490412935332,-0.0698754414916038,0.6592056751251221,1.2651232481002808,-0.08378587140712261,1.9191631623319247,-0.0244049672037363,0.4684232771396637,0.2497995048761367,-0.2085682451117903,0.5332773093632092
9939,-0.0012986003421247,0.6519428491592407,0.0375816635787487,-0.05300172278622047,0.05764564122026158,-0.1040990650653839,0.8685200810432434,1.5128134489059448,-0.079228528168259,1.7418289823406192,-0.0552325323224067,0.811593234539032,0.3058300018310547,-0.2225237909138253,0.3768267018696376
9949,0.0005571735091507,0.8375713229179382,0.0280107483267784,0.023748924609592218,0.03344282159660662,-0.1221001073718071,0.8898783326148987,1.5730907917022705,-0.08722312143080313,1.7677594049062402,-0.0105548482388257,0.8364760875701904,0.2656467258930206,-0.04750004219559184,0.31757838608952416
9959,-0.0012190809939056,0.7119969725608826,0.0405742079019546,-0.04219921413173734,0.056986489361069745,-0.1413728892803192,1.086902379989624,1.4203376770019531,-0.09157648850754241,1.3067757538772822,-0.0659357905387878,0.9325800538063048,0.2730515003204345,-0.2589348630736441,0.29279148659247095
9969,-0.0010917542967945,0.6244386434555054,0.0334066227078437,-0.05233624574831082,0.05349864723774755,-0.1425124108791351,1.0530935525894165,1.4362832307815552,-0.09422055178833426,1.3638705006311418,-0.0459400825202465,0.8553102016448975,0.2735655307769775,-0.1963390762876988,0.3198436429857466
9979,-0.0012680934742093,0.521510124206543,0.0360591188073158,-0.06743314486267385,0.0691436601776012,-0.1768655329942703,0.7825430035591125,1.428927302360535,-0.15817027144640333,1.8260048276728285,-0.04261065274477,0.649936854839325,0.279399573802948,-0.23465039162629947,0.42988726015855827
9989,-0.0005211961106397,0.5272883176803589,0.0307276267558336,-0.03216799539098179,0.05827481043200473,-0.1842133104801178,0.7242798805236816,1.3649225234985352,-0.18634021215075033,1.88452359398917,-0.0385610423982143,0.6368057727813721,0.2535816133022308,-0.2387943314333261,0.39820872256648077
9999,-0.0011696680448949,0.5341697931289673,0.0289198979735374,-0.07571580487872877,0.054139897735765684,-0.1536226421594619,0.7669150233268738,1.3306565284729004,-0.15053656983287567,1.7350768833560186,-0.0472848936915397,0.7004566192626953,0.2523757517337799,-0.26748137541663297,0.3603017585863234
10009,-0.0002230862446594,0.4996362924575805,0.0233009960502386,-0.019162154150475102,0.04663591576910292,-0.1470416784286499,0.8338714241981506,1.340620756149292,-0.13153321061033657,1.6077067965705032,-0.0386780202388763,0.6003011465072632,0.2521545886993408,-0.25552193503670734,0.4200468217767929
10019,-0.0031476668082177,0.6452637910842896,0.0461062975227832,-0.10580135034858776,0.07145340891561111,-0.0861536711454391,0.8940832614898682,1.248568415641785,-0.07717621567556023,1.3964789068539494,-0.0819675177335739,0.768596351146698,0.2993414402008056,-0.3562678403445196,0.3894650810587466
10029,-0.0007645689183846,0.6787671446800232,0.0346676483750343,-0.03249162584710463,0.05107443494687259,-0.0741198658943176,0.9583675265312196,1.6171900033950806,-0.0478235143223905,1.6874424045318477,-0.0476152151823043,0.9318626523017884,0.2762995064258575,-0.18493271092863775,0.29650239307624543
10039,-0.0002614175609778,0.3599336147308349,0.0345640666782856,-0.021012973661537267,0.09602900441553161,-0.0701996684074401,0.5984586477279663,1.2451955080032349,-0.09420270389214004,2.080670924767466,-0.0179936476051807,0.4334638714790344,0.2549783885478973,-0.1628031985816977,0.5882344650267582
10049,0.0004162942059338,0.6123074889183044,0.0381337814033031,0.017828751118229492,0.062278809411052294,-0.1728787422180175,0.6259807348251343,1.5910594463348389,-0.1735778162208705,2.5417067296476725,-0.033640056848526,0.5661452412605286,0.2858129739761352,-0.20789637697147703,0.5048403715975242
10059,-0.0007718838751316,0.5493330955505371,0.0389369167387485,-0.03608732122051582,0.07088034027829007,-0.1887293756008148,0.6636835932731628,1.6043883562088013,-0.17724292966710792,2.4173994543036077,-0.0375361330807209,0.5859574675559998,0.2851491570472717,-0.2246525459555545,0.4866379777300476
10069,-0.0004248690092936,0.650917112827301,0.0297140199691057,-0.021966858559888294,0.045649468086713704,-0.1535942256450653,0.8229736089706421,1.291269063949585,-0.14453473610616555,1.5690285203248218,-0.0214522443711757,0.6771503686904907,0.2487950623035431,-0.12733443316939863,0.3674147926474236
10079,-0.0005725268274545,0.3422635793685913,0.0317578539252281,-0.05267250912128946,0.09278771052361184,-0.105286881327629,0.63044673204422,1.460483431816101,-0.11434817280872189,2.3165849826526848,-0.0348451510071754,0.4353928864002228,0.2632484436035156,-0.3040151382925324,0.6046227483871471
10089,-0.0011397975031286,0.4186390042304992,0.0303938500583171,-0.0895781926760193,0.07260157259876936,-0.2245460748672485,0.6549100279808044,1.6308952569961548,-0.21023148487840126,2.4902584894362874,-0.0540789663791656,0.516325831413269,0.2483616769313812,-0.4217158709931764,0.481017337930923
10099,-0.0007126988493837,0.2833850681781769,0.0426898896694183,-0.058912040058175866,0.15064269244622747,-0.0876351147890091,0.5979964137077332,1.3045263290405271,-0.11233801135618585,2.1814952383278103,-0.0401551276445388,0.3995521068572998,0.2816336750984192,-0.35684778328874517,0.7048734577165044
10109,-0.0006145120132714,0.6450047492980957,0.0345019437372684,-0.02761365549787589,0.053490991771477585,-0.0893717259168624,0.928900957107544,1.3676321506500244,-0.07034956767170326,1.4723121342329355,-0.0533957630395889,0.7638704776763916,0.2534700930118561,-0.2757784633021186,0.3318233920793532
10119,-0.0005835713818669,0.56610107421875,0.0324734710156917,-0.031744704975636306,0.057363379959147476,-0.1407093405723571,0.7462613582611084,1.612282156944275,-0.1169474955631994,2.1604792196411107,-0.0403129272162914,0.70332932472229,0.2727826237678528,-0.21012073281116803,0.3878448035357564
10129,-0.0006435727700591,0.3332497179508209,0.0304971132427454,-0.06332411627206631,0.09151429573676635,-0.1411786675453186,0.6742735505104065,1.3856970071792605,-0.1511000735021347,2.0550961937188936,-0.0444442443549633,0.4313011169433594,0.258818119764328,-0.3981440831066321,0.6000868293561996
10139,-0.0006694230251014,0.3853561282157898,0.0300303716212511,-0.057846577588300745,0.07792888038473036,-0.1135029792785644,0.626743733882904,1.5659772157669067,-0.11564632108086534,2.498592536482354,-0.0529131069779396,0.5577357411384583,0.266658216714859,-0.35577859595461164,0.4781085324934572
10149,-0.0015005212044343,0.267413467168808,0.0370696038007736,-0.1513703857737866,0.13862280083812295,-0.0909947305917739,0.6863812208175659,1.1835076808929443,-0.11201592508593346,1.7242716510851486,-0.0541710592806339,0.4309597611427307,0.2884996235370636,-0.4356977883440619,0.6694351759711381
10159,-0.0005907339509576,0.1713094115257263,0.0312799923121929,-0.1102412352114512,0.18259354248902693,-0.0798031538724899,0.6469191908836365,1.43607759475708,-0.08589979236587471,2.2198716856668304,-0.041605144739151,0.4380898475646972,0.2616499066352844,-0.3629637592286977,0.5972517009690436
10169,-0.0005430004093796,0.2838407754898071,0.0335825644433498,-0.056965447776481735,0.11831479950475181,-0.0968618690967559,0.6190862655639648,1.356120467185974,-0.11537279271259515,2.1905193873919946,-0.0284154694527387,0.4019539952278137,0.2482583373785019,-0.2847571536486919,0.6176287344470792
10179,0.0012850932544097,0.6201236248016357,0.0363915786147117,0.05694498356203846,0.058684393174590926,-0.1531410813331604,0.7855863571166992,1.5462347269058228,-0.12607307735729725,1.9682555748306216,-0.0372720137238502,0.5920794606208801,0.2624435722827911,-0.23986502147200853,0.44325734928818744
10189,-0.0008365318062715,0.4069632291793823,0.029991528019309,-0.06853756875727383,0.07369591616369167,-0.098019540309906,0.6986550688743591,1.4290965795516968,-0.09817214210985041,2.0454966165982182,-0.0367063879966735,0.5116392374038696,0.2438337057828903,-0.2942280468527288,0.47657350718474456
10199,-0.0016162693500518,0.4069104790687561,0.0348870791494846,-0.11385451365680536,0.08573649720038223,-0.0957527756690979,0.7138811945915222,1.290169596672058,-0.10396295782623814,1.8072609370390882,-0.0421476513147354,0.5446229577064514,0.2647464573383331,-0.29231242562014514,0.4861096169233282
10209,-7.93040526332e-05,0.5531570315361023,0.0365864858031272,-0.003918557711364103,0.06614122883248452,-0.0202314835041761,0.7326481342315674,1.304256796836853,-0.02117235526248024,1.7801953433005233,-0.0424102917313575,0.6784108281135559,0.2670967876911163,-0.23405063509180946,0.39370949964614693
10219,-0.0009120322647504,0.4550334811210632,0.0379163436591625,-0.052861611509117536,0.08332649185670522,-0.0855121091008186,0.6681063175201416,1.284160614013672,-0.09966959511639918,1.9220902127975434,-0.0376661904156208,0.5507906675338745,0.2683454155921936,-0.25484196452402635,0.48720036741670086
10229,-0.0012000421993434,0.1948125511407852,0.0402077175676822,-0.1532040210039544,0.20639182297153577,-0.19952392578125,0.5686840415000916,1.6478475332260132,-0.21291532114132936,2.8976503875144313,-0.0558512285351753,0.3923217058181762,0.2738285064697265,-0.5198903257541452,0.6979693002166797
10239,0.0008781743235886,0.5121414065361023,0.0374834053218364,0.045745860982789176,0.07318956218626718,-0.0845243856310844,0.5456227660179138,1.4526774883270264,-0.10664004837405854,2.6624209596843182,-0.0361591391265392,0.5883613228797913,0.2826677560806274,-0.21741910076250795,0.4804322532573739
10249,-0.0008375018951483,0.4321465492248535,0.0391859225928783,-0.049456647400540926,0.0906773932666281,-0.1111979484558105,0.6714763045310974,1.239180326461792,-0.1336384941576984,1.8454565233349989,-0.0418623238801956,0.6142322421073914,0.3002668023109436,-0.22697781181718052,0.4888489755613406
10259,0.0001047428595484,0.6131613850593567,0.0323955193161964,0.005273083923640097,0.05283359341531328,-0.0969898924231529,0.7351482510566711,1.3985172510147097,-0.0943373606331191,1.9023608489913972,-0.0422684736549854,0.6100248694419861,0.2706070244312286,-0.25605305329345895,0.44359998745422224
10269,-0.0011559320846572,0.4396338164806366,0.0348519943654537,-0.07544206934965594,0.07927505359904163,-0.0496012456715106,0.6737241744995117,1.269989013671875,-0.05797095947552279,1.8850281194307885,-0.047441191971302,0.551342248916626,0.2644956409931183,-0.3253237724946998,0.4797304061367431
10279,-0.0006486493512056,0.30953249335289,0.0328641794621944,-0.0637647921645795,0.10617360105301384,-0.0660930350422859,0.5515457987785339,1.237484574317932,-0.0968354378543637,2.2436660329178353,-0.0287672616541385,0.4381189942359924,0.243869200348854,-0.2692461409021087,0.5566277736351556
10289,-1.17332747322e-05,0.7825607657432556,0.0310908127576112,-0.00048224651072454537,0.039729582824257696,-0.102249264717102,0.8064132928848267,1.3595038652420044,-0.0932657246454839,1.6858648998438213,-0.0160972271114587,0.8362320065498352,0.2416457086801529,-0.07966089810491403,0.2889696959545306
10299,-0.0012236357433721,0.3223963975906372,0.0327085815370082,-0.1160380076781516,0.10145455030344327,-0.0989243537187576,0.699962854385376,1.409576177597046,-0.10026276490225615,2.0137871156531126,-0.04667579382658,0.5344950556755066,0.2471386343240738,-0.3533518571606996,0.4623777744992132
10309,-0.0029378086328506,0.5045946836471558,0.0390605926513671,-0.14905344007484156,0.07740983787035044,-0.1791216135025024,0.8773732781410217,1.292866349220276,-0.15791011789303766,1.4735647659108115,-0.0639586746692657,0.7322573065757751,0.2741974890232086,-0.3185460826161432,0.37445510828075873
10319,-0.0011066450970247,0.4030455946922302,0.048390507698059,-0.05674061085053521,0.12006211787281905,-0.060939185321331,0.4712418019771576,1.440978765487671,-0.08974189893070905,3.0578330688021587,-0.0259973593056201,0.3320127725601196,0.2936826050281524,-0.2666221470426134,0.8845521296171626
10329,-0.0009595527662895,0.2974942028522491,0.0301288496702909,-0.1070552091040512,0.1012754177440373,-0.1307287216186523,0.6404256224632263,1.4487318992614746,-0.1409010703992014,2.26213919063593,-0.0383585765957832,0.4532065689563751,0.239218384027481,-0.35381132886176625,0.5278352089607681
10339,-0.0007787724025547,0.6111305356025696,0.0361334644258022,-0.035266873963949584,0.05912560790335065,-0.1552278697490692,0.7973083257675171,1.2544121742248535,-0.15520408154908824,1.5733087610960441,-0.0458121225237846,0.6920526027679443,0.2694751322269439,-0.2456533061598198,0.38938533161951416
10349,0.0005272303242236,0.693692147731781,0.0414244793355464,0.01834748512307209,0.059715940955934466,-0.1059265211224556,0.8059549927711487,1.5593852996826172,-0.08428309660287309,1.9348292568061618,-0.0343394801020622,0.7297096848487854,0.2936027944087982,-0.1602815082967407,0.4023556223865115
10359,-0.0013958112103864,0.6673691272735596,0.0316179022192955,-0.06614964499632503,0.04737693268561266,-0.0544548593461513,0.9625948071479796,1.388514518737793,-0.04074203344107818,1.4424704023199002,-0.0358027517795562,0.7343066930770874,0.2729383409023285,-0.1786382162414991,0.3716952922743896
10369,-0.0010550734587013,0.5105811953544617,0.0297618526965379,-0.06943171928762507,0.0582901465375674,-0.1319577693939209,0.86043781042099,1.539151310920715,-0.09964010181689649,1.7888001808842502,-0.0520131438970565,0.6537957787513733,0.2638098299503326,-0.3015643636795709,0.40350494531206615
10379,-0.0023645488545298,0.4783119857311249,0.0321233794093132,-0.15389191380566222,0.06715988803878903,-0.0585260093212127,0.7680714726448059,1.293492555618286,-0.05890922964484943,1.6840783725038315,-0.0540230013430118,0.6642541289329529,0.2546130120754242,-0.3194212841091332,0.38330663067827736
10389,0.0006040967418812,0.5916491150856018,0.0350922904908657,0.029095817123926174,0.05931267299502076,0.0183461569249629,0.7472080588340759,1.5677261352539062,0.015661500125010372,2.0981119203935585,-0.0221635922789573,0.7409515380859375,0.2512540519237518,-0.11905215856955038,0.33909647123859626
10399,0.0002163918543374,0.595686137676239,0.0364411287009716,0.009968540894761475,0.0611750490671611,-0.0458187088370323,0.6222512722015381,1.4375698566436768,-0.05122100502895666,2.3102722659891466,-0.0220303907990455,0.7117322087287903,0.269869714975357,-0.11469683422605444,0.3791731098658097
10409,-0.0010281048016622,0.3310291469097137,0.0485151074826717,-0.06401682851783588,0.14655841618654783,-0.1674996316432953,0.5891934037208557,1.341082215309143,-0.2119827769379712,2.276132432644328,-0.038024827837944,0.3890020549297333,0.2841873168945312,-0.3439621612732256,0.7305547960302289
10419,-0.0010948915733024,0.4658959805965423,0.0337774381041526,-0.06957535689322208,0.07249995602216468,-0.1340543180704116,0.7407967448234558,1.5198709964752195,-0.1190625048230794,2.0516707276264152,-0.0462538823485374,0.4613929688930511,0.2463689446449279,-0.40690334135598577,0.5339677048742265
10429,-0.0009198412299156,0.3699072897434234,0.0294104889035224,-0.08455080326975985,0.07950772996099165,-0.0720896422863006,0.8187775015830994,1.4766323566436768,-0.059625850836272844,1.8034598578840046,-0.0385426878929138,0.4874948561191559,0.2647872865200043,-0.29858970631359216,0.5431591394172243
10439,-0.0003273517941124,0.7817890048027039,0.0273061823099851,-0.01533430799155554,0.034927815743425836,-0.0881450325250625,1.0054960250854492,1.326171875,-0.06610246744702214,1.318923040881538,-0.0258301738649606,0.8532140851020813,0.2547969818115234,-0.1188160290928398,0.29863194508918434
10449,-0.0002303300716448,0.4652594327926636,0.0353094115853309,-0.01402054757721234,0.0758918768683322,-0.1083969622850418,0.722603440284729,1.396160364151001,-0.10744390451790062,1.9321252658316557,-0.0441013723611831,0.5089818835258484,0.2680376172065735,-0.32326153524633794,0.5266152408997506
10459,0.0003172765718773,0.3038893342018127,0.0323729328811168,0.03225080058654969,0.10652869067006464,-0.0641195774078369,0.4741808772087097,1.4396699666976929,-0.09392553355919676,3.0361198350561596,-0.0285257920622825,0.4184275865554809,0.2602713108062744,-0.26193353452428053,0.6220223502681606
10469,-0.0006605720845982,0.4961273968219757,0.0325523130595684,-0.0409020573342481,0.065612810878995,-0.1058578640222549,0.8125746846199036,1.448723316192627,-0.08992374571090597,1.7828801999539197,-0.0404282212257385,0.6592178344726562,0.2452195435762405,-0.2500924640751569,0.3719856028658642
10479,-0.0006837851833552,0.2424013763666153,0.0358886830508708,-0.07860082103755349,0.14805478248024323,-0.1450173556804657,0.5930017232894897,1.4312742948532104,-0.17086029611287032,2.413608997480932,-0.0211979560554027,0.3722287118434906,0.2610962390899658,-0.21811397971324684,0.7014403531550996
10489,-0.001426130067557,0.2680103778839111,0.0329839326441288,-0.16132626913449724,0.12306960985822653,-0.1647714972496032,0.6418905258178711,1.4112052917480469,-0.18189925742953392,2.198513975494413,-0.053119134157896,0.5697949528694153,0.2739477157592773,-0.34030216011884695,0.480782980578735
10499,-0.0004874649166595,0.3933911323547363,0.0366596989333629,-0.033801027666690915,0.0931889306043264,-0.0736252516508102,0.6134437918663025,1.403873085975647,-0.08549174237663033,2.2885113592960042,-0.032824195921421,0.4644988477230072,0.2858611941337585,-0.24720329296598417,0.6154185215637499
10509,-0.0007381387404166,0.7188341021537781,0.0464278683066368,-0.02211722231054428,0.06458773751485795,-0.0770927816629409,0.77711421251297,1.2960529327392578,-0.07654311376002129,1.667776643214625,-0.0272892322391271,0.7285076975822449,0.2760184705257416,-0.13571224265129428,0.37888202340453714
10519,-0.0007216261001303,0.5787384510040283,0.0310168396681547,-0.040200582864965875,0.05359388099122311,-0.1639336794614792,0.8007379174232483,1.4457118511199951,-0.1416106940548997,1.805474450082562,-0.0463390350341796,0.6190091371536255,0.2384830564260482,-0.31390078161355495,0.3852658096820008
10529,-0.0002122979349223,0.5345829129219055,0.0256390310823917,-0.015489203573844042,0.04796081293031746,-0.0968630760908126,0.6965007781982422,1.3992486000061035,-0.09938978927465894,2.008969183962406,-0.0281393527984619,0.5166678428649902,0.2409723550081253,-0.2260140566457044,0.46639704470845783
10539,0.0004768279613927,0.2671511173248291,0.0315845273435115,0.05651065454773778,0.11822719537836657,-0.0622316263616085,0.4046187698841095,1.4080826044082642,-0.10922875721722787,3.4800229480495077,-0.0317015945911407,0.3294003009796142,0.2465453743934631,-0.3903554590635019,0.7484673622345027
10549,-6.00138810114e-05,0.2889488935470581,0.0236986465752124,-0.008764096136237555,0.08201674103781556,-0.0687655657529831,0.6901558637619019,1.4145845174789429,-0.07043604102254668,2.0496594925214793,-0.0296373460441827,0.435084581375122,0.2347966730594635,-0.290117334821015,0.5396575358229624
10559,-0.0037066605873405,0.5522459149360657,0.040464911609888,-0.16587147712251601,0.07327335615433694,-0.1111423000693321,0.8046541213989258,1.2099381685256958,-0.11415816073224046,1.5036748540132576,-0.0545762814581394,0.6611955761909485,0.2752563059329986,-0.2998725587630688,0.41630088863980325
10569,-0.0023928228765726,0.6394297480583191,0.0427396558225154,-0.08755615765758634,0.06684026814876516,-0.0991814658045768,0.7141233682632446,1.178563117980957,-0.11784317407048502,1.6503634670956568,-0.0580087900161743,0.6062444448471069,0.2857080101966858,-0.3349065320289301,0.47127526301497163
10579,-0.0015703721437603,0.6111212968826294,0.0453263670206069,-0.056692323043598086,0.07416918253678889,-0.1496617347002029,0.9411285519599916,1.3582175970077517,-0.11708263088969333,1.4431796742104273,-0.0908510610461235,0.7477728724479675,0.3110457062721252,-0.39060346116245576,0.4159628113465279
10589,-0.001354255946353,0.4580712914466858,0.0423945859074592,-0.06973603955983775,0.09255019185674822,-0.1442446708679199,0.7300130724906921,1.4079782962799072,-0.14033732031661714,1.928702853876441,-0.0526765808463096,0.5883176326751709,0.2901172637939453,-0.3086257370057911,0.4931303222627162
10599,-0.0004790231760125,0.3950307965278625,0.0307374745607376,-0.03945094304074655,0.07781032474152837,-0.0930057615041732,0.6343080401420593,1.24406099319458,-0.1178604143112239,1.961288387446517,-0.0379660502076149,0.5196306705474854,0.2568556368350982,-0.28445366902968455,0.49430422681646924
10609,-0.0006887543713673,0.5688987374305725,0.023719860240817,-0.05104077646189906,0.04169434502165991,-0.1538550108671188,0.8598074316978455,1.3033641576766968,-0.13729182461646403,1.5158791487798242,-0.0389327108860015,0.8253543376922607,0.2395298033952713,-0.1969312550132267,0.29021450843162794
10619,0.0005991455400362,0.7481310367584229,0.0268527455627918,0.02982400489032841,0.03589310460790675,-0.0771979540586471,0.8633044362068176,1.3644607067108154,-0.06553612884735296,1.580509319175951,-0.0222916826605796,0.7320951819419861,0.2408373653888702,-0.12643037776218155,0.3289700182837087
10629,-0.0002991606888826,0.4812382757663727,0.0367475450038909,-0.01691671497563614,0.07636039536832431,-0.1803669333457946,0.7778967618942261,1.3557331562042236,-0.17102544938264738,1.7428188708523875,-0.0507698468863964,0.6605504751205444,0.2641058266162872,-0.29101934693298953,0.3998268664754049
10639,0.0003019491268787,0.4703496098518371,0.0418619997799396,0.015335326220256554,0.08900188052271667,-0.1005538403987884,0.5887317657470703,1.3450305461883545,-0.1269840122775009,2.2846237020718254,-0.0323137082159519,0.4727943241596222,0.2652754783630371,-0.2576424607674175,0.5610800824112183
10649,-0.0005915708024986,0.5148105025291443,0.0279325526207685,-0.041138524126344646,0.05425793079889078,-0.0863605290651321,0.7198050022125244,1.2770278453826904,-0.09395071006110259,1.7741302734176394,-0.030060576274991,0.5925549268722534,0.2425968199968338,-0.20911422885811115,0.4094081560967837
10659,-0.0011345273815095,0.4160163402557373,0.0442621633410453,-0.06161294335239741,0.10639525196014192,-0.1217134743928909,0.7200837135314941,1.4883394241333008,-0.1135674006378077,2.066897773363132,-0.0457808636128902,0.6594858169555664,0.2973041236400604,-0.23349500157414085,0.45081200534763227
10669,-0.0002797355409711,0.3766994774341583,0.0241063423454761,-0.030805006888682977,0.06399356460400066,-0.09598059207201,0.6520163416862488,1.5126168727874756,-0.0973186337758843,2.319906382830124,-0.0194129403680562,0.485212504863739,0.2376435399055481,-0.16835783124286746,0.4897720844442888
10679,-0.0017148228362202,0.3394345343112945,0.0403209589421749,-0.1252946076290361,0.11878861714523324,-0.1992228925228119,0.6656617522239685,1.377732276916504,-0.2172305013393815,2.0697182500173934,-0.0384826585650444,0.4427818059921264,0.250576764345169,-0.3468442532824585,0.565914771009414
10689,-0.0016654029022902,0.6403743624687195,0.0389645844697952,-0.06674447656280218,0.060846571557896356,-0.1325815021991729,0.8644512295722961,1.4214298725128174,-0.10789889592999428,1.644314709594545,-0.0478523969650268,0.7693294286727905,0.27238330245018,-0.22835518137413893,0.35405288332734436
10699,-0.0016647488810122,0.5268120765686035,0.0339911915361881,-0.09296652993690936,0.06452242279180484,-0.0957513079047203,0.9245468378067015,1.516923427581787,-0.06827349550156767,1.6407210165580988,-0.0635490491986274,0.7034468650817871,0.2556251287460327,-0.3534062408733545,0.36338939219853106
10709,-0.0009595724986866,0.2399003505706787,0.0313987135887146,-0.1273899170112007,0.1308823164035519,-0.0865844711661338,0.4615587890148163,1.413663387298584,-0.1326987931838494,3.0628024445510116,-0.0444519594311714,0.3714300990104675,0.2684912979602813,-0.44574204461110367,0.7228582139023548
10719,-0.0006503682816401,0.3162756562232971,0.0369422361254692,-0.05566348678453421,0.11680391898195042,-0.0658124834299087,0.6115942001342773,1.302641987800598,-0.08260757024155144,2.1299122645613693,-0.0333336517214775,0.4335668087005615,0.2587908804416656,-0.2970830661609669,0.5968881271545785
10729,-0.0012085395865142,0.409568190574646,0.0403256192803382,-0.07317346411985678,0.09845886523501546,-0.1221429929137229,0.7080183029174805,1.2641338109970093,-0.13646806241231862,1.7854535762535846,-0.0513406582176685,0.5072587728500366,0.2557928562164306,-0.39567941253313305,0.5042650219320147
10739,-4.01555698772e-05,0.5064746737480164,0.0387821942567825,-0.0020443520352376033,0.07657282045277075,-0.0546650439500808,0.7830219268798828,1.6250654458999634,-0.04296006422566267,2.075376678626845,-0.026403859257698,0.5843249559402466,0.2624117136001587,-0.17219865575048246,0.44908524089632257
10749,0.0013689727056771,0.6264724731445312,0.0267238318920135,0.08177001268342263,0.04265763148039888,-0.076840229332447,0.7404829263687134,1.37047016620636,-0.07571885137863518,1.8507788868638317,-0.016798049211502,0.5791846513748169,0.2441215217113495,-0.11880527842553586,0.4214916972193161
10759,-0.0007586608408018,0.365184873342514,0.0358739010989666,-0.05791036224698213,0.09823490433931466,-0.125330775976181,0.6087711453437805,1.5083848237991333,-0.13648707129514112,2.477753479835727,-0.0427062697708606,0.4101900458335876,0.2744649052619934,-0.3793321925368652,0.6691164450473834
10769,-0.0001575069472892,0.5666797161102295,0.0303880684077739,-0.00914658450741794,0.05362476817833174,-0.155653640627861,0.8939185738563538,1.495671033859253,-0.11641936842805901,1.6731624977954607,-0.0382665805518627,0.6757892966270447,0.2679894566535949,-0.211295690200332,0.39655771109599747
10779,-0.0005318248295225,0.6555002927780151,0.0320397093892097,-0.0253225333231124,0.04887825336190953,-0.1187559589743614,0.8531859517097473,1.51350736618042,-0.09196597429075598,1.7739478283103671,-0.0296822227537632,0.6397649049758911,0.2603192627429962,-0.1782254425044128,0.40689831642579094
10789,-0.0011462077964097,0.5538274645805359,0.0293300524353981,-0.07056283643590906,0.0529588261889692,-0.1040126532316207,0.7087674140930176,1.329887866973877,-0.11034874761034946,1.8763388955679958,-0.032172180712223,0.6053519248962402,0.2524726390838623,-0.21050298179512666,0.4170675415414548
10799,-0.0011830308940261,0.2826288342475891,0.0395125672221183,-0.10593619529662136,0.13980373703662669,-0.0903292223811149,0.6332317590713501,1.2894989252090454,-0.11062278775210016,2.0363775296111606,-0.0367295071482658,0.4069320261478424,0.2500603795051574,-0.36095107873381843,0.6145015959356023
10809,-0.0010545114055275,0.1617387235164642,0.0352766588330268,-0.18482036568864962,0.21810892324394915,-0.1478298455476761,0.6415982246398926,1.4858884811401367,-0.1550646322851906,2.315917382679972,-0.0559848546981811,0.4929360747337341,0.2789704501628876,-0.4071193548877809,0.5659363646971408
10819,-0.0012300164671614,0.8731554746627808,0.0474495403468608,-0.029688437044796793,0.05434260188906927,-0.1834143698215484,1.0472170114517212,1.4438186883926392,-0.12130648274125944,1.3787196661283438,-0.0421443320810794,0.9088729619979858,0.2714315354824066,-0.17083454214660798,0.2986462870297248
10829,-0.0013941046781837,0.4336060285568237,0.0378274582326412,-0.08499490884204534,0.08723923502296035,-0.1977307051420211,0.6666874885559082,1.5354512929916382,-0.1931593635178693,2.3031050069914065,-0.0462446101009845,0.4763826727867126,0.2648001313209533,-0.3665953646311289,0.5558559251786859
10839,-0.0021586227230727,0.5207209587097168,0.0346054323017597,-0.11979188733889397,0.06645676868376443,-0.1159950047731399,0.7607977986335754,1.5063081979751587,-0.10121763837937096,1.9799060942086728,-0.047206524759531,0.7064789533615112,0.2578063011169433,-0.259184647829036,0.36491717112062594
10849,-0.0010651531629264,0.4967800676822662,0.0370103456079959,-0.057932831898595986,0.07450046412020543,-0.0444477833807468,0.7822486758232117,1.422797441482544,-0.03993578221442618,1.818855672699274,-0.047151856124401,0.6107295751571655,0.2595416307449341,-0.29746975286985855,0.4249698087375963
10859,-0.0007613499183207,0.4234801530838012,0.0318638123571872,-0.05642265368972513,0.07524275252370981,-0.1880418360233307,0.7104593515396118,1.2518424987792969,-0.21142948723063687,1.7620184688490235,-0.0444909036159515,0.5585113167762756,0.2626127004623413,-0.30333569818291306,0.4702012162943097
10869,2.54154601861e-05,0.424487441778183,0.038888294249773,0.00153962245691868,0.09161235509552289,-0.1211719959974289,0.6558414101600647,1.2928038835525513,-0.14291268510706567,1.9712141739220606,-0.0411368981003761,0.509965717792511,0.2753134071826935,-0.29299701640457987,0.5398664999962014
10879,9.18553123483e-05,0.5700179934501648,0.032032310962677,0.005030688670874284,0.05619526283511523,-0.0994539409875869,0.5833344459533691,1.7440528869628906,-0.0977562930292621,2.989799246489736,-0.0313930697739124,0.4707072973251343,0.2570325434207916,-0.25947453383659097,0.546055998879597
10889,-9.70562250586e-05,0.6073911190032959,0.0319228842854499,-0.005005561878216547,0.05255737742401313,-0.0488741025328636,0.7058740854263306,1.155766248703003,-0.059907548736186686,1.637354696206121,-0.0239274036139249,0.5916498303413391,0.2337793409824371,-0.17299147477088836,0.3951312566887129
10899,-0.0015755234053358,0.3910346329212188,0.0448531061410903,-0.08982911311416611,0.11470366654231057,-0.0712653473019599,0.6757311224937439,1.274359941482544,-0.08275845470107845,1.8858979541738399,-0.0451240912079811,0.4549279808998108,0.2733525931835174,-0.3628629447575658,0.6008700380285426
10909,7.51966799725e-05,0.5564774870872498,0.0403410047292709,0.003349687994375765,0.07249350722241502,-0.0682325810194015,0.677411675453186,1.3319814205169678,-0.07562074557679903,1.9662805776500336,-0.0444917976856231,0.4714327454566955,0.2945316135883331,-0.32042640106799564,0.6247584972125954
10919,-0.0019588591530919,0.5703586935997009,0.038672786206007,-0.0888075077537187,0.06780432496247529,-0.105534940958023,0.7618882656097412,1.3477829694747925,-0.10277441713021043,1.7690034488143196,-0.0492236204445362,0.6801701188087463,0.2823878824710846,-0.25627718673228045,0.4151724321051626
10929,-0.0008167969062924,0.5079016089439392,0.0296261943876743,-0.05428234831755078,0.058330577942595885,-0.0209324713796377,0.6864591240882874,1.4224720001220703,-0.021436905710808005,2.0721874765832706,-0.0310075134038925,0.7412605881690979,0.2369841039180755,-0.17651304795342815,0.31970417380940563
10939,0.0024409645702689,0.972481369972229,0.0436630472540855,0.057486536501234524,0.044898595080883015,-0.0931504741311073,1.1048364639282229,1.547817349433899,-0.05447125234271914,1.400947017923962,-0.0053322911262512,0.9966468811035156,0.2877644002437591,-0.018592400876127194,0.28873255482938776
10949,-0.0002480368420947,0.3710189163684845,0.0325843580067157,-0.02051686364159798,0.08782398031251303,-0.1264441907405853,0.7135398387908936,1.2638276815414429,-0.14021445615919256,1.7712082953672528,-0.0271529499441385,0.558168351650238,0.2331647723913192,-0.20863582090768665,0.4177319830154504
10959,-0.0006346119916997,0.5056973099708557,0.0309391170740127,-0.04056109912854076,0.06118109877981313,-0.1541036963462829,0.7968258261680603,1.7107059955596924,-0.11305096575118363,2.1469007898331895,-0.0373859293758869,0.5898905992507935,0.2621819972991943,-0.24173182927167272,0.4444586803590117
10969,-0.0013016609009355,0.1834918111562729,0.0305412709712982,-0.232270506072409,0.16644487172938405,-0.0676912814378738,0.440796822309494,1.3037461042404177,-0.11778805674306474,2.957703046518394,-0.0313428789377212,0.3115245103836059,0.2406942248344421,-0.4180045345518564,0.7726333460505416
10979,-0.0020811716094613,0.465586394071579,0.0431967116892337,-0.10348012023104798,0.09277915385687292,-0.2514555752277374,0.7722865343093872,1.3890981674194336,-0.2343958230774475,1.7986823616724414,-0.0646096020936966,0.5223017930984497,0.2820122838020324,-0.43863928402768454,0.5399412514535927
10989,-0.0015488155186176,0.3253794908523559,0.0348558723926544,-0.1365631605284291,0.10712375356340634,-0.1752471625804901,0.6636144518852234,1.2777714729309082,-0.20667215680236561,1.9254726434919585,-0.0509051382541656,0.4814539551734924,0.255809336900711,-0.41332385424954704,0.531326691061308
10999,0.0003108816163148,0.6533316373825073,0.0306769162416458,0.015511351926770684,0.04695458552190903,-0.0481810122728347,0.8598155379295349,1.2510864734649658,-0.04479023102416476,1.4550638111025822,-0.0292566828429698,0.9333482384681702,0.2410607486963272,-0.13003338571137246,0.2582752490024098
11009,-0.0013652625493705,0.5881617665290833,0.0294289980083704,-0.07887582447201406,0.05003555090301029,-0.1413118690252304,0.8616663217544556,1.382354974746704,-0.11863694148869555,1.6042810770787284,-0.0538316741585731,0.7196115851402283,0.2765942215919494,-0.2704560102914616,0.3843659931323235
11019,-0.0008607297786511,0.2932457625865936,0.0340860225260257,-0.08611102456441676,0.11623705053865978,-0.1080468744039535,0.5553391575813293,1.4889788627624512,-0.1306668369553414,2.6812063266840505,-0.0336412563920021,0.3359047770500183,0.2705206871032715,-0.3702163075173771,0.8053493298875868
11029,-0.0011129901977255,0.4355427026748657,0.0346530936658382,-0.07374262368299173,0.07956302207112598,-0.0772666707634925,0.6681602001190186,1.4196007251739502,-0.08146018361754052,2.1246412535812196,-0.0435788258910179,0.5390083193778992,0.264595478773117,-0.3055607996036544,0.4908931258769847
11039,-0.0017770308768376,0.476070761680603,0.0393853075802326,-0.09477400264318933,0.08272994426542056,-0.1177420616149902,0.7059831619262695,1.2145427465438845,-0.13731705737686056,1.7203565354590244,-0.0488047674298286,0.4854221940040588,0.2675340473651886,-0.37580586960194573,0.5511368261891867
11049,-0.001269636908546,0.4807622134685516,0.0346491783857345,-0.07621777597928042,0.07207134299459879,-0.1155802309513092,0.6791477203369141,1.449663519859314,-0.1173956758636911,2.1345334401478366,-0.0596504621207714,0.6028631925582886,0.2751990258693695,-0.35954077580080845,0.45648669427228555
11059,-0.0007481731008738,0.3092497289180755,0.0317713879048824,-0.07614766231321116,0.10273699516580362,-0.1611419022083282,0.7648683190345764,1.4063990116119385,-0.14980049923525673,1.838746587631068,-0.0487780310213565,0.5338866114616394,0.2649965286254883,-0.34477443126332724,0.49635357571525973
11069,0.0004051337600685,0.6668775081634521,0.0414502397179603,0.014656332803662459,0.06215570207505157,-0.1159872412681579,0.721686065196991,1.6602349281311035,-0.09680378822361653,2.300494644687267,-0.0250555779784917,0.6434529423713684,0.263599157333374,-0.14772146862770963,0.4096634578465226
11079,0.0002712403656914,0.5451940298080444,0.0422623604536056,0.011771979036604877,0.07751801770185492,-0.1596037596464157,0.7821247577667236,1.473066806793213,-0.1385302571722054,1.8834166699944428,-0.0260087251663208,0.6015675067901611,0.2778312265872955,-0.1556157818586861,0.46184546780085417
11089,-0.0012276049237698,0.410714715719223,0.034085851162672,-0.08768881771925906,0.08299155072391932,-0.1937852352857589,0.8108344674110413,1.3817651271820068,-0.17296341647237937,1.7041272697668144,-0.0484241843223571,0.4768397212028503,0.2637163698673248,-0.3850816284454447,0.5530503398544232
11099,-0.0010479298653081,0.388006180524826,0.0331765376031398,-0.08140714317338148,0.08550517818624553,-0.1858827918767929,0.6685592532157898,1.513615369796753,-0.18368925537591058,2.2639958425767324,-0.0339773446321487,0.4676859974861145,0.2543136775493622,-0.28567047032559917,0.5437701340564781
11109,-0.0005750318523496,0.3823534548282623,0.036369577050209,-0.04135124908226059,0.0951203045008309,-0.0643716230988502,0.4618727564811706,1.2850464582443235,-0.10845592547467124,2.782252125097384,-0.0314416512846946,0.468585342168808,0.2614955008029938,-0.2565975033435891,0.5580530957129042
11119,-0.0009198553161695,0.4676943719387054,0.0405964143574237,-0.04844731379940367,0.08680116074337568,-0.0747703686356544,0.6820594072341919,1.4333504438400269,-0.07648124223999722,2.1015038113063835,-0.0296370834112167,0.5806434750556946,0.2912694215774536,-0.17523910201487738,0.5016321272696906
11129,-0.0003545443760231,0.3210183978080749,0.0428550206124782,-0.025771456839440085,0.133497085852692,-0.0657997578382492,0.6134670972824097,1.4398499727249146,-0.07449305376114285,2.347069596891648,-0.0417734272778034,0.4000075161457062,0.2785423696041107,-0.3749217974810101,0.6963428394746695
11139,-0.0004556365602184,0.4637733399868011,0.0339193455874919,-0.028964452268696962,0.07313776507389846,-0.1647130995988845,0.7221149206161499,1.544273853302002,-0.14770578427074707,2.138543061794567,-0.0286467466503381,0.5890312194824219,0.2479677498340606,-0.1961289902984794,0.42097556399803115
11149,-0.0026772806886583,0.5449660420417786,0.0338335260748863,-0.14520353935511154,0.0620837326819944,-0.1484623402357101,0.798543393611908,1.487363576889038,-0.12499730194785302,1.8625958073004818,-0.0537267178297042,0.5537790656089783,0.2588192820549011,-0.37484968302231025,0.4673692057504619
11159,0.0005369788268581,0.7818114161491394,0.0383624359965324,0.017903954978178257,0.049068656717100596,-0.0524870306253433,0.8335316777229309,1.4784259796142578,-0.04259222311724193,1.7736890140193236,-0.0379732511937618,0.8041179180145264,0.2777385115623474,-0.17002858434087187,0.3453952527859603
11169,-0.0008932980708777,0.273567259311676,0.0403280146420002,-0.08097024147406072,0.14741535497877092,-0.0479400120675563,0.5748241543769836,1.3452017307281494,-0.06199771916340072,2.340196946292437,-0.0362630933523178,0.396851897239685,0.2729101777076721,-0.33482405739153653,0.6876877233192202
11179,-0.0003442879533395,0.1644550114870071,0.0353148095309734,-0.05928131739782529,0.21473842123542383,-0.0419900864362716,0.3583647906780243,1.3788163661956787,-0.08497966314275186,3.8475218605794543,-0.024252338334918,0.2401575744152069,0.2594053447246551,-0.38929462709337675,1.080146422016117
11189,-0.0010457903845235,0.544342041015625,0.0380063876509666,-0.05054941958995603,0.069820783234113,-0.1389710009098053,0.8803246021270752,1.4103927612304688,-0.11192865267550373,1.6021280761921477,-0.0657468810677528,0.8274430632591248,0.2707567512989044,-0.29346596540264286,0.327221005675545
11199,0.0004562768153846,0.6886716485023499,0.0374591052532196,0.017687188240031543,0.054393273390420084,-0.1118076294660568,0.7369489073753357,1.5680506229400637,-0.09675512560846658,2.1277602928060784,-0.0324606001377105,0.7078441977500916,0.2587310671806335,-0.1772434882400353,0.3655197965922721
11209,-0.0014073321362957,0.5131058096885681,0.031955424696207,-0.0858311791710725,0.06227843086711976,-0.1078156679868698,0.8683417439460754,1.5388797521591189,-0.08068383137947911,1.7722051978819577,-0.0513670891523361,0.7350627779960632,0.2597849667072296,-0.2689964253868709,0.353418748008787
11219,2.36836367548e-05,0.5441736578941345,0.0318188033998012,0.0013678139650286562,0.05847178182592466,-0.0911258682608604,0.6880320906639099,1.2394663095474243,-0.1068558388756243,1.8014658420240446,-0.0496837384998798,0.5552306771278381,0.2669472396373749,-0.33520877544295286,0.480786186055624
11229,-0.0003541976911947,0.4454148709774017,0.0352081805467605,-0.022585901546969017,0.07904581288339338,-0.0727415084838867,0.5011357069015503,1.5047255754470823,-0.09646497414272992,3.002630933546091,-0.0206316076219081,0.4801454246044159,0.263374924659729,-0.163149538836916,0.5485315722350564
11239,-0.0003875959955621,0.4972000122070312,0.0290150605142116,-0.02686733993461554,0.058356918346433785,-0.0660221874713897,0.5951442718505859,1.4108335971832275,-0.07863064862894759,2.370574100959212,-0.0299828629940748,0.6290144324302673,0.2742955088615417,-0.17377759929300007,0.4360718843950375
11249,0.0004996246425434,0.5371578931808472,0.0303603578358888,0.030636207531162186,0.056520360626381515,-0.1131230071187019,0.7879462242126465,1.3756577968597412,-0.10436237373329044,1.7458777700652912,-0.0247914753854274,0.6153667569160461,0.2606631517410278,-0.15455700727402644,0.4235899141633187
11259,-0.0008238974842242,0.6059831380844116,0.0411629155278205,-0.03302984298217156,0.06792749325986465,-0.1110250875353813,0.7904231548309326,1.3546712398529053,-0.1036877760244313,1.7138557133269487,-0.0328756533563137,0.5862047672271729,0.2633392810821533,-0.2129655719541383,0.4492274641978492
11269,-0.000596055178903,0.4847168326377868,0.0256158076226711,-0.04800542413971733,0.05284695289675026,-0.1560402810573578,0.735161542892456,1.2221516370773315,-0.17367161764353764,1.662425964596621,-0.0321203023195266,0.4888793528079986,0.2421811670064926,-0.2712923583169542,0.4953802315754707
11279,-0.0006920327432453,0.3794483840465545,0.0395646728575229,-0.046096330705574305,0.10426891909669778,-0.0551726222038269,0.6977901458740234,1.2743927240371704,-0.06204338866346909,1.826326627815757,-0.034447006881237,0.5008873343467712,0.2878333032131195,-0.23892984425070238,0.574646798742666
11289,-0.0019458527676761,0.2965539693832397,0.0498443692922592,-0.13164068392688427,0.1680785773865155,-0.1079141050577163,0.5691042542457581,1.3303896188735962,-0.14253040983620416,2.3376905179469802,-0.0439626798033714,0.4457446634769439,0.2876615226268768,-0.342859533755534,0.6453504577778439
11299,0.000359511381248,0.5415387749671936,0.0403994619846344,0.016432646166144687,0.07460123605568557,-0.0758219137787818,0.7943475842475891,1.361809015274048,-0.07009192022366902,1.714374213857479,-0.0296972598880529,0.7381948828697205,0.2886597216129303,-0.13936674624003226,0.39103457408261943
11309,-0.0006081632454879,0.4965181946754455,0.0334476642310619,-0.03662007314403913,0.06736442811108932,-0.0841105207800865,0.7507869601249695,1.310774564743042,-0.08546840425147585,1.745867515499819,-0.0496115833520889,0.5687655806541443,0.2716598808765411,-0.3210881478783039,0.47763066211584343
11319,-5.06586147821e-05,0.4389750957489013,0.0261045098304748,-0.004420769641425761,0.059466949454022956,-0.1056420728564262,0.7160442471504211,1.3942869901657104,-0.10581442570136798,1.9472078655955032,-0.0312825664877891,0.5468755960464478,0.2428063601255417,-0.23558833021001924,0.44398828889215863
11329,-0.0009807798778638,0.4100427031517029,0.0384816564619541,-0.06215680762690656,0.09384792404833285,-0.0568576678633689,0.5822433233261108,1.207648992538452,-0.08086187394082518,2.074131113500215,-0.0318497419357299,0.4531524777412414,0.2621621787548065,-0.2680967326255046,0.5785297259358826
11339,0.0008639794541522,0.458792507648468,0.0309421140700578,0.06086072408317767,0.06744250081295136,-0.1320501863956451,0.607433557510376,1.3262444734573364,-0.16391422726121177,2.183357269382803,-0.0300793275237083,0.4110114276409149,0.2452348619699478,-0.2984228111558994,0.5966619064037318
11349,-0.0007303712773136,0.3863391578197479,0.0352740474045276,-0.053594430787936444,0.09130331909297482,-0.1426458060741424,0.7693029046058655,1.4747225046157837,-0.12573359338442852,1.9169594912309913,-0.0526236407458782,0.5173588991165161,0.2532308101654053,-0.4016727993944422,0.4894683566820686
11359,-0.0007977637578733,0.2665650248527527,0.0317072458565235,-0.09438709418083195,0.1189475096143547,-0.1187937930226326,0.7035593390464783,1.2502321004867554,-0.1350524202842904,1.777010169719548,-0.0413093045353889,0.4067625701427459,0.2594920694828033,-0.39136574544841474,0.6379448074382539
11369,-0.000833473925013,0.3582271337509155,0.0303657259792089,-0.07662136255776854,0.08476668325276267,-0.1210879236459732,0.5533692836761475,1.51287841796875,-0.14463778288278908,2.7339399973890552,-0.0286029018461704,0.4609572291374206,0.2547470927238464,-0.24357921643410343,0.552648004242279
11379,-0.0005297721363604,0.5194240808486938,0.0292095858603715,-0.03491737870462013,0.056234562349603764,-0.0985902994871139,0.6826867461204529,1.4357960224151611,-0.10058193088674926,2.1031549690607734,-0.0386599674820899,0.537524402141571,0.2555721700191498,-0.28141661773688315,0.4754615213763601
11389,0.0006451291847042,0.3784242570400238,0.031140636652708,0.054744467408197314,0.08229027625312726,-0.0852659493684768,0.6445744633674622,1.381723403930664,-0.09573735447781666,2.1436210747662905,-0.0259664598852396,0.4745344817638397,0.2571431696414947,-0.21279919266826447,0.5418851095618936
11399,-0.0006649947026744,0.5164275765419006,0.025004394352436,-0.05149824405778687,0.04841800765147028,-0.0777017176151275,0.6751930713653564,1.3672324419021606,-0.08417057368246603,2.0249503436659704,-0.0288581475615501,0.501660943031311,0.255892276763916,-0.22480241952058927,0.5100900923593419
11409,-0.0008488815510645,0.3583104014396667,0.0367246568202972,-0.06451042950199706,0.10249397358474674,-0.1333053261041641,0.667620062828064,1.7769114971160889,-0.1123705030190582,2.6615609626664365,-0.0375033989548683,0.5383199453353882,0.2833279371261596,-0.24588993893102806,0.52631885476515
11419,-0.0004531749582383,0.4259998798370361,0.0258841756731271,-0.041098132514644316,0.06076099289753075,-0.0066385488025844,0.7468400001525879,1.3807597160339355,-0.006437651668712379,1.848802575855378,-0.0292685404419899,0.6624603867530823,0.2398905903100967,-0.18417383810772073,0.36212065673220506
11429,-0.0008155486430041,0.3665181398391723,0.0383829362690448,-0.05797172198146242,0.10472315581948327,-0.0575693510472774,0.6851623058319092,1.3259549140930176,-0.06336787074648925,1.93524206280302,-0.034908689558506,0.6215131878852844,0.2658646404743194,-0.21126259835208003,0.4277699100463678
11439,-0.0006162197096273,0.3213272094726562,0.0281623881310224,-0.0680955297668041,0.08764395700333283,-0.065534271299839,0.5269421935081482,1.2800025939941406,-0.09716159823020348,2.4291138757981194,-0.0291287340223789,0.3730766773223877,0.2452677935361862,-0.3183339701253456,0.6574192610926528
11449,2.80187923635e-05,0.5520961284637451,0.0327449701726436,0.0015498515857498198,0.05931026950643412,-0.0529837198555469,0.5700321197509766,1.3527358770370483,-0.06871160761202602,2.373087112403425,-0.0393931046128273,0.5770555138587952,0.2617536187171936,-0.26080140082692055,0.4536021447344569
11459,-0.0017653175164014,0.4613268971443176,0.0395070426166057,-0.09685890015435464,0.08563784782799398,-0.1046618372201919,0.7347529530525208,1.4964228868484497,-0.09519029483137041,2.0366340558844738,-0.0546232424676418,0.5704194903373718,0.2758678197860718,-0.34712195067138246,0.48362271005661306
11469,-0.0010814119596034,0.376609057188034,0.0358592793345451,-0.0800753509362851,0.09521618944135277,-0.1545227169990539,0.7726683020591736,1.2285194396972656,-0.16278605807395455,1.5899700252012945,-0.0376098789274692,0.5014366507530212,0.2589606642723083,-0.28963567979276766,0.5164374480473654
11479,0.0004566664283629,0.4780062139034271,0.0409072749316692,0.023354199934987933,0.08557896056960843,-0.1035629287362098,0.533761739730835,1.161098837852478,-0.16710432603720568,2.1753129747328765,-0.0269117392599582,0.3790497183799743,0.2590343058109283,-0.27408691544901675,0.6833781777177371
11489,-0.0019676773808896,0.4960519969463348,0.0339274294674396,-0.11691648083151891,0.06839490552662775,-0.0969543531537056,0.7347841858863831,1.5124279260635376,-0.08724344869128178,2.0583294457257124,-0.0493033677339553,0.5507566332817078,0.2514432668685913,-0.35602200223507663,0.45654151339105165
11499,-0.0031885390635579,0.3721077442169189,0.0507228896021842,-0.1689347707572039,0.13631237293630596,-0.1631642580032348,0.7107992172241211,1.2920018434524536,-0.17767034928995415,1.8176748259488789,-0.0658521205186843,0.4690402746200561,0.3048698306083679,-0.4605164831693882,0.6499864662055435
11509,-0.0017308148089796,0.4411137104034424,0.0424396097660064,-0.09245462982095605,0.09621013531225578,-0.1143747046589851,0.7264671921730042,1.370774507522583,-0.11485448543011535,1.8869049040223425,-0.038618266582489,0.5304500460624695,0.2740390300750732,-0.26566593034243163,0.5166160925223116
11519,-0.00075891520828,0.4997297823429107,0.0493099763989448,-0.030798050621323802,0.09867327932260134,-0.0766795203089714,0.7837981581687927,1.239098072052002,-0.07895315104303925,1.5808892367735818,-0.0669333115220069,0.6233698129653931,0.2880067527294159,-0.37281542628197484,0.4620158800429511
11529,-0.0006281618261709,0.6934899091720581,0.0362562201917171,-0.024983246246983636,0.05228081867117948,-0.0835669115185737,0.8444091081619263,1.506761908531189,-0.06568055441238765,1.7843979819344251,-0.0237054266035556,0.7693772912025452,0.2645629048347473,-0.11646071747465518,0.3438662771307333
11539,0.0002377411583438,0.4206302464008331,0.0259061641991138,0.021817287874630872,0.061588923813212716,-0.0354956984519958,0.4196935594081878,1.3189866542816162,-0.06412140359381803,3.142737420468226,-0.0178101807832717,0.3494636416435241,0.2281685918569564,-0.22336260573232253,0.652910817228029
11549,-0.0005651437677443,0.3140787780284881,0.0273501798510551,-0.06579004198789276,0.08708063633823211,-0.1156984269618988,0.5636641383171082,1.4039214849472046,-0.1462056746615189,2.490705704888008,-0.0269817933440208,0.3838849663734436,0.2486479729413986,-0.28267329667775787,0.6477147966756105
11559,-0.0029281373135745,0.4926953613758087,0.0470286086201667,-0.1263719931898427,0.09545169755372453,-0.1315265595912933,0.7318751215934753,1.3422609567642212,-0.13388734140116307,1.8340027105194983,-0.0581315085291862,0.447164922952652,0.269522100687027,-0.4823357823248947,0.6027353373501645
11569,-0.0001291328371735,0.5297842621803284,0.0300605669617652,-0.008108499096185757,0.05674114749662602,-0.076245367527008,0.6869899034500122,1.2174880504608154,-0.09115875821395028,1.7722066137314114,-0.0391368605196476,0.5824480652809143,0.2541108131408691,-0.2644268987652801,0.4362806373445701
11579,-0.0009677819907665,0.3137810230255127,0.035956498235464,-0.08577751726272449,0.11459105426060286,-0.1018392667174339,0.4881490468978882,1.6784745454788208,-0.1242933972195893,3.438446835337009,-0.0325995273888111,0.4051843285560608,0.256445050239563,-0.3137359914168733,0.6329095973515214
11589,-0.0016322711016982,0.6637004613876343,0.0377465635538101,-0.06515425040641759,0.05687289033202015,-0.0850801691412925,0.9553664326667786,1.5007617473602295,-0.0593398733497406,1.5708755259184188,-0.039266213774681,0.8131806254386902,0.2589431405067444,-0.18647799585611732,0.3184325012257285
11599,-0.0007576893549412,0.5056093335151672,0.0414876006543636,-0.03612083524783859,0.08205465742874593,-0.1061393991112709,0.720652163028717,1.3863283395767212,-0.10623920908633926,1.9237135621023285,-0.0450487956404686,0.5366606712341309,0.2612126469612121,-0.3213580735223152,0.4867370779388675
11609,-0.0004712829540949,0.2495272308588028,0.0344884693622589,-0.05476333204197803,0.1382152530750221,-0.1147380843758583,0.6962751150131226,1.3387199640274048,-0.12309402737740074,1.922688223608529,-0.050468698143959,0.4281885325908661,0.2636848092079162,-0.4469942730998544,0.615814738457433
11619,-0.0010734201641753,0.4815541207790375,0.0274385139346122,-0.0812389046797699,0.056979086567099366,-0.0968127623200416,0.7837442755699158,1.4916677474975586,-0.08281063797215486,1.9032582361292039,-0.0303298346698284,0.5288225412368774,0.250205785036087,-0.22922539896148186,0.4731375187806364
11629,-0.0013779017608612,0.4790872931480407,0.0418445728719234,-0.06873286764947979,0.08734227242172583,-0.0898301750421524,0.6908879280090332,1.3732823133468628,-0.09467925128750658,1.98770633799366,-0.0437687896192073,0.5233325958251953,0.2664815187454223,-0.31384821019384823,0.5092010718828472
11639,-0.0018433784134685,0.4164958000183105,0.0360902994871139,-0.1226347034411745,0.08665225312122536,-0.0853295177221298,0.6728686690330505,1.3280881643295288,-0.09548652269745544,1.9737702548077694,-0.0486585795879364,0.5255693197250366,0.2673061192035675,-0.3463542500150118,0.5086029742820884
11649,-0.0011783456429839,0.4413551390171051,0.0414170734584331,-0.06446219718320491,0.09384069606772596,-0.1224595159292221,0.5664159059524536,1.4326528310775757,-0.15090934545934104,2.5293301547888314,-0.0368842259049415,0.4082506000995636,0.2727993428707123,-0.3311848956161599,0.6682154118185799
11659,-0.0004326083580963,0.6305498480796814,0.0311771165579557,-0.022005920205290058,0.04944433283570612,-0.0756202787160873,0.7649915218353271,1.2698688507080078,-0.07784357652892969,1.6599776787870875,-0.0554987452924251,0.7197691798210144,0.2589980363845825,-0.29771001655928603,0.3598348521243821
11669,-0.0004598133964464,0.2068089097738266,0.0289324820041656,-0.07684695847661656,0.1398995915398769,-0.0505274124443531,0.5081918239593506,1.4324430227279663,-0.06940999741032854,2.8187053691020125,-0.0166493877768516,0.3312638103961944,0.244745060801506,-0.2053573915705208,0.7388222109405455
11679,-0.0005222614854574,0.3001443147659302,0.0281021688133478,-0.06191815967918282,0.09362885595638715,-0.14690662920475,0.7081279754638672,1.294413924217224,-0.16027156059895367,1.8279378432539732,-0.0317499190568923,0.4975906908512115,0.2509763240814209,-0.25423633634019255,0.504383077689987
11689,-0.0001802474434953,0.3901912569999695,0.0459715686738491,-0.010048523591207394,0.11781803884409613,-0.0761884897947311,0.618114173412323,1.653868556022644,-0.07452803531899257,2.6756683913141797,-0.0330880731344223,0.4819990694522857,0.2864967882633209,-0.23961032018082065,0.5943928244278114
11699,-0.0003502779291011,0.3539564311504364,0.0277834888547658,-0.035618545870064744,0.07849409251998428,-0.1443976312875747,0.6048093438148499,1.4780763387680054,-0.1615268456958135,2.443871533870496,-0.0368402078747749,0.5082966685295105,0.2529580593109131,-0.2865208877626444,0.49765830660018767
11709,-0.000971908099018,0.7239602208137512,0.0414377115666866,-0.03239774137672856,0.05723755308007044,-0.077695645391941,0.8858051300048828,1.45354163646698,-0.060343571514022004,1.6409270924621622,-0.0472758784890174,0.8834503889083862,0.2790035903453827,-0.19179957895666414,0.3158112711797282
11719,0.000124065001728,0.4096538424491882,0.0268161371350288,0.011293694488796094,0.06546047993765607,-0.0567288994789123,0.7842055559158325,1.3509368896484375,-0.053547522578637353,1.7226821200861668,-0.0204509980976581,0.4413955807685852,0.2250212430953979,-0.2059031582283892,0.5097949614800787
11729,7.74439467932e-05,0.502109169960022,0.0304086003452539,0.005072159409145281,0.060561730724167095,-0.0978565439581871,0.7683932185173035,1.3182175159454346,-0.09660937491460962,1.7155506896443928,-0.0295724160969257,0.5511621832847595,0.2428452223539352,-0.2209417719510834,0.4406057413203701
11739,-0.00097677775193,0.2635658085346222,0.0291342698037624,-0.12720452226922,0.11053888198072287,-0.1197794377803802,0.6767720580101013,1.2307720184326172,-0.14380110942212673,1.8185916570660885,-0.0356454290449619,0.4339758455753326,0.2454913556575775,-0.33458162356314325,0.5656797680343787
11749,-2.22701382881e-05,0.4190911948680877,0.0351324938237667,-0.0015125348811307843,0.08383018840284853,-0.1118472665548324,0.5937454104423523,1.2973368167877195,-0.14520192238239313,2.185005212623332,-0.0379147455096244,0.3552635610103607,0.2680132389068603,-0.3981999795895199,0.7544067794193058
11759,-0.0006116146687418,0.2900625169277191,0.0311687178909778,-0.06764992875349671,0.10745517284035963,-0.0771905928850174,0.4813105165958404,1.124374270439148,-0.1426356635077923,2.336068362668444,-0.0262961871922016,0.3305631279945373,0.2586977183818817,-0.3075004635597524,0.7825970184616501
11769,-0.0010756250703707,0.707035481929779,0.031190725043416,-0.04877465844198239,0.04411479457619891,-0.1327857226133346,0.7847163677215576,1.3082109689712524,-0.1293483472269112,1.667113141490439,-0.0278717782348394,0.7871178388595581,0.2428263872861862,-0.14582401249091295,0.3085006784219416
11779,0.0002223946648882,0.4402662515640259,0.031333602964878,0.016121247015016858,0.07116966802149108,-0.1834396719932556,0.541146457195282,1.337991714477539,-0.2533523993346008,2.4725131185598834,-0.0170704759657382,0.3771931529045105,0.2526424825191498,-0.1791329383631952,0.6697960463325491
11789,-0.0018445703899487,0.2410635501146316,0.0483613386750221,-0.15822145385961264,0.20061655381755186,-0.1251574754714965,0.631761908531189,1.4082432985305786,-0.14067783120154512,2.2290728192281573,-0.0397045835852623,0.4174649715423584,0.283751368522644,-0.3351835065171133,0.6797010237153585
11799,-0.0002896807272918,0.4824345111846924,0.0303935147821903,-0.01975605873186302,0.06300029139199502,-0.0791351124644279,0.7194235324859619,1.4804071187973022,-0.07430249882557183,2.0577685493297224,-0.0394322574138641,0.5353037714958191,0.2484679520130157,-0.2964701387730499,0.46416252835042154
11809,-0.0001692619116511,0.6996212005615234,0.0345907323062419,-0.006994175470513873,0.049442087058652606,-0.0761483311653137,0.9182502031326294,1.5647536516189575,-0.05299725589115025,1.704060229206341,-0.0422720089554786,0.7833034992218018,0.273188441991806,-0.19754247919472745,0.3487644856217467
11819,-0.0001240356650669,0.4098020195960998,0.0257770624011755,-0.011741918520078975,0.0629012576038091,-0.1388428211212158,0.4803330302238464,1.8074791431427,-0.15992180496169622,3.7629707503154064,-0.0227941162884235,0.4113895893096924,0.2302704900503158,-0.24061969789906476,0.5597382530673841
11829,-0.0007925266982056,0.2581868171691894,0.0345788188278675,-0.08877070796349339,0.13392945157694885,-0.0843777805566787,0.6143483519554138,1.370309829711914,-0.10022928378581779,2.23050949082934,-0.0405563861131668,0.3654504716396332,0.2715734839439392,-0.4086423363304677,0.7431198069754714
11839,-0.0009548801463097,0.242459088563919,0.0343212895095348,-0.11474844229909699,0.14155497206897547,-0.1159046590328216,0.563382089138031,1.383315920829773,-0.1487224332908702,2.455377882080406,-0.0389594249427318,0.4127067923545837,0.2498727440834045,-0.37779137182983935,0.6054485865324027
11849,-0.0001668671029619,0.6552357077598572,0.0250439401715993,-0.01016881887247927,0.03822126888844383,-0.0837906673550605,0.7849441766738892,1.363921046257019,-0.07826501027959779,1.7376026051132425,-0.0203964561223983,0.8347477316856384,0.236779123544693,-0.1031943831116864,0.28365350938607015
11859,-0.0003589899861253,0.5802150368690491,0.0237031131982803,-0.026102852176140404,0.04085229043043561,-0.1167253851890564,0.6349717974662781,1.479201078414917,-0.12427496933050942,2.3295539806923062,-0.0176783949136734,0.6055187582969666,0.2356950491666793,-0.1238696097838427,0.3892448350065591
11869,-0.0002015692880377,0.4233423173427582,0.0344838164746761,-0.013807573190695326,0.081456105525015,-0.0528158992528915,0.4909748435020447,1.549588322639465,-0.06942071832979824,3.1561460696977885,-0.0300494786351919,0.3680992126464844,0.2726317048072815,-0.2994302642070613,0.7406473457173947
11879,-0.0018622698262333,0.435523122549057,0.0324456058442592,-0.1317878889666197,0.07449800978271721,-0.1369747221469879,0.6293008923530579,1.4309309720993042,-0.1521119719913944,2.2738422740015856,-0.0362713783979415,0.4999414384365082,0.2675656974315643,-0.2711530473527947,0.5351940784671417
11889,-0.0008328826515935,0.2611375451087951,0.0335824564099311,-0.09497341169834891,0.12860064375630084,-0.0991452932357788,0.8493550419807434,1.5958380699157717,-0.0731465776074363,1.8788822000681695,-0.0403094552457332,0.429070770740509,0.2660029232501983,-0.35317632992350323,0.619951162814281
11899,-0.0007796773570589,0.3207877874374389,0.0257088765501976,-0.09453965147152855,0.08014294046406437,-0.0959560796618461,0.5648195147514343,1.2576642036437988,-0.13508219312565295,2.2266656352999266,-0.0332689061760902,0.4059405922889709,0.226616770029068,-0.36164627482397693,0.5582510700672912
11909,-0.0001691475627012,0.3043754398822784,0.0284154284745454,-0.01955698618415961,0.09335650894019398,-0.1367376446723938,0.707227885723114,1.442617416381836,-0.13402244833605917,2.0398197603687724,-0.02924938313663,0.4712816774845123,0.2371727079153061,-0.2616805498136929,0.503250432270625
11919,-0.001252690097317,0.5007084012031555,0.0352172181010246,-0.0710401253380092,0.07033478570841015,-0.1007152646780014,0.6989462971687317,1.3651396036148071,-0.10555393395233767,1.953139474584341,-0.0460804812610149,0.5778584480285645,0.2737281322479248,-0.29132389327441416,0.47369409096947906
11929,0.0001443401561118,0.5960914492607117,0.031078528612852,0.0077913700090732185,0.05213718239272919,-0.0673077702522277,0.6316283941268921,1.3627493381500244,-0.07819654753288285,2.157517538510551,-0.0171884261071681,0.6397309899330139,0.2752517461776733,-0.0976132200154659,0.43026170454317814
11939,-0.0002838222135324,0.3269778788089752,0.0309813469648361,-0.028017392558858357,0.09475059009400391,-0.0971177965402603,0.5977759957313538,1.2604697942733765,-0.12889257677420185,2.108598878633868,-0.01878073066473,0.4541555643081665,0.2561297416687011,-0.16145363731838933,0.5639691810423458
11949,-0.001350651262328,0.3329090774059295,0.0322353206574916,-0.1258593825885952,0.09682920306250997,-0.121153175830841,0.6369307041168213,1.4718517065048218,-0.1292345283148452,2.310850610578926,-0.0340944156050682,0.3446328341960907,0.2563629448413849,-0.3858969513014705,0.7438726650621988
11959,-0.0003280191449448,0.5069892406463623,0.0249804127961397,-0.025900064084548178,0.049272076788635766,-0.032717227935791,0.6154245734214783,1.3353163003921509,-0.03981232272259851,2.1697481024659204,-0.0386822521686553,0.6094107031822205,0.2466704696416854,-0.25732650030025084,0.40476885022468706
11969,-0.0001876078604254,0.5860376954078674,0.0311649572104215,-0.010272093026216383,0.05317910000436316,-0.0412406809628009,0.6208333969116211,1.335676908493042,-0.04973353605597119,2.151425672551541,-0.0164216980338096,0.583671510219574,0.2454757988452911,-0.11461484847903133,0.4205718362935763
11979,-0.0015478979330509,0.2929477095603943,0.0483298823237419,-0.10932927693303011,0.16497784671628635,-0.1385975331068039,0.5484685301780701,1.4431945085525513,-0.17509708612040162,2.6313168926647306,-0.0521994568407535,0.49616739153862,0.2899158895015716,-0.3628822676109306,0.5843106468616157
11989,-0.0007905138190835,0.3036788702011108,0.0404402315616607,-0.06436966628202472,0.13316774899379474,-0.0905234813690185,0.4163148403167724,1.4569439888000488,-0.14924386909401158,3.499620594095242,-0.0371332168579101,0.3300236165523529,0.2648736238479614,-0.42479445718965514,0.802589907398168
11999,-0.0016375291161239,0.6710852384567261,0.0367673970758914,-0.06636643042989326,0.054787968754079944,-0.0562444627285003,0.7516714930534363,1.3736721277236938,-0.05447140861611778,1.827489987871656,-0.0375744365155696,0.6792680621147156,0.2851857841014862,-0.19396501661692464,0.4198427690146923
12009,-0.0014919114764779,0.610310971736908,0.0452964305877685,-0.053966952822270965,0.07421860770232855,-0.0957596600055694,0.7295583486557007,1.3079135417938232,-0.1003560426548719,1.79274700125605,-0.0547580271959304,0.7383938431739807,0.2706412672996521,-0.27400955531976273,0.3665269825873717
12019,-0.0015804832801222,0.5091891884803772,0.0333862192928791,-0.09297014116079841,0.06556741590000534,-0.094690665602684,0.6943128108978271,1.3163235187530518,-0.10360705992578584,1.8958652326332457,-0.0462446361780166,0.5674232840538025,0.2773203551769256,-0.2938816478371123,0.4887362978756973
12029,-0.0004981255624443,0.2916926145553589,0.0247871931642293,-0.06889473669488766,0.08497710235829457,-0.0796276777982711,0.6810412406921387,1.4464586973190308,-0.08083223771665933,2.123892961091464,-0.0365923419594764,0.3989536762237549,0.2365329563617706,-0.3877716678007367,0.592883260534514
12039,-0.0006669231224805,0.3549588322639465,0.0300393048673868,-0.06254720526589645,0.08462757406484156,-0.105449266731739,0.5260123014450073,1.3147491216659546,-0.15247715285962812,2.4994645905698594,-0.0338570810854435,0.3753801882266998,0.2708313167095184,-0.3330268769855299,0.7214853772356196
12049,0.0004941514926031,0.5656964182853699,0.0340401716530323,0.02566167149359239,0.06017392112223076,-0.0475696139037609,0.7498265504837036,1.282036304473877,-0.04948442049353688,1.7097771526586403,-0.0192725323140621,0.6540274024009705,0.2438487112522125,-0.12084324339800652,0.3728417346995409
12059,-0.0008431063615716,0.2227910161018371,0.0403587371110916,-0.09376637445097208,0.18115064878847603,-0.0761520713567733,0.5655104517936707,1.239427089691162,-0.10864759082941398,2.1916961671707056,-0.0345532968640327,0.3580242693424225,0.2600361108779907,-0.371144784680656,0.7263086140936617
12069,-0.0005572991212829,0.4429996311664581,0.0302966050803661,-0.041523220325142066,0.06838968466089328,-0.1094197779893875,0.571535050868988,1.5433833599090576,-0.12404496643352114,2.7004176866535605,-0.0358165800571441,0.4357079267501831,0.2661428153514862,-0.30886870498234226,0.6108284908575499
12079,-0.0017490176251158,0.383515328168869,0.0415510088205337,-0.10975640842451787,0.10834249837919908,-0.110466182231903,0.6672064065933228,1.6014050245285034,-0.10338748009665749,2.4001643400054995,-0.0581695437431335,0.5271213054656982,0.2700264751911163,-0.40867562917737227,0.5122662893554545
12089,-0.0017916406504809,0.4576793313026428,0.0341030657291412,-0.11478791970677389,0.07451301248862902,-0.1285234987735748,0.9368173480033876,1.3181177377700806,-0.10408146847834401,1.407016789963751,-0.0576607622206211,0.6369821429252625,0.2552876472473144,-0.354587417506699,0.40077677228899566
12099,-0.0001257218827959,0.5148974657058716,0.038432490080595,-0.006353186411125501,0.07464105504560603,-0.1170662268996238,0.8459181785583496,1.1964561939239502,-0.11566619811490039,1.4143876136614095,-0.0444078408181667,0.6823067665100098,0.2604959309101105,-0.24984981693034017,0.381787113504009
12109,-0.0008461091201752,0.3721823394298553,0.0344319008290767,-0.06602518338242101,0.09251352678857035,-0.114528402686119,0.6157525777816772,1.3023288249969482,-0.1428191065816518,2.1150196880843675,-0.0423103235661983,0.5280547142028809,0.2581816613674164,-0.3103430552577563,0.48892975372287256
12119,-0.0010111078154295,0.3131487071514129,0.0289776176214218,-0.11142539105563168,0.09253628375163821,-0.0984415113925933,0.6273524165153503,1.3371894359588623,-0.1173474781260811,2.1314804896844506,-0.0310311168432235,0.4645031094551086,0.2319032400846481,-0.2880726080506302,0.49925013495966736
12129,-0.0007955756736919,0.5545674562454224,0.0365353301167488,-0.039265766460635586,0.06588076834530332,-0.115706130862236,0.8077898025512695,1.5568305253982544,-0.0920061094324173,1.9272718230426584,-0.0461620651185512,0.6658385396003723,0.2539143562316894,-0.27304174056688385,0.3813452378170923
12139,-0.0006550463149324,0.2078710943460464,0.0273688472807407,-0.11513872055073347,0.13166259294897123,-0.0717201381921768,0.6619628071784973,1.350176453590393,-0.08024481845808668,2.0396560636771848,-0.0343856215476989,0.4780192375183105,0.2533597648143768,-0.2839186079051454,0.5300200178756861
12149,-0.0005028769373893,0.6470990180969238,0.0289170518517494,-0.026874287826210732,0.0446872133059212,-0.1307327449321746,0.8581189513206482,1.6216235160827637,-0.09394785155935426,1.8897421081157562,-0.0457524731755256,0.6360052227973938,0.2626771926879883,-0.2738618432149015,0.4130110622875606
12159,-0.0008222463075071,0.5000007748603821,0.0417293086647987,-0.03940851452209723,0.08345848799224562,-0.0759362801909446,0.6946150064468384,1.2332463264465332,-0.08864522097619132,1.7754386458693912,-0.0457832217216491,0.4798872470855713,0.2709963619709015,-0.3520494586583392,0.5647084051862263
12169,-0.0011918295640498,0.7032303214073181,0.0400054641067981,-0.042364028644316806,0.05688813876332635,-0.0224602408707141,0.864006757736206,1.1040529012680054,-0.02354547123954026,1.2778290116164681,-0.0394241884350776,0.7158269286155701,0.2661599218845367,-0.2069245738687216,0.37182161112504897
12179,-0.0009414879023097,0.3077810108661651,0.0425952635705471,-0.07181441255719345,0.13839470944186721,-0.1215094178915023,0.5908972024917603,1.3809332847595217,-0.14891049553670122,2.3370110383603957,-0.0314398296177387,0.344478040933609,0.2632715106010437,-0.34666881490584966,0.7642620989353102
12189,-0.0005120298592373,0.5598262548446655,0.0287906751036643,-0.03176802215315142,0.05142787579988156,-0.0935581177473068,0.6898518800735474,1.370902419090271,-0.0989279662160339,1.9872416944694193,-0.0387439429759979,0.5340294241905212,0.2560130655765533,-0.2833847660963198,0.47939880085187525
12199,0.0013361605815589,0.7182754874229431,0.0335519053041935,0.055443472442235325,0.046711750424022314,0.0349708423018455,0.8670085072517395,1.6215965747833252,0.024873672710604866,1.8703352518690892,-0.0371277704834938,0.7582245469093323,0.2606456577777862,-0.1878670155531227,0.34375787336380437
12209,0.0004411455593071,0.7693363428115845,0.0370116494596004,0.015492703982875954,0.0481085416091734,-0.0129532879218459,0.849269449710846,1.3756901025772097,-0.011086996349005349,1.6198511591881661,-0.0304286815226078,0.8169764280319214,0.2753896117210388,-0.13524650620271259,0.3370839136502952
12219,-0.00189048377797,0.3268478214740753,0.0404653847217559,-0.14293667874594163,0.12380496996815842,-0.1175703555345535,0.598150372505188,1.3747533559799194,-0.14297584286042184,2.2983407169373544,-0.0272432472556829,0.4251583218574524,0.2263487875461578,-0.28309357659601714,0.5323870565611281
12229,-0.0015785581199452,0.4477403163909912,0.0370120108127594,-0.09525585825119026,0.08266401183412417,-0.0558977462351322,0.623167097568512,1.178870439529419,-0.07608932034767184,1.8917405044797189,-0.0341007448732852,0.4343281984329223,0.2477569729089737,-0.3168983316703743,0.5704372265095684
12239,0.000128462241264,0.6647554039955139,0.0304852556437253,0.0063390441567795115,0.045859357382420064,-0.1187824308872222,0.692496657371521,1.3458017110824585,-0.1274539945562108,1.943405353306193,-0.0441877022385597,0.4835747480392456,0.2475214004516601,-0.36916885202693506,0.5118575803539931
12249,-0.0006528853555209,0.5476974248886108,0.0316265188157558,-0.03769162288955146,0.05774450888131876,-0.0747719332575798,0.7060343623161316,1.3650821447372437,-0.0775807520208699,1.933450009797142,-0.0253490358591079,0.647805392742157,0.2597129642963409,-0.15066877508613452,0.4009120134010883
12259,-0.0001743311586324,0.3640814423561096,0.0240269992500543,-0.019928606813125298,0.06599347413745243,-0.0672076195478439,0.5295619964599609,1.4235881567001345,-0.08914917656509055,2.688237007596086,-0.0193146914243698,0.363772302865982,0.2198420166969299,-0.24151685538260947,0.6043396238935824
12269,-0.0012058675056323,0.359031468629837,0.0375298932194709,-0.08949314038841436,0.10453092973352814,-0.1130726784467697,0.7140927314758301,1.2367138862609863,-0.1280365106804612,1.7318673496438541,-0.0442849397659301,0.4673942923545837,0.2696356773376465,-0.3513947733692802,0.576891249525765
12279,-0.0001085745170712,0.3191837668418884,0.020120108500123,-0.016906620032378354,0.06303612711635721,-0.0389189943671226,0.6308485865592957,1.3478468656539917,-0.04577158193522978,2.136561600312475,-0.029988307505846,0.47820645570755,0.2466100305318832,-0.25428795187115616,0.5156978279747421
12289,-0.0010598334483802,0.4382478296756744,0.0373896211385726,-0.0646795192407388,0.08531615813418361,-0.0350750647485256,0.6862876415252686,1.288535237312317,-0.03966395379298841,1.8775439908090987,-0.0283186733722686,0.4878039360046386,0.2524114847183227,-0.22999505188955496,0.5174445429565424
12299,0.0001349300873698,0.4699566662311554,0.0248719193041324,0.011543611103300986,0.05292385679640251,-0.0738216862082481,0.5432044863700867,1.3280857801437378,-0.10232800003848047,2.4449094465668852,-0.009150955826044,0.5450562834739685,0.2378872632980346,-0.07057549261045994,0.4364453186042317
12309,-0.0003132670244667,0.7113929390907288,0.0289897881448268,-0.015190081014603018,0.04075073922139328,-0.0567256174981594,0.7309285402297974,1.2754732370376587,-0.06084613013234475,1.7450040145328862,-0.0286083798855543,0.6842259764671326,0.2443342208862304,-0.17112340315140784,0.35709579771847094
12319,-0.0001996798964682,0.223233550786972,0.0345713458955287,-0.025873702972720923,0.15486626348796267,-0.0776059478521347,0.4067264497280121,1.5157217979431152,-0.1258847423723474,3.7266369053616146,-0.0223992522805929,0.2407812178134918,0.2525919079780578,-0.36829131806645987,1.049051542607092
12329,-0.0008551706559956,0.5780714154243469,0.0300439354032278,-0.04923959541897473,0.05197270545054254,-0.1199406832456588,0.74245285987854,1.370668888092041,-0.11785963149987032,1.8461359126777053,-0.0271377339959144,0.69318026304245,0.2268029898405075,-0.1726150336669883,0.32719193250691014
12339,-0.0003533635754138,0.4202253520488739,0.0272042341530323,-0.030910286226298173,0.064737251144877,-0.0902280285954475,0.7146909832954407,1.5029834508895874,-0.08399800411469044,2.102983647505009,-0.0338150449097156,0.4640792608261108,0.2507745623588562,-0.2905589963146225,0.540370112451159
12349,0.0023217652924358,0.5344981551170349,0.0345540456473827,0.12571097697642586,0.06464764249713205,-0.0450641848146915,0.4353857934474945,1.2348477840423584,-0.0838192631418857,2.8362151513133265,-0.0161778479814529,0.3953143954277038,0.2500186264514923,-0.163683821431765,0.6324551530206454
12359,0.0008736757445149,0.6547395586967468,0.0422915071249008,0.031552119289578,0.0645928698871986,-0.0840695649385452,0.8132839798927307,1.3289155960083008,-0.07778559606509072,1.6340117706284834,-0.024790946394205,0.7104631066322327,0.2683679163455963,-0.13002323928750406,0.3777365972143512
12369,-0.0004313762765377,0.6916008591651917,0.0288210734724998,-0.021641660548312285,0.041672986796587784,-0.0691211074590683,0.8861424326896667,1.3412777185440063,-0.05815518539526156,1.5136141426755614,-0.0355054885149002,0.8162623643875122,0.2438066303730011,-0.17841041663468343,0.2986866000565186
12379,-0.0006090071983635,0.4133133590221405,0.0402578227221965,-0.03660097884509982,0.09740266517743976,-0.0592138841748237,0.6907034516334534,1.2815788984298706,-0.06689390907672149,1.8554690806873027,-0.0268431138247251,0.5248479247093201,0.2650071084499359,-0.19299314580242324,0.5049217039330136
12389,-0.0010836110450327,0.6157880425453186,0.0339477024972438,-0.05183603614752306,0.05512887576855706,-0.1337624788284301,0.8453369140625,1.2531527280807495,-0.12627008427694716,1.4824299131317689,-0.031595692038536,0.6971273422241211,0.2564179301261902,-0.17675323263926745,0.36782079054324884
12399,-0.0027649011462926,0.5555091500282288,0.0396332144737243,-0.12558249129774626,0.0713457455592051,-0.1259834468364715,0.8444807529449463,1.2186412811279297,-0.12241872298509066,1.4430657855471287,-0.0630823895335197,0.7435334920883179,0.2686102986335754,-0.3158529520551965,0.36126186848577024
12409,-0.0018017385154962,0.499319851398468,0.0408379733562469,-0.08835858420859032,0.08178720161409589,-0.1419893056154251,0.703860342502594,1.5015740394592283,-0.13434527220081274,2.133340875720235,-0.0481649413704872,0.5609403252601624,0.2742700576782226,-0.31306605173177354,0.48894694377876474
12419,-0.0011794542660936,0.3983426094055176,0.0444272495806217,-0.06664612663866169,0.11153024690711463,-0.1437849700450897,0.6305606961250305,1.4242208003997805,-0.16010661292218933,2.258657745641316,-0.0368968732655048,0.5296730995178223,0.2725608050823211,-0.2555749262432281,0.514583061383411
12429,-0.0010666338494047,0.3441032767295837,0.0288923773914575,-0.10728605460973582,0.0839642611545452,-0.1144741177558898,0.6187195777893066,1.246204853057861,-0.14846497469059688,2.014167480380317,-0.0462602116167545,0.471769630908966,0.2531083524227142,-0.3874102950859488,0.5365083630649271
12439,-0.00060184544418,0.427327811717987,0.0327568724751472,-0.04299534008984835,0.07665513822621249,-0.0638778060674667,0.6732562780380249,1.5288134813308716,-0.06206047223850081,2.2707749354912448,-0.0345555394887924,0.714944064617157,0.2570906579494476,-0.1880006353159661,0.35959548539942937
12449,0.000330694427248,0.5984012484550476,0.0328218527138233,0.016837255149246704,0.05484923836399533,-0.0314493924379348,0.7125080823898315,1.3015594482421875,-0.033912394488280394,1.826729380916792,-0.0250627808272838,0.5997937917709351,0.2558798789978027,-0.16330186826270193,0.42661308354376026
12459,-6.51325244689e-05,0.4458879232406616,0.0259403549134731,-0.00563113952007915,0.05817685019352311,-0.0744340792298317,0.6465187668800354,1.3761123418807983,-0.08366364747889563,2.1284955864802337,-0.0325626246631145,0.5574478507041931,0.227159321308136,-0.25714885537016546,0.40749878400495787
12469,-0.0011471916222944,0.3017647862434387,0.0335891097784042,-0.1131797977743595,0.11130891114414955,-0.1534152328968048,0.7048832774162292,1.269273042678833,-0.17147318700517525,1.800685423168771,-0.0552528500556945,0.5851655006408691,0.2612017393112182,-0.36149301210862944,0.44637241776070513
12479,-0.0007761005545035,0.5338640809059143,0.0397802032530307,-0.03654435440613099,0.07451372863581242,-0.0426760390400886,0.7157443165779114,1.282409429550171,-0.04649427637668302,1.791714443059187,-0.03477518633008,0.6346383094787598,0.2545700967311859,-0.21524634898318085,0.4011262681893078
12489,0.0009811434429138,0.7827552556991577,0.0297275334596633,0.042164566229144045,0.03797806944536021,-0.1226306334137916,0.903039574623108,1.634329319000244,-0.08309073804089252,1.8098091876896387,-0.0109797902405262,0.8626318573951721,0.2460448145866394,-0.05173141215790716,0.28522574546412344
12499,-0.0005024472484365,0.4947224259376526,0.0294850431382656,-0.034445072817132875,0.05959916428365318,-0.1313952803611755,0.8796475529670715,1.463517189025879,-0.10206415384105069,1.663754061600469,-0.0498145073652267,0.6755514144897461,0.2391849309206009,-0.30829296690254004,0.3540588114988417
12509,-0.0012473291717469,0.4635354578495025,0.0375257916748523,-0.07170810659452358,0.08095560121537869,-0.0787927433848381,0.8239160180091858,1.452884554862976,-0.06582216589280912,1.7633891356713227,-0.035526443272829,0.6425876021385193,0.2538220286369324,-0.2178161499451051,0.39499988451725104
12519,-0.0011081846896559,0.4623701870441437,0.0262558385729789,-0.09128437125123427,0.05678531901208455,-0.0613398104906082,0.6657971143722534,1.2655075788497925,-0.07280073616535894,1.9007405582449481,-0.0360189899802207,0.6020538210868835,0.2391238212585449,-0.25019197253535985,0.39718014051776357
12529,-0.0003222103405278,0.3418925404548645,0.0337056666612625,-0.027960628364728173,0.09858555736963266,-0.0689987167716026,0.5883725881576538,1.2364462614059448,-0.09484475893953154,2.1014681619984654,-0.0326816365122795,0.3648745119571686,0.2458217293024063,-0.36436780704136595,0.6737158152917585
12539,-0.0014728733804076,0.6631709933280945,0.0333793796598911,-0.06653675702018202,0.05033299103203859,-0.0975098013877868,0.8741400837898254,1.3728208541870115,-0.08125561257063113,1.5704815276690673,-0.0500126704573631,0.8318992257118225,0.2469528466463089,-0.2434418769705576,0.29685428116007845
12549,-0.0012854284141212,0.536604642868042,0.0376280806958675,-0.06366216486409787,0.0701225403022104,-0.0853543803095817,0.8488210439682007,1.61203932762146,-0.06237837298098168,1.8991509919278717,-0.0511018261313438,0.6542009711265564,0.262435108423233,-0.2976482278998046,0.40115365156262417
12559,-0.0008421886595897,0.8680993914604187,0.0369204729795455,-0.026276812453027376,0.042530237139590144,-0.1199280768632888,0.9902685880661012,1.4271594285964966,-0.08485850480142394,1.4411841855789862,-0.0506669543683528,0.9516828656196594,0.2485637962818145,-0.21418777326096006,0.2611834312262938
12569,-0.0001632777857594,0.3756852746009826,0.0301110744476318,-0.014433666846308379,0.08014973299023481,-0.0551249198615551,0.5428081154823303,1.4990370273590088,-0.06774687680005267,2.7616334107808784,-0.0306845437735319,0.4438749551773071,0.2525904774665832,-0.2736793660344291,0.5690577369153104
12579,-0.0006550519028678,0.2689612209796905,0.0317960754036903,-0.07659713515814622,0.11821806611329763,-0.0518325977027416,0.4398902952671051,1.263329267501831,-0.09327001286125496,2.8719189331847543,-0.0312628224492073,0.3521368503570556,0.2585480809211731,-0.34338031141164516,0.7342261415100793
12589,-0.0013114693574607,0.380982756614685,0.0281005799770355,-0.12250041059386035,0.07375814125219221,-0.2250113487243652,0.6979205012321472,1.415973663330078,-0.22768965096768717,2.0288466391662663,-0.041793618351221,0.5568785071372986,0.240660935640335,-0.3118486836642055,0.432160574624224
12599,0.0002081746497424,0.6005979180335999,0.0260272826999425,0.013317269572550722,0.043335619252823365,-0.091628648340702,0.8420522809028625,1.5313283205032349,-0.07105978825913654,1.8185667983243499,-0.0373489260673522,0.7930098176002502,0.2430184036493301,-0.1938029533241589,0.30645068731271835
12609,-0.0004431217676028,0.5649732947349548,0.0389802493155002,-0.02012104591193279,0.06899485281651578,-0.0988175123929977,0.7659186124801636,1.4312909841537476,-0.0901412046850581,1.8687246410150613,-0.0315637774765491,0.5055357813835144,0.2783016264438629,-0.22434754863984452,0.5505082660662056
12619,-0.0003145936643704,0.3913886547088623,0.0300447139889001,-0.026753072439525075,0.07676439678929659,-0.0696087181568145,0.6199405789375305,1.1991312503814695,-0.09363686190574297,1.9342680429736836,-0.0239918194711208,0.5348694920539856,0.2331706881523132,-0.19237179757549522,0.435939405062906
12629,-0.0003660531365312,0.4596051275730133,0.0302743911743164,-0.02630775865904925,0.06587043824811763,-0.1010331958532333,0.6450467109680176,1.4509543180465698,-0.10794913986576707,2.2493786781257,-0.0408141836524009,0.5543102025985718,0.2385129928588867,-0.30870680296506703,0.4302879357817204
12639,0.0001266386534553,0.6609354615211487,0.0274000596255064,0.006992874308740861,0.041456482849997076,-0.068105012178421,0.7413661479949951,1.3427242040634155,-0.0684162877478078,1.8111485231619722,-0.0280798617750406,0.6129773855209351,0.2438295632600784,-0.18787290571855314,0.3977790519186305
12649,-0.0009361557313241,0.2668771147727966,0.0275344792753458,-0.12739720471930335,0.10317287527177828,-0.0776358395814895,0.6913536190986633,1.4151626825332642,-0.07935159223177542,2.0469447811356662,-0.0426431968808174,0.4570561945438385,0.2487224787473678,-0.3751155942193182,0.5441835855558274
12659,0.000416466849856,0.5058143138885498,0.0315145328640937,0.026126332445901557,0.062304549315378904,-0.0461304858326911,0.7087780237197876,1.3057599067687988,-0.04984417998666774,1.8422691774724458,-0.0300619639456272,0.4725301265716553,0.2486153692007064,-0.2558938651669799,0.526136547111787
12669,-0.0002782200754154,0.6734126210212708,0.031859565526247,-0.012967831638002511,0.04731061541129129,-0.0078541869297623,0.8576407432556152,1.3999414443969729,-0.006541629722519183,1.6323168592513193,-0.0366702042520046,0.7829739451408386,0.2373717874288559,-0.19730446730707588,0.30316690472523744
12679,-0.0009197826730087,0.1628307253122329,0.0424447432160377,-0.13308372741430077,0.26066789995959677,-0.0669987797737121,0.4562804996967315,1.3871666193008425,-0.10585377611693522,3.040161962264063,-0.0376461222767829,0.266962319612503,0.2675176560878753,-0.5271301180098675,1.0020802054618734
12689,0.0007932040607556,0.7495822906494141,0.0433307699859142,0.024421323964913977,0.057806555099339144,-0.0505787283182144,0.830417275428772,1.3916994333267212,-0.043764914068949,1.675903758876091,-0.0335369557142257,0.7431708574295044,0.2612344920635223,-0.17274458719276356,0.35151336930391197
12699,-0.0005616091075353,0.4939685761928558,0.0354365743696689,-0.03208359959074093,0.07173851956897297,-0.0954483151435852,0.6852982640266418,1.6856939792633057,-0.08262470069434207,2.4597960738417575,-0.0324664413928985,0.5916500091552734,0.2595808804035187,-0.21139616876119027,0.43874060067054593
12709,-0.0002873518678825,0.2362535744905471,0.0329045429825782,-0.03696406908835289,0.13927638154695843,-0.0595982111990451,0.5402699112892151,1.3388012647628784,-0.08239603803895101,2.47802299700195,-0.0310877785086631,0.3397016227245331,0.2494890093803405,-0.3668095625287017,0.7344357303310654
12719,-0.0002204537304351,0.4812847077846527,0.0306023713201284,-0.0149678805622753,0.06358475726559175,-0.0320679172873497,0.5943043231964111,1.3462018966674805,-0.04008221074610449,2.265172646611516,-0.0175464041531085,0.4964214265346527,0.2628886699676513,-0.13445152761742651,0.5295675325756721
12729,-0.0009429423953406,0.2571510374546051,0.02578548155725,-0.14220721625612964,0.10027368278380722,-0.0871600210666656,0.5808784365653992,1.3999552726745603,-0.10718102626375811,2.4100658322801145,-0.0316412672400474,0.4479917883872986,0.2614697813987732,-0.27012346466568077,0.5836486028907452
12739,-0.0010304555762559,0.4332818388938904,0.0417137928307056,-0.05701368448030104,0.09627403940399451,-0.0872478783130645,0.7274864912033081,1.6190205812454224,-0.07407600831322675,2.2254991684690406,-0.0460838302969932,0.5481116771697998,0.2665755450725555,-0.3153981983976294,0.48635261056474977
12749,-0.0001280612341361,0.3446623086929321,0.033553872257471,-0.011073406507449661,0.09735289125381259,-0.0416417345404624,0.4891659021377563,1.2564617395401,-0.06775219446551163,2.5685799726618352,-0.0319208987057209,0.3419829905033111,0.2607232332229614,-0.3580064664874222,0.762386552732473
12759,0.0002390418521827,0.3753009736537933,0.0265648867934942,0.023976527488079276,0.07078288802415875,-0.0918536856770515,0.5993123650550842,1.4901273250579834,-0.10285371210427705,2.486395095354027,-0.0261484384536743,0.5192947387695312,0.24380724132061,-0.20653099413929177,0.4694968446980826
12769,-0.0008474390488117,0.2927246391773224,0.0352627821266651,-0.08209800780471055,0.12046400407484707,-0.0770394131541252,0.5915812849998474,1.373667597770691,-0.09480186591616824,2.322026799362061,-0.0360980108380317,0.3862104415893554,0.2667909264564514,-0.350338773031865,0.6907915937190565
12779,-0.0005342049989849,0.5484591722488403,0.0362030789256095,-0.026904079447444298,0.06600870357800101,-0.0756401494145393,0.7009472250938416,1.1763054132461548,-0.09173751287160156,1.6781654468903464,-0.0320289693772792,0.5754858255386353,0.2530724108219147,-0.21991939430108856,0.4397543772429972
12789,-0.0003453025128692,0.7785225510597229,0.0267415214329957,-0.016586029343518074,0.03434906464378611,-0.0724607482552528,0.9255635142326356,1.2322713136672974,-0.06353166679365922,1.3313741247557132,-0.0253061708062887,0.9408938884735109,0.2250373065471649,-0.11951743561082392,0.23917394862906521
12799,-0.0011040683602914,0.5494679808616638,0.0393150560557842,-0.05110868126980507,0.07155113204982605,-0.0830769687891006,0.7598741054534912,1.515367031097412,-0.07214747937177449,1.9942343346376363,-0.033237338066101,0.6756118535995483,0.2577723562717438,-0.19085020570503683,0.3815391261985343
12809,-0.0009560903999954,0.5352493524551392,0.025873564183712,-0.06903773719729732,0.04833927227568302,-0.1093386337161064,0.7873098254203796,1.4594714641571045,-0.09515516426919651,1.853744761000319,-0.0181894302368164,0.7662246823310852,0.2302395701408386,-0.10310577523270706,0.30048571319887635
12819,-0.0022883971687406,0.4809614419937134,0.0349543653428554,-0.13611930393984406,0.07267602408617256,-0.1003036350011825,0.8249699473381042,1.4819824695587158,-0.08204185619886335,1.7964078259342249,-0.0656275302171707,0.6060948371887207,0.267645001411438,-0.40456316585225893,0.44158931076342584
12829,0.0002453815832268,0.4758057594299316,0.0270628966391086,0.019056274089451836,0.05687803500220966,-0.0565334185957908,0.5757529735565186,1.351863980293274,-0.07263334778353667,2.3479930497668002,-0.0283560045063495,0.4842948913574219,0.246067002415657,-0.2379478418210854,0.5080933266216374
12839,-0.0007029813132248,0.4885270297527313,0.028200814500451,-0.05102623572068246,0.05772621120826187,-0.1349382549524307,0.8423052430152893,1.5534484386444092,-0.1031261352700141,1.8442820480178483,-0.040981825441122,0.5966302156448364,0.2483659535646438,-0.2765629464663819,0.41628121917394095
12849,-0.0017044935375452,0.333720713853836,0.0415160320699214,-0.12302584490256356,0.12440352170679078,-0.1497261226177215,0.6160290241241455,1.6008141040802002,-0.1518292691943376,2.5986017563964574,-0.0416168794035911,0.459732323884964,0.2830433845520019,-0.319824303714731,0.6156699667322634
12859,-0.000182074290933,0.5292583107948303,0.0431319177150726,-0.007975945411821334,0.08149502206266328,-0.0700040757656097,0.7511244416236877,1.1941126585006714,-0.07804878195795427,1.5897667448011499,-0.0300726890563964,0.624117374420166,0.2780643701553345,-0.1732848708553755,0.4455321731968593
12869,-0.0001834686845541,0.4106026589870453,0.0396406017243862,-0.011271973301634187,0.09654248665164362,-0.0604061149060726,0.5815855264663696,1.3875303268432615,-0.07485569213408265,2.3857717630521122,-0.0230988338589668,0.5894140601158142,0.2528716921806335,-0.15497774909432283,0.4290221582616245
12879,-0.0018835039809346,0.6113609075546265,0.032934296876192,-0.09354497890971122,0.05387046582341258,-0.0830114334821701,0.8008223176002502,1.5596492290496826,-0.06646221499011751,1.9475596455944664,-0.0343465134501457,0.7819563150405884,0.2521024048328399,-0.17423009689051747,0.3223996021053353
12889,-0.0019186765421181,0.7115073800086975,0.0438522696495056,-0.061493651296418275,0.061632909062685405,-0.0424190312623977,0.9844004511833192,1.4160940647125244,-0.03042964176003903,1.4385345547234145,-0.0494474694132804,0.8583133220672607,0.2702226638793945,-0.2131947207097616,0.31482986099826465
12899,-0.0008225162164308,0.1581927984952926,0.0308868382126092,-0.16833883097418847,0.1952480675884137,-0.142718106508255,0.4589593708515167,1.5318527221679688,-0.20299615921216552,3.337665204059111,-0.0342638790607452,0.3019073903560638,0.2504414618015289,-0.45316520273518107,0.8295307428750354
12909,-0.0018266579136252,0.5114747285842896,0.0442461669445037,-0.08071558309988892,0.08650704418373245,-0.1270101964473724,0.7052093148231506,1.4370968341827393,-0.12532407706950652,2.0378301930727165,-0.049107227474451,0.5352053642272949,0.2937840223312378,-0.31231783460420437,0.5489183068174023
12919,-0.0012654947349801,0.5504897236824036,0.0381843224167823,-0.060204095788402925,0.06936427833993891,-0.0681371688842773,0.6184435486793518,1.472952127456665,-0.07479893063711834,2.38170829108342,-0.0220886096358299,0.6836177706718445,0.2437023967504501,-0.13258525738828097,0.35648926520875074
12929,-0.0001619779650354,0.432951956987381,0.0250489097088575,-0.014935762675264055,0.05785609535791425,-0.0622392669320106,0.6720230579376221,1.514865517616272,-0.06113729425552817,2.254186816543553,-0.0245090425014495,0.4972705841064453,0.2335342317819595,-0.21104886768441486,0.4696321062336745
12939,0.0001651160418987,0.7247931361198425,0.0333535596728324,0.006830193484437154,0.046018040197496404,-0.0830812156200409,0.8465968370437622,1.414594650268555,-0.06937359322196043,1.6709188935883443,0.010013835504651,0.7988812923431396,0.2543581128120422,0.049280216562221986,0.31839287670137223
12949,-0.0006873127422295,0.354009598493576,0.0262821875512599,-0.07387165821403806,0.0742414546472723,-0.1218523234128952,0.7453745007514954,1.2455047369003296,-0.13125440858293289,1.6709784620276076,-0.0455477945506572,0.6041226387023926,0.2285844385623932,-0.32983412101572707,0.37837423052606406
12959,0.0001369685924146,0.4179848730564117,0.0349494852125644,0.009376044169674027,0.08361423454634824,-0.0977557003498077,0.5829899907112122,1.3761531114578247,-0.12184683046450848,2.36050898537555,-0.0235596261918544,0.4121054112911224,0.249879702925682,-0.22878581663940512,0.6063489973179708
12969,-0.0007944024982862,0.2261035442352295,0.0320962071418762,-0.10946606760181615,0.14195357817339002,-0.1212817877531051,0.6426073312759399,1.43463397026062,-0.13155543772065498,2.232520390659188,-0.0314193256199359,0.3348682522773742,0.2486013025045395,-0.37741528429878757,0.7423854032559077
12979,-0.0011067457962781,0.4291797876358032,0.0321398638188838,-0.08023513511309832,0.07488671355175118,-0.0869164615869522,0.7139374613761902,1.4941065311431885,-0.08148174155472483,2.092769481885906,-0.0386943668127059,0.5947005748748779,0.2456956505775451,-0.26482069290751215,0.41314177412597636
12989,-0.0003221956430934,0.6381655931472778,0.0320930741727352,-0.015731674722930043,0.05028957141744347,-0.0927029252052307,0.7974704504013062,1.3744395971298218,-0.08457717601586376,1.723499091957791,-0.0241022557020187,0.7197909355163574,0.2501215934753418,-0.13387519905594153,0.3474920023769287
12999,-0.0010973220923915,0.2831836342811584,0.0352152474224567,-0.11003610974875062,0.1243548113641811,-0.2299581617116928,0.7773293256759644,1.5063825845718384,-0.1963850799332395,1.9378949626812167,-0.0436424128711223,0.426074743270874,0.2665197253227234,-0.38432054850608655,0.6255234076460743
13009,-0.0003923459735233,0.435702919960022,0.0276643689721822,-0.03255052227015463,0.0634936506157006,-0.1444918811321258,0.7020606994628906,1.4213374853134155,-0.14480100389183284,2.0245222192337575,-0.0323649793863296,0.4556408524513244,0.2441714853048324,-0.2909093862042712,0.5358858495483939
13019,-0.001582951284945,0.4755687415599823,0.0411195643246173,-0.08094792933172978,0.08646397614303881,-0.0980601236224174,0.7792893052101135,1.174099683761597,-0.10717382953995741,1.5066287653531107,-0.0395505353808403,0.4689629971981048,0.2681487202644348,-0.3145126090919065,0.5717907849159373
13029,-0.0005305705126374,0.4161032140254974,0.0395483039319515,-0.032241421125772655,0.09504445675713555,-0.1345193088054657,0.6555521488189697,1.467366337776184,-0.1398423874932247,2.2383670626658203,-0.0297783836722373,0.4817710816860199,0.2597444951534271,-0.23796552358015174,0.5391450525515518
13039,-0.0013647148152813,0.9606086015701294,0.0283692441880702,-0.05007808000249251,0.029532573559824717,-0.096018373966217,1.0370477437973022,1.390458583831787,-0.06658824037327761,1.3407855059212792,-0.0339530445635318,1.0822910070419312,0.2287563383579254,-0.1371391765272686,0.2113630593523565
13049,-0.0002608161885291,0.60410076379776,0.0334849655628204,-0.012893632943665495,0.055429437553286144,-0.1036736965179443,0.7984544634819031,1.4935566186904907,-0.08693541666340326,1.8705595459725828,-0.0316906012594699,0.7507964372634888,0.2387188822031021,-0.1768159764498841,0.3179542021712135
13059,-0.001360113848932,0.4181502163410187,0.0391972884535789,-0.08298257592576147,0.09373973017775962,-0.0948283448815345,0.7506597638130188,1.2267439365386963,-0.10297720798071906,1.634220982229527,-0.0547376498579978,0.5854256749153137,0.2533720433712005,-0.3690249142574215,0.43279967761552773
13069,-0.0005819540820084,0.5771370530128479,0.032571792602539,-0.030957658167916072,0.05643684187751138,-0.1014422923326492,0.7684035301208496,1.2800029516220093,-0.10313800630483849,1.6657952513839942,-0.0350106880068779,0.627224862575531,0.2473671585321426,-0.22565000104709837,0.3943835349836032
13079,-0.0005892542540095,0.3636274337768554,0.029101189225912,-0.05568463132137542,0.0800302356828509,-0.1134998798370361,0.6232548952102661,1.3378857374191284,-0.13611647056952247,2.146610877348615,-0.0333788245916366,0.4871964156627655,0.2322234213352203,-0.2950264378093164,0.4766525653094377
13089,-0.0016901090275496,0.5191969275474548,0.0360561534762382,-0.09028242463914485,0.06944600702195537,-0.1200697273015976,0.7085050940513611,1.6667516231536863,-0.10167628281034408,2.3524906696476906,-0.0355114936828613,0.6239514350891113,0.2606405913829803,-0.21836151543936586,0.41772576634230546
13099,-0.0004904406378045,0.6481184363365173,0.0483421348035335,-0.015653312226928777,0.07458842719671255,-0.0158747043460607,0.7811631560325623,1.2820285558700562,-0.015851347815777735,1.6411789854264653,-0.0398495495319366,0.6597062945365906,0.2836832404136657,-0.21293110577193092,0.43001445152640005
13109,0.001427021343261,0.7037457823753357,0.031411275267601,0.06455488248921214,0.04463440642099382,-0.0410031862556934,0.6908578276634216,1.5569788217544556,-0.03811941420343251,2.2536891953882567,-0.005784957204014,0.7281392812728882,0.2505083084106445,-0.031714915261958646,0.34403899755651324
13119,-0.0016076453030109,0.5125495791435242,0.0407425984740257,-0.076984914333165,0.07949006326784429,-0.051176156848669,0.795647382736206,1.2274036407470703,-0.05240341901794317,1.5426477449420726,-0.0536805167794227,0.5646019577980042,0.2608276605606079,-0.36451941302633917,0.46196733284074687
13129,9.10689705051e-05,0.5726218819618225,0.0227573607116937,0.006988445680421696,0.039742387478672994,-0.0882973745465278,0.8271698951721191,1.398747801780701,-0.07631565806127462,1.691004242229641,-0.0308815687894821,0.6029684543609619,0.2473600655794143,-0.2070499716806568,0.4102371588271089
13139,-0.0010299847926944,0.3005028069019317,0.0397601872682571,-0.08620527832602233,0.1323121992708465,-0.1018624380230903,0.6242534518241882,1.209864854812622,-0.134870278079363,1.9380987822769182,-0.0477992556989192,0.3788873255252838,0.2870683073997497,-0.43946653334554336,0.7576614155719313
13149,-0.0002618696016725,0.8500361442565918,0.0305283386260271,-0.01009123975568601,0.03591416533555286,-0.0922126471996307,0.9433581233024596,1.432541012763977,-0.06823494279646157,1.5185548068945558,-0.0202996674925088,0.9885409474372864,0.2500467300415039,-0.08212456484287078,0.252945242875098
13159,-0.0015601615887135,0.4891140162944793,0.0319455303251743,-0.09985029924526112,0.0653130543409759,-0.075953796505928,0.7423709034919739,1.3101941347122192,-0.0780895452935672,1.7648780798780113,-0.0441641211509704,0.6588883996009827,0.2495639324188232,-0.2685813861461028,0.3787651028155254
13169,0.0004406608059071,0.4386399686336517,0.0275405310094356,0.036477403139001316,0.06278618680195377,-0.1322784125804901,0.7487025260925293,1.4257467985153198,-0.12391882049599283,1.9042900869538635,-0.0358668491244316,0.4535910487174988,0.2500964701175689,-0.31617038517708135,0.551369941767373
13179,-0.0015102362958714,0.5654066801071167,0.0453562214970588,-0.058890752105465814,0.08021875774171262,-0.0719012022018432,0.7252741456031799,1.4599560499191284,-0.06790381484839915,2.0129713140469727,-0.0406231060624122,0.7066502571105957,0.2790533602237701,-0.20600670175467978,0.39489600041296846
13189,-0.0002083902654703,0.5335465669631958,0.0545929111540317,-0.007154327957239191,0.10232079922238077,-0.0348168686032295,0.7959398031234741,1.420772671699524,-0.03078824190939921,1.7850252822186348,-0.0568347200751304,0.7289473414421082,0.2787846326828003,-0.27967183908477833,0.38244824671596794
13199,-0.0014565701130777,0.6251610517501831,0.0325003042817115,-0.07168892274149077,0.05198709067163505,-0.143949270248413,0.7401519417762756,1.4512856006622314,-0.13400953443760438,1.9607941542101754,-0.0335799269378185,0.684714138507843,0.2571319937705993,-0.19072794696559894,0.3755318888711015
13209,-0.0009412786457687,0.370811402797699,0.0314860716462135,-0.08062071514377736,0.0849112821468199,-0.0753082782030105,0.7037922739982605,1.2819435596466064,-0.08346978953990435,1.8214800119413856,-0.0391705110669136,0.4448592960834503,0.2483287304639816,-0.35457621466819383,0.5582185932726874
13219,-0.0014867215650156,0.5047171115875244,0.0335871800780296,-0.08770171159610483,0.0665465451971409,-0.0856181606650352,0.6542841792106628,1.499012112617493,-0.08729599761942229,2.2910719229462666,-0.0340154245495796,0.5855492949485779,0.263243019580841,-0.220676236946255,0.4495659406505795
13229,-0.0003770105249714,0.3308836221694946,0.0289983339607715,-0.039292092348770624,0.08763907312981829,-0.0696222409605979,0.4574662744998932,1.2786766290664673,-0.11902225883883802,2.79512764184492,-0.0270033553242683,0.3439863324165344,0.2441362589597702,-0.3215468494411541,0.7097266256036726
13239,-0.0025069706607609,0.4807180762290954,0.0456573627889156,-0.1142215306598408,0.0949774203355663,-0.0812468454241752,0.7044996023178101,1.266559362411499,-0.0910542466961497,1.797814162342331,-0.0515597388148307,0.5479346513748169,0.2548339664936065,-0.369253506832443,0.4650809468870154
13249,0.001495090778917,0.7552812695503235,0.0367389731109142,0.053880527032550266,0.04864277004087195,-0.0472976863384246,0.9032825231552124,1.263668417930603,-0.041436508859932636,1.3989736162685227,-0.0377520509064197,0.8339757919311523,0.2606948912143707,-0.17364192230814793,0.31259287588037327
13259,0.000630926224403,0.7972110509872437,0.0327990688383579,0.02412924619314433,0.0411422656494042,-0.0902562364935875,0.8181962370872498,1.19747793674469,-0.09211963788647855,1.4635583524652593,-0.0185152180492877,0.7608476281166077,0.2389668971300125,-0.10183413890549046,0.3140798345150238
13269,-0.0007958598434925,0.4496611058712005,0.0277557987719774,-0.06376722790717557,0.061726038586774466,-0.1327009797096252,0.6884589791297913,1.3558419942855835,-0.14216313091821148,1.9693867541670544,-0.0375851467251777,0.5503533482551575,0.2367936074733734,-0.28840624695693623,0.43025741230448555
13279,-0.0007292672526091,0.7618247866630554,0.0375334918498992,-0.02550425509209042,0.04926787957937597,-0.0500836968421936,0.932608962059021,1.249574899673462,-0.04297684208624029,1.3398701390501773,-0.025652764365077,0.958591878414154,0.2614481747150421,-0.10235635517202327,0.2727419046649642
13289,-0.0007724858005531,0.5692946314811707,0.0231759268790483,-0.0585485716942415,0.04070989887740552,-0.0326408594846725,0.7723153233528137,1.3579647541046145,-0.0311227838262246,1.7583035232414532,-0.0350236520171165,0.7481259703636169,0.2390983253717422,-0.19579886223186777,0.31959634452408003
13299,-0.0014959016116335,0.3684315681457519,0.0305276177823543,-0.13300050194007076,0.08285831188677498,-0.134211003780365,0.7473754286766052,1.4391542673110962,-0.12477913170856228,1.925610893924409,-0.0495005026459693,0.5742459893226624,0.2618662416934967,-0.32917900109873277,0.45601753701819414
13309,-0.0012288899160921,0.4566327631473541,0.0279712229967117,-0.0962131550232565,0.06125540095703878,-0.1984132528305053,0.7680555582046509,1.5176254510879517,-0.17022111835516543,1.9759318644024129,-0.0340075269341468,0.5514662265777588,0.2398233264684677,-0.25713708011059044,0.43488307154681527
13319,2.5367144189e-06,0.6626762747764587,0.0376360341906547,0.00010171061981736157,0.056793996741999704,-0.0198228731751441,0.8601479530334473,1.3937478065490725,-0.016535192122304098,1.620358220505904,-0.0323997437953949,0.6831344962120056,0.2518722712993622,-0.18830202959483347,0.3687008527544707
13329,-0.0004879978951066,0.6287351846694946,0.0270838364958763,-0.028657612161316865,0.043076699310399466,-0.1006568297743797,0.8014177680015564,1.4722193479537964,-0.08531232153859042,1.8370186022016637,-0.0392488241195678,0.6078457236289978,0.2254159748554229,-0.28644984645170657,0.37084405811005894
13339,-0.0016326126642525,0.3349547088146209,0.0476407185196876,-0.10231016159036928,0.1422303292534219,-0.0469297133386135,0.6316590309143066,1.4662141799926758,-0.05067196854131145,2.321211457818274,-0.0463639721274375,0.4464638829231262,0.2732993364334106,-0.3799756152000099,0.6121420945498256
13349,-0.0016833335394039,0.6376687288284302,0.0318905748426914,-0.08277757684456485,0.05001119452930208,-0.1578607261180877,0.9598780870437622,1.4021936655044556,-0.11728703782022246,1.4608039129457984,-0.0418614335358142,0.7466907501220703,0.2527381181716919,-0.22182095855157768,0.33847763365271877
13359,-0.0002547627955209,0.461320161819458,0.0349796898663044,-0.015787654564305868,0.07582519204958145,-0.0979037135839462,0.5974604487419128,1.4116023778915403,-0.11608540565213867,2.3626708359758144,-0.0254991557449102,0.4751936197280884,0.2644869685173034,-0.2028854589878703,0.5565877939788967
13369,-7.07172221154e-05,0.3451949656009674,0.0241458937525749,-0.008484328082677125,0.06994856866043249,-0.0542411394417285,0.6164204478263855,1.3252878189086914,-0.06639594572468654,2.1499738102165584,-0.0197083577513694,0.5613826513290405,0.2165465950965881,-0.1621213047873384,0.3857379535757415
13379,-0.0014694368001073,0.3686469793319702,0.0391680598258972,-0.1017672813642682,0.10624815072911796,-0.1001538932323455,0.7529585957527161,1.3870569467544556,-0.09589643200159763,1.842142389473415,-0.0588447824120521,0.6312578320503235,0.2727711498737335,-0.34174545493789754,0.43210735142528633
13389,-0.0008715220610611,0.3838676512241363,0.0342053845524787,-0.0663746726603475,0.08910723381717449,-0.0800545513629913,0.676593005657196,1.4480949640274048,-0.08170741689370814,2.1402748061529615,-0.0285617243498563,0.4364996552467346,0.2368861883878708,-0.27622359830582105,0.542695018290379
13399,-0.0006483237375505,0.5114604830741882,0.0319716036319732,-0.03964746445085616,0.06251040831112589,-0.1220094785094261,0.8349413275718689,1.3419437408447266,-0.10889383770426744,1.6072311868275757,-0.0396317094564437,0.6768856048583984,0.2396951615810394,-0.2442689466669779,0.354114727600364
13409,-0.0002320582570973,0.1012221127748489,0.0242514852434396,-0.09453296654370086,0.2395868311638865,-0.1012395322322845,0.4543198347091675,1.7293392419815063,-0.12885706515726122,3.8064357086424403,-0.0187960509210824,0.1797327995300293,0.2342302948236465,-0.44647403668192215,1.303213967824008
13419,-0.0015404284931719,0.401189237833023,0.0287660937756299,-0.13347851827547916,0.07170205744054005,-0.0693549588322639,0.7113381028175354,1.2853325605392456,-0.0758553011005324,1.8069221309081835,-0.0332042276859283,0.6105326414108276,0.2416865974664688,-0.22502559962655888,0.395861877111068
13429,-0.0001607052690815,0.5176153779029846,0.0281066671013832,-0.011046217648873513,0.054300293811307826,-0.0584584809839725,0.6558782458305359,1.3702561855316162,-0.06504628962583064,2.0891929168903394,-0.02688979357481,0.5820856690406799,0.2442570924758911,-0.18912693222764515,0.4196239582370148
13439,-0.0007890083943493,0.2774911820888519,0.0388728305697441,-0.0731452740367778,0.140086723755053,-0.2008115351200103,0.6376631855964661,1.5919445753097534,-0.19781962229481048,2.4965289062762164,-0.0499303005635738,0.4510235786437988,0.2743714451789856,-0.40348372629635926,0.608330602147241
13449,-0.002580783329904,0.5465746521949768,0.0464809462428092,-0.10158441805983902,0.08504043511009414,-0.0171275362372398,0.744839608669281,1.4315396547317505,-0.016063077287513012,1.9219435138382575,-0.0459145754575729,0.5685054659843445,0.2622570097446441,-0.3079561087193785,0.46130956593452727
13459,-0.0008426004787907,0.5362547039985657,0.025571396574378,-0.06144635692261687,0.047685169721973,-0.099501647055149,0.7099887132644653,1.3580288887023926,-0.10319765205074798,1.9127471512304692,-0.0390307158231735,0.5506401062011719,0.2399639338254928,-0.29538790123764147,0.43579087524333715
13469,-0.0009007537737488,0.4870819747447967,0.0386360809206962,-0.04786421770712901,0.07932151654952807,-0.0741741806268692,0.6888719201087952,1.325494408607483,-0.08123372625537532,1.9241521825975203,-0.0330684557557106,0.6204293966293335,0.2453560531139373,-0.21723248522695668,0.39546168258130054
13479,-0.0009528687223792,0.6653081774711609,0.0309867747128009,-0.0462204144553798,0.04657506966257616,-0.0862758234143257,0.8248562812805176,1.2712693214416504,-0.08227601721057505,1.5412009950001417,-0.0282188784331083,0.7479647994041443,0.2469080239534378,-0.1528000108960484,0.3301064757995746
13489,3.92534093407e-05,0.2973266839981079,0.0293359421193599,0.0045003206214627445,0.09866568894820953,-0.0616578608751297,0.3561778664588928,1.3816044330596924,-0.1252961732989123,3.878973297233634,-0.0184599161148071,0.2146808356046676,0.2399211227893829,-0.3583999669775448,1.1175712173544685
13499,-0.0001627435267437,0.4573991298675537,0.0411969162523746,-0.008636617391070283,0.09006776262190036,-0.0865306705236435,0.6657525897026062,1.1638203859329224,-0.11167893002291807,1.7481274634662776,-0.032231543213129,0.5026630163192749,0.2341496348381042,-0.2738486988494799,0.46581830617389225
13509,-0.0003581356140784,0.6557592153549194,0.035697903484106,-0.01529890674087277,0.05443751707672925,-0.0985070616006851,0.8973973393440247,1.191693902015686,-0.09211235161903084,1.327944545597589,-0.0159963034093379,0.7565497159957886,0.2491615116596222,-0.084859643582423,0.3293392441918638
13519,-0.0023190535139292,0.5393562912940979,0.0310685876756906,-0.13839280443591434,0.05760308756415275,-0.1213510558009147,0.8425582647323608,1.3438587188720703,-0.10717413891850024,1.5949742292290585,-0.0544418618083,0.7906392812728882,0.2490828484296798,-0.27644628478174316,0.31503980934095427
13529,-0.0007341689197346,0.4538678824901581,0.0388968363404274,-0.04158648978477634,0.08570079056270491,-0.0835607424378395,0.6210833191871643,1.4476521015167236,-0.09293690803346308,2.330850075657034,-0.0307039879262447,0.4357056319713592,0.2442129254341125,-0.288557898749077,0.5604998134386421
13539,-0.0001993636979022,0.4910891354084015,0.0341106206178665,-0.011901347423598267,0.06945912291360161,-0.0249543413519859,0.7690456509590149,1.422758936882019,-0.02280671149435812,1.8500318350514184,-0.0378198325634002,0.5724433660507202,0.2635945975780487,-0.25064010855001273,0.4604727964559789
13549,-0.0018032658845186,0.3285332322120666,0.0473277606070041,-0.11597503292007087,0.14405775722698963,-0.1488234251737594,0.6309527158737183,1.4506092071533203,-0.1626013143903778,2.299077523019414,-0.0492338053882122,0.4581076204776764,0.2662072777748108,-0.4037160022735185,0.5811020508613938
13559,-0.0009058689465746,0.5522604584693909,0.0325154475867748,-0.05044657508404311,0.058877015524327954,-0.1110477671027183,0.888146162033081,1.3886663913726809,-0.0900383364082793,1.5635561473280981,-0.0471862629055976,0.6638821959495544,0.2607529163360595,-0.2725808784803737,0.3927698587595095
13569,-0.0020742441993206,0.7321365475654602,0.0384216457605361,-0.0737380814416422,0.05247879768917126,-0.1846572607755661,0.9102628231048584,1.612863540649414,-0.12577721047798265,1.771865772951181,-0.0505405254662036,0.6942772269248962,0.251115471124649,-0.2898900856309517,0.3616933717340746
13579,-0.0014946428127586,0.4161747395992279,0.0362853184342384,-0.09897619703523901,0.0871877002174154,-0.1340629905462265,0.7925555109977722,1.3537598848342896,-0.12495037735686793,1.708094721504113,-0.0563707575201988,0.484980046749115,0.2752127349376678,-0.42233927860624476,0.5674722842361349
13589,-0.0002207986253779,0.3964437544345855,0.0265050809830427,-0.02101288334080559,0.0668571031490827,-0.0808131694793701,0.5575226545333862,1.345188856124878,-0.10775473417941461,2.4127967629418077,-0.0180733557790517,0.5581474304199219,0.233156144618988,-0.13888105368340217,0.41773218313228305
13599,-0.0012085183989256,0.4848634004592895,0.0483281016349792,-0.05157439327841856,0.09967364331727274,-0.0742815732955932,0.7517138123512268,1.2628288269042969,-0.07824995135894783,1.6799329826791307,-0.0346300452947616,0.433305948972702,0.2778582572937011,-0.2876306087606461,0.6412518866922041
13609,-0.000844687805511,0.31157386302948,0.0296832956373691,-0.0913320252383539,0.09526888856707655,-0.0390326827764511,0.6605998873710632,1.134374499320984,-0.05208749259142692,1.7171884540207296,-0.0325540192425251,0.4326232075691223,0.2347460240125656,-0.3205505731339506,0.5426107982777579
13619,0.0012122762855142,0.6908053159713745,0.0329294055700302,0.05329200348250317,0.047668141528017315,-0.1080112755298614,0.7638362050056458,1.46032977104187,-0.09683178018440776,1.9118362830563604,-0.0375433005392551,0.7633841037750244,0.2505475282669067,-0.19629047011786174,0.3282063734729602
13629,-0.0005011718021705,0.731518030166626,0.0293914657086133,-0.023309896694684615,0.040178730388803235,-0.1165622174739837,0.8814965486526489,1.4544349908828735,-0.09091653389648227,1.6499610725713565,-0.0503548756241798,0.7587793469429016,0.2556966245174408,-0.25953804641651423,0.3369841648268822
13639,-0.0003696726053021,0.2275896668434143,0.0278136096894741,-0.058399263799806006,0.12220945737668465,-0.1037993878126144,0.3988005220890045,1.5000693798065186,-0.17351128568684587,3.761452898679336,-0.0322571545839309,0.3473945558071136,0.2382392436265945,-0.3897532504125454,0.6857886505247186
13649,-0.0011185997864231,0.286056786775589,0.0359153263270854,-0.10887863293789679,0.125553134858013,-0.0638324618339538,0.6724355220794678,1.231872797012329,-0.07705930394933846,1.8319567550548699,-0.0441193841397762,0.4642954766750335,0.2781547605991363,-0.3416240929596868,0.5990899644146662
13659,-0.0001191240298794,0.6260336637496948,0.0285150278359651,-0.006673103945298284,0.045548713251570734,-0.0831147581338882,0.6442165374755859,1.5220117568969729,-0.08476728412935639,2.362577904102086,-0.0302527137100696,0.6730788350105286,0.2435346692800521,-0.1845600110996906,0.3618219094294395
13669,-0.0004132898175157,0.543988823890686,0.0377221591770648,-0.02014040431836767,0.06934362898721064,-0.0583426132798194,0.7114312052726746,1.2076315879821775,-0.06790761897774163,1.6974678353043584,0.0027314580511301,0.7277777194976807,0.2557920217514038,0.014672657661698273,0.3514699816970956
13679,-0.0010547719430178,0.3185788691043854,0.0387447737157344,-0.08545322821645474,0.12161752543304843,-0.1150523275136947,0.6983535885810852,1.4876717329025269,-0.11074214433006536,2.1302557289426667,-0.0449148043990135,0.3640685379505157,0.2671956717967987,-0.46171814703993064,0.7339158535943472
13689,-0.0016482318751513,0.5209323167800903,0.0510861128568649,-0.06193471591498411,0.09806669928375882,-0.115997202694416,0.6322808265686035,1.3045910596847534,-0.14062518469773858,2.0633095372586046,-0.0550670847296714,0.5852908492088318,0.2740702033042907,-0.34328792635474525,0.46826326376837385
13699,-0.0010114116594195,0.3178586661815643,0.0396581664681434,-0.08023452165117707,0.12476666735111205,-0.1865960210561752,0.7618626356124878,1.5285307168960571,-0.16023284111129457,2.0063074961895437,-0.0436469465494155,0.5893425345420837,0.2663821578025818,-0.2780231423885951,0.45199886685518026
13709,-0.000442633026978,0.3794313371181488,0.0283304769545793,-0.04117719255087281,0.07466562242790623,-0.0593104735016822,0.6219367384910583,1.6478174924850464,-0.05787300996966958,2.649493735460905,-0.0372016578912735,0.5143382549285889,0.2465663701295852,-0.29334563206752495,0.47938563341709567
13719,-0.0010189003078266,0.6465319395065308,0.0465574264526367,-0.03384953781169105,0.07201102313394125,-0.0627924278378486,0.7758442163467407,1.539927959442139,-0.05255721499990968,1.9848417079053322,-0.0380264222621917,0.6644113063812256,0.2686512172222137,-0.21303925738104154,0.40434474043713386
13729,-0.0016737463884055,0.376274436712265,0.0400837771594524,-0.11097273753255942,0.10652803711484722,-0.1228147149085998,0.761611819267273,1.4317084550857544,-0.11263208912078165,1.8798401217869283,-0.0381640940904617,0.4934617877006531,0.2719745934009552,-0.2843630043428686,0.5511563411389053
13739,0.0005892150802537,0.643072247505188,0.0313018374145031,0.029271451238738522,0.04867545992839719,-0.0698248147964477,0.6496240496635437,1.3958513736724854,-0.07700315500958602,2.1487064316590976,-0.0206884630024433,0.5123283267021179,0.2504803836345672,-0.16121525647871365,0.4889059819255388
13749,-0.0015683468664065,0.3460448980331421,0.0376527532935142,-0.12036852293651366,0.10880886702137724,-0.108106642961502,0.8417859673500061,1.3499293327331543,-0.09513485605230489,1.6036491282728491,-0.043521948158741,0.5376644730567932,0.255053699016571,-0.31736962600305,0.47437335326715885
13759,-0.0013206428848206,0.4572492837905884,0.0472440049052238,-0.06113440025960775,0.10332220646377364,-0.1014287620782852,0.6981757283210754,1.4597431421279907,-0.09952219240722229,2.0907961748230344,-0.0422462597489357,0.5675286054611206,0.2885153889656067,-0.25800702189144026,0.5083715361469509
13769,-2.15315430978e-05,0.590618908405304,0.024868469685316,-0.0014659486154891745,0.04210577977000757,-0.015816107392311,0.6478854417800903,1.5975768566131592,-0.015280572417541235,2.4658323116873175,-0.0059201908297836,0.5517822504043579,0.2281834036111831,-0.047020140874138396,0.4135388614692941
13779,-0.0009212963632307,0.5008765459060669,0.0280164871364831,-0.06565306122305664,0.05593491523106223,-0.0728569030761718,0.6494945287704468,1.2334322929382324,-0.0909452236100918,1.8990649471262426,-0.0364517867565155,0.5401140451431274,0.2455005645751953,-0.27490387076574324,0.45453467981959056
13789,0.0006728196749463,0.6856735944747925,0.0439233258366584,0.022340147736046728,0.0640586515079416,-0.1011734083294868,0.8047495484352112,1.3420772552490234,-0.09367595360587046,1.66769556796722,-0.0312620364129543,0.7071211934089661,0.2669213414192199,-0.16563042338637096,0.37747608741921135
13799,-0.0004115092451684,0.446607232093811,0.0345125272870063,-0.026697898781781568,0.07727713482202828,-0.1093144416809082,0.6206150650978088,1.330724835395813,-0.1323631107133648,2.1442032432552875,-0.0513764359056949,0.544773280620575,0.2610500752925873,-0.3612637215965946,0.4791903064614582
13809,0.0001991135504795,0.5564481019973755,0.031420350074768,0.011388463431960387,0.05646591292518452,-0.103177934885025,0.7697700262069702,1.4528948068618774,-0.09225537180543923,1.8874400891146592,-0.0206458754837512,0.7012383937835693,0.2476427406072616,-0.11888909354712185,0.3531505730470517
13819,-0.0014704453060403,0.4380858242511749,0.0419877059757709,-0.07994062284255499,0.09584356226897084,-0.1262634694576263,0.7436910271644592,1.4192830324172974,-0.11962340667520821,1.9084310292524724,-0.0527526438236236,0.5909942388534546,0.2700702846050262,-0.3305096778266649,0.4569761714242259
13829,-0.0003054741828236,0.2071103602647781,0.024300767108798,-0.060694970444417115,0.11733245540073868,-0.0619295984506607,0.6515004634857178,1.3892273902893066,-0.06842427393238736,2.1323505786266588,-0.0352610424160957,0.6207000613212585,0.2403346747159958,-0.23637248712543282,0.3871993732438262
13839,-0.0008488930761814,0.3861778080463409,0.0280841141939163,-0.07827173270884918,0.07272327308498845,-0.1889236569404602,0.6391115784645081,1.386004090309143,-0.21327755139607918,2.1686418099936087,-0.0412781052291393,0.4955883622169494,0.2449207305908203,-0.3400737482730551,0.4942019410932081
13849,-0.0015599787002429,0.5795168280601501,0.035701934248209,-0.07539818146438149,0.061606380556223236,-0.130886971950531,0.6361712217330933,1.2174264192581177,-0.1689972661763604,1.913677289490613,-0.0453088134527206,0.5544806718826294,0.2547493278980255,-0.3207622343845272,0.4594377059764312
13859,-0.0004913117736577,0.2667707800865173,0.0290832482278347,-0.06332511727808933,0.10901961683510698,-0.074302926659584,0.3772317469120025,1.3320116996765137,-0.14787325950566613,3.531016969224582,-0.0340199433267116,0.4018643200397491,0.2393358051776886,-0.35370928657215445,0.5955637095475793
13869,-0.0008333552978001,0.314931184053421,0.0342718511819839,-0.07721060781744504,0.10882330146185348,-0.068148173391819,0.5551442503929138,1.304681658744812,-0.09409007536939007,2.350166930165266,-0.0365150310099124,0.3889228403568268,0.2548810541629791,-0.3683584783975906,0.6553512103561011
13879,-0.0012017566477879,0.2333169728517532,0.0337605476379394,-0.1525670389052231,0.14469820701552838,-0.0976295098662376,0.628836989402771,1.4409905672073364,-0.10774122057971951,2.2915168660417016,-0.0431123599410057,0.3829981386661529,0.2510451078414917,-0.4483873694434956,0.6554734409827501
13889,-9.19241501833e-05,0.4350661933422088,0.0285943914204835,-0.007389132050847217,0.06572423198598676,-0.0504763051867485,0.427842229604721,1.4463486671447754,-0.08157008389224969,3.3805654679787964,-0.0187415368854999,0.4976747334003448,0.2439616322517395,-0.15436117619675752,0.49020296968841554
13899,-0.000330858369125,0.2336950749158859,0.0284710898995399,-0.04972656637854541,0.12183008097105823,-0.0473264455795288,0.4685556888580322,1.5186667442321775,-0.06650896512618835,3.241165949630202,-0.0269654151052236,0.3577498197555542,0.2517995834350586,-0.2993454623726544,0.7038426563208613
13909,-0.0002951292844954,0.6124705076217651,0.0345251634716987,-0.013956977567161818,0.05637032810895757,-0.0575459077954292,0.7373537421226501,1.36021089553833,-0.057376269467049955,1.8447195936412226,-0.0304688699543476,0.6688013672828674,0.2489050775766372,-0.18303133134730568,0.37216592213000604
13919,-0.0005865377606824,0.3548692464828491,0.0302126426249742,-0.05470649601382424,0.08513739334815641,-0.0904776230454444,0.5632339715957642,1.3732531070709229,-0.11697734250408719,2.438157455560073,-0.0288281105458736,0.3951439261436462,0.2353561669588089,-0.30998115035234197,0.5956213708147703
13929,0.0002862880355678,0.5645235776901245,0.0373623892664909,0.013573332014623934,0.06618393056206358,-0.052127081900835,0.8030771017074585,1.3181084394454956,-0.049244193588533304,1.641322404340761,-0.0464599356055259,0.6566779613494873,0.2693324089050293,-0.2626863746534087,0.41014382202129246
13939,-0.0002808925346471,0.5135220289230347,0.0215660296380519,-0.025363601473581472,0.041996308674976356,-0.0761337131261825,0.6266775727272034,1.4702465534210205,-0.08263093913313453,2.346097287354223,-0.024923326447606,0.4571058452129364,0.2427456825971603,-0.22461446273892635,0.5310491763326295
13949,-0.0007211948395706,0.5089747309684753,0.0290287882089614,-0.04881209886263697,0.05703384950707773,-0.09078099578619,0.6662004590034485,1.32633638381958,-0.10273923589210716,1.990896832769541,-0.0215021856129169,0.5895646214485168,0.244508758187294,-0.14916151028363075,0.4147276639269059
13959,6.63196697132e-05,0.5384121537208557,0.0276682469993829,0.004451904667567432,0.05138860036530255,-0.0566095188260078,0.8257173895835876,1.4447098970413208,-0.0474544981126764,1.7496420873125773,-0.0191108956933021,0.6657735109329224,0.2368592172861099,-0.12118928979983365,0.35576545686566646
13969,-0.0014627801720052,0.579536497592926,0.0316293537616729,-0.07980093031273094,0.05457698331864125,-0.0968323722481727,0.7573532462120056,1.5776218175888062,-0.08104368439305258,2.0830726288947377,-0.0464617758989334,0.6509824991226196,0.245570883154869,-0.2906361423099577,0.3772311598020595
13979,-0.001040045171976,0.4652949571609497,0.0315280742943286,-0.07089676376638217,0.06775932945136724,-0.0912505760788917,0.6388169527053833,1.3453245162963867,-0.10617740956919255,2.1059624523096185,-0.0419840216636657,0.6744059920310974,0.2528179585933685,-0.24623778559213633,0.3748750182838097
13989,-0.0015055924886837,0.2742115557193756,0.0409825481474399,-0.13397468016414787,0.14945594849175825,-0.1629769802093505,0.7527100443840027,1.290292739868164,-0.16780708817112186,1.7141962559090125,-0.0604290291666984,0.4288155436515808,0.2853482067584991,-0.49385556302580014,0.6654334503096951
13999,-0.0002860964741557,0.3390553891658783,0.0334713757038116,-0.025209735625846937,0.09871949178025356,-0.1028286963701248,0.6172371506690979,1.399467706680298,-0.11904177415877609,2.267309582975111,-0.0271299816668033,0.4084205627441406,0.2494500428438186,-0.2662921217529343,0.6107675900737868
14009,-0.0004607843875419,0.2937306761741638,0.0295308344066143,-0.0531217938804751,0.10053711376439406,-0.1045052409172058,0.6683817505836487,1.40704345703125,-0.11112351654011536,2.10514942366781,-0.0345860235393047,0.4081478118896484,0.2341739684343338,-0.36186330414460033,0.5737479452606935
14019,-0.0010247766040265,0.4699798226356506,0.0280452668666839,-0.07774821228797957,0.05967334237756383,-0.0970532447099685,0.7119939923286438,1.3566367626190186,-0.10047780723073085,1.905404788855043,-0.0330198146402835,0.5627294778823853,0.2371987253427505,-0.24737887739861925,0.421514661423738
14029,-0.0017427868442609,0.3668087720870971,0.0392676033079624,-0.12099576363370532,0.10705197447851242,-0.0535621233284473,0.5226168632507324,1.4072571992874146,-0.07282841982118488,2.692712957125274,-0.0357393249869346,0.5037789940834045,0.256864994764328,-0.27618581390581926,0.5098763501080039
14039,-0.0013612210750579,0.308518648147583,0.0336889363825321,-0.13096641662170175,0.10919578633190645,-0.0910714641213417,0.7714222073554993,1.377757906913757,-0.08568746002513251,1.7859972059098843,-0.0429606772959232,0.5715792775154114,0.246999904513359,-0.3042971319563764,0.4321358632647405
14049,-0.0008619512664154,0.4728016257286072,0.033667467534542,-0.054149356619323415,0.07120844282770605,-0.1477020382881164,0.7210860848426819,1.3799928426742554,-0.1484302913207817,1.91376989749473,-0.0355282723903656,0.5085048675537109,0.241783320903778,-0.28896991955682416,0.47547887214322404
14059,-0.0012716273777186,0.4589746296405792,0.0372648015618324,-0.0743485283553208,0.08119141920984671,-0.0945038273930549,0.7461879849433899,1.369981050491333,-0.09244567245724196,1.835973076670844,-0.0377970449626445,0.5484222173690796,0.2597874104976654,-0.26529233724775364,0.47369964649486934
14069,-0.0009989211102947,0.2478335797786712,0.0356887727975845,-0.11293782684087193,0.14400297501838333,-0.0936881154775619,0.6855604648590088,1.341416597366333,-0.10187674557847594,1.9566714624394312,-0.0350089855492115,0.4896731078624725,0.2406929433345794,-0.29703656559946756,0.4915380066208974
14079,-0.0005382057279348,0.2872325181961059,0.0254535470157861,-0.07361501396920671,0.08861652286322219,-0.0826245620846748,0.5415967106819153,1.38069486618042,-0.11049317233229908,2.5493043789760286,-0.0262372102588415,0.4213104546070099,0.2263398468494415,-0.2751404238018171,0.5372281755043721
14089,-0.0004704046295955,0.3474866151809692,0.0321381576359272,-0.04212234394649897,0.0924874692488222,-0.0723947286605835,0.501804769039154,1.3361601829528809,-0.10797261866162539,2.6627092156005894,-0.0229794532060623,0.3979842364788055,0.2441573441028595,-0.23648523335873933,0.6134849617740123
14099,-0.0006801913841627,0.3059012591838836,0.0299287512898445,-0.07429528697957151,0.09783794734840795,-0.1244017928838729,0.667461633682251,1.4639158248901367,-0.12731636389457254,2.1932583852258425,-0.0399709828197956,0.5170701146125793,0.2431195378303527,-0.3179622255639869,0.4701867908426941
14109,-0.0008812267333269,0.333946168422699,0.0321687124669551,-0.08203090820702691,0.09632903596078071,-0.066014252603054,0.4955742955207824,1.242274522781372,-0.10722877876829326,2.506737201686192,-0.027348406612873,0.3907164335250854,0.241670086979866,-0.2896326060069013,0.6185306433095037
14119,-0.0007528522983193,0.4015345275402069,0.03696970641613,-0.050715520029763345,0.09207105212746147,-0.0422921404242515,0.7230786681175232,1.3262462615966797,-0.04410115294041401,1.834165935290906,-0.0346727222204208,0.5030081272125244,0.2579957544803619,-0.26717780574604516,0.5129057375475703
14129,-7.3575752139e-06,0.5603136420249939,0.0319787077605724,-0.0004106223686035903,0.0570728701964139,-0.047494888305664,0.7087017893791199,1.3229546546936035,-0.05065687358493907,1.8667296661584825,-0.0215468145906925,0.5858945846557617,0.2437584102153778,-0.15087037920616975,0.4160448254673601
14139,-0.0006120160105638,0.3555265367031097,0.0242440775036811,-0.07100437314264442,0.06819203350754842,-0.0613637007772922,0.67906653881073,1.3826944828033447,-0.06535412171437385,2.036169364529284,-0.0340514630079269,0.5272546410560608,0.2320937812328338,-0.27826069190550207,0.4401929602136138
14149,-0.0015185775700956,0.5151471495628357,0.0300543960183858,-0.09808388853470021,0.05834138079554661,-0.0429949909448623,0.6896318197250366,1.4216467142105105,-0.04385396690374363,2.06145753944088,-0.0340954139828681,0.6983914971351624,0.2502463459968567,-0.1950874265854486,0.3583181453717292
14159,-0.0013203937560319,0.5670340061187744,0.0394310690462589,-0.05905488186420221,0.06953916100403937,0.0043152864091098,0.7315847277641296,1.1815435886383057,0.0049922375984142965,1.6150468206865676,-0.0404872670769691,0.6351778507232666,0.2597526013851166,-0.24539358845996512,0.40894467760382475
14169,-0.0006904781330376,0.3017432987689972,0.0331572405993938,-0.06901347801812,0.1098855906151463,-0.1144960299134254,0.550635039806366,1.4376683235168457,-0.1446331615873422,2.6109277826242407,-0.0391883254051208,0.3706080913543701,0.2533534467220306,-0.41736400552406755,0.6836155298071398
14179,-0.0010198256932199,0.3482762277126312,0.044436227530241,-0.06589689258043072,0.1275890342044996,-0.0646102800965309,0.4661130607128143,1.4895139932632446,-0.0930605819366814,3.1956066431293957,-0.0305824503302574,0.3745703101158142,0.2475910633802414,-0.32976454746995104,0.661000235986905
14189,-0.0005308341933414,0.4019148647785187,0.034096211194992,-0.038736350220530125,0.08483441191900488,-0.0358605422079563,0.5396293997764587,1.3754761219024658,-0.04831346587005666,2.5489273239602146,-0.0254123825579881,0.4030553698539734,0.2429105639457702,-0.25955791134279227,0.6026729380476348
14199,-0.0008683539927005,0.3938766419887543,0.0351274944841861,-0.06276093494142988,0.08918400011440394,-0.0804754421114921,0.578262984752655,1.4257255792617798,-0.09761173591752108,2.465531456888282,-0.0359074436128139,0.460999459028244,0.2486872971057891,-0.31320628566649816,0.5394524705734043
14209,-0.0005797366029582,0.5155832767486572,0.0345654524862766,-0.032530418659602774,0.06704145391264694,-0.0319946818053722,0.6247649192810059,1.244386076927185,-0.04115342793932043,1.991766884669603,-0.0285168811678886,0.6022334098815918,0.2507933378219604,-0.18880834494387583,0.41643876561293763
14219,-0.0006373098003678,0.1545192599296569,0.035221841186285,-0.1170997379066101,0.227944666589261,-0.0903483778238296,0.6742302179336548,1.2682628631591797,-0.10565811796701292,1.8810531320386157,-0.0328632220625877,0.4083527028560638,0.2481330633163452,-0.3243322013596364,0.6076439841854241
14229,-0.0009587098611518,0.3293299674987793,0.0308531131595373,-0.09435326892829612,0.09368449945160749,-0.1036674082279205,0.7535406351089478,1.332450032234192,-0.10324870956537087,1.7682523943006003,-0.0392099358141422,0.5092372894287109,0.2397489100694656,-0.3211584047803615,0.4707999886230415
14239,-0.001234222901985,0.339934229850769,0.0325335077941417,-0.11160092922378342,0.09570530101785836,-0.1134150773286819,0.5355711579322815,1.6040387153625488,-0.13201970743804187,2.9950057832751447,-0.042447954416275,0.4370633661746979,0.2553244829177856,-0.38038194865055713,0.5841818433616563
14249,-2.14083374885e-05,0.5008630752563477,0.0291672796010971,-0.0014654398659266219,0.058234038486803884,-0.0951333120465278,0.7247714996337891,1.3888262510299685,-0.09451126867646975,1.9162263578682543,-0.0257357377558946,0.4487403631210327,0.2373601049184799,-0.24162049081353218,0.5289475260652226
14259,-0.0008197186980396,0.533007025718689,0.0286669395864009,-0.053647634441304645,0.053783417859731494,-0.1311464309692382,0.7701857686042786,1.4337002038955688,-0.11876887414002754,1.8614992153045145,-0.043387297540903,0.5844392776489258,0.239717498421669,-0.3096873514637559,0.4101666462014689
14269,-0.0010847462108358,0.4066574871540069,0.0304398220032453,-0.08763089766163297,0.07485371096024432,-0.0699676349759101,0.5586971044540405,1.789846897125244,-0.06996887490554272,3.2036086868112275,-0.0201268084347248,0.5065768957138062,0.2599130570888519,-0.15286266869674323,0.513077203654569
14279,-6.62172460579e-05,0.3648876547813415,0.0351460576057434,-0.005163394740237833,0.09632021567516345,-0.1371200680732727,0.6351482272148132,1.3431320190429688,-0.1607338056586041,2.1146749081434635,-0.0306430105119943,0.4269068241119385,0.2647528946399688,-0.27111754046650977,0.6201655248559541
14289,-0.0006977640441618,0.4621442556381225,0.0318145900964736,-0.04745748237816329,0.06884125402044529,-0.0943851992487907,0.758750319480896,1.3951443433761597,-0.08916324533989356,1.8387397112803285,-0.0394474938511848,0.5411522388458252,0.2623195946216583,-0.277887636548587,0.48474269492284855
14299,-0.000492651364766,0.3718957602977752,0.0327940471470356,-0.040394612485275816,0.08818075022091555,-0.1095469966530799,0.7132032513618469,1.3279147148132324,-0.11566899911178623,1.8619022169032553,-0.0450781732797622,0.4242759943008423,0.2560167610645294,-0.41500129300561744,0.6034203313492091
14309,0.0009157583117485,0.7552033066749573,0.0438909046351909,0.027627555124840265,0.05811799848763339,-0.0702737718820571,0.8672313094139099,1.567656636238098,-0.051690099788031865,1.8076568721873612,-0.0185988955199718,0.8372848033905029,0.2876148223876953,-0.07723296039560675,0.3435089484761066
14319,-0.0003372768114786,0.4501206278800964,0.0280065611004829,-0.026754558088996575,0.062220123597497776,-0.0931347012519836,0.6402541995048523,1.5258933305740356,-0.09533116827200208,2.3832617290977587,-0.0279227308928966,0.5846303105354309,0.2384179681539535,-0.20032612041503475,0.4078097968194628
14329,-0.0003007429768331,0.3790353834629059,0.0360406637191772,-0.022015216466713398,0.09508522236078865,-0.0300715081393718,0.5430929660797119,1.3667685985565186,-0.0405122196724176,2.516638373025646,-0.0168012641370296,0.3309629261493683,0.2410929650068283,-0.21056106756691303,0.7284591292802978
14339,-9.96030867099e-05,0.4617235660552978,0.036670945584774,-0.00588259091075152,0.07942186251845362,-0.1143364533782005,0.5729124546051025,1.3559106588363647,-0.14718561890095247,2.366697822568664,-0.0223397389054298,0.4531612992286682,0.257035344839096,-0.19179285879290567,0.5672049781757604
14349,-0.0009381438139826,0.3383926153182983,0.038275059312582,-0.07243236571149658,0.11310843552711627,-0.1311589926481247,0.7027301788330078,1.331416368484497,-0.14018307291773574,1.894633827588734,-0.04601476714015,0.4305804967880249,0.269377738237381,-0.396717329602145,0.6256152804106124
14359,-0.0020887618884444,0.310400128364563,0.0384443216025829,-0.17503900700692968,0.12385407765498822,-0.196819931268692,0.8263010382652283,1.517885684967041,-0.15692484637343898,1.836964513748833,-0.0554365664720535,0.5763153433799744,0.273998498916626,-0.3510653430253445,0.4754315533396691
14369,-0.0009610562701709,0.361744076013565,0.0328407771885395,-0.08089728797497292,0.09078456114733446,-0.0865251570940017,0.6161308288574219,1.4873261451721191,-0.09441983656582137,2.4139778039191406,-0.0365941524505615,0.4143368005752563,0.2546881437301636,-0.34677633849708334,0.6146886865384876
14379,-0.0001060217400663,0.5638659000396729,0.0351675562560558,-0.005346590293345522,0.06236865228697365,-0.1201095208525657,0.6728954315185547,1.4704850912094116,-0.12138617567913339,2.185309963973004,-0.0402464978396892,0.5327094197273254,0.2508366703987121,-0.3011942602031546,0.4708695981518522
14389,-0.0009317244403064,0.3152735531330108,0.0288192313164472,-0.10254572350585078,0.09141024050402556,-0.2059662640094757,0.8442218899726868,1.5601255893707275,-0.15637953677772845,1.8480041893028887,-0.038692407310009,0.4714574813842773,0.232318714261055,-0.3532637083806083,0.4927670541549765
14399,-0.0006053145625628,0.6201478838920593,0.0240122936666011,-0.04064921939361712,0.038720270261827734,-0.1207356303930282,0.776320219039917,1.377870798110962,-0.1128719584569463,1.774874290682508,-0.0262685809284448,0.6228365898132324,0.2274921238422393,-0.1853941937901135,0.3652517009484887
14409,-0.0010120937367901,0.408801406621933,0.0373173207044601,-0.06634342692441794,0.09128471697988026,-0.078827753663063,0.6649264097213745,1.3079735040664673,-0.09063722940449254,1.9670951325494053,-0.0494108460843563,0.5183281898498535,0.2602395117282867,-0.3663061633914927,0.5020747796944469
14419,-0.0010722691658884,0.368881344795227,0.0456896722316741,-0.0636207936671218,0.12386007825100859,-0.1372754871845245,0.6716681718826294,1.288754105567932,-0.1585872115095354,1.9187363039038496,-0.0335236601531505,0.4372757375240326,0.2636705040931701,-0.2907598920143381,0.6029845277630543
14429,-0.0001261873112525,0.4320567548274994,0.0299211796373128,-0.009761041873323316,0.06925289166988945,-0.0979961603879928,0.745246946811676,1.426446557044983,-0.09218353310730401,1.9140589077856982,-0.0305278655141592,0.5316318273544312,0.2436656355857849,-0.23566288075849667,0.458335304713306
14439,0.0004964572144672,0.4002641439437866,0.0365798957645893,0.033907258347143636,0.09138938952704845,-0.0280515905469656,0.6774170994758606,1.281562089920044,-0.03231183959019548,1.8918360503619258,-0.0228431615978479,0.4790530502796173,0.2556037604808807,-0.18655434275533733,0.5335604487471438
14449,-0.0007632001070305,0.4070505797863006,0.0352161601185798,-0.053241225701007915,0.08651544026068726,-0.0998436659574508,0.7450944185256958,1.193610906600952,-0.11226552974050148,1.6019592643878975,-0.0416574217379093,0.5066060423851013,0.240256518125534,-0.3422526684027326,0.4742472414944091
14459,-0.0001301187730859,0.3579764664173126,0.0264332275837659,-0.013751031838813672,0.07384068525038529,-0.0748960524797439,0.6380302906036377,1.167894959449768,-0.10051105849322914,1.8304694567789686,-0.0304694883525371,0.4106570482254028,0.2388909608125686,-0.31058906636561817,0.5817286269525936
14469,-0.0006832521175965,0.4495053589344024,0.0291660409420728,-0.05211570673697576,0.06488474578192756,-0.1027114540338516,0.6089716553688049,1.4032803773880005,-0.12019249379801304,2.3043443237734063,-0.0354872122406959,0.5891819596290588,0.2636844217777252,-0.228422021431931,0.44754327159598956
14479,-0.0013680149568244,0.5021499395370483,0.032405499368906,-0.08406954803032407,0.06453351243810145,-0.1293601542711258,0.840830385684967,1.4516528844833374,-0.10598132521205761,1.7264515046049091,-0.0469586588442325,0.618833601474762,0.2556309700012207,-0.29684403738880116,0.4130851482402029
14489,-0.0013019713805988,0.4597572088241577,0.0397959761321544,-0.07115963775328756,0.08655867785941575,-0.1352594494819641,0.6992388963699341,1.4712474346160889,-0.131478977579173,2.104069785382365,-0.0407520607113838,0.4606454074382782,0.249759703874588,-0.35420970653723577,0.542195145857507
14499,-0.001036969712004,0.2619436085224151,0.028904216364026,-0.13696104661033234,0.11034518661123431,-0.1220310628414154,0.5228764414787292,1.3801223039627075,-0.1691039470030165,2.6394807539227245,-0.029579184949398,0.3848122358322143,0.2416687309741974,-0.3180657226600061,0.6280172730255119
14509,-0.0009396277600899,0.6666910648345947,0.0434502027928829,-0.03243690408189889,0.06517291903958972,-0.0941032022237777,0.6688952445983887,1.3445985317230225,-0.10462938223756015,2.010178039956515,-0.0171601697802543,0.6673069000244141,0.2700130641460418,-0.09523820195122891,0.40463100881492925
14519,-0.0003169529081787,0.3197060227394104,0.0263763424009084,-0.03758628057001682,0.08250186272658219,-0.1299004703760147,0.5863798260688782,1.2273279428482056,-0.18049745440451498,2.093059631802612,-0.035900916904211,0.4060947000980377,0.2568788230419159,-0.344151697658772,0.6325589153955993
14529,-0.0005146196344867,0.2700259387493133,0.0312895439565181,-0.06090902309917598,0.11587606768980326,-0.0620106309652328,0.6591544151306152,1.3924434185028076,-0.06756183368492652,2.1124692280592354,-0.0338210873305797,0.5188847780227661,0.2545348703861236,-0.256076277403961,0.4905421803970435
14539,0.0015042118029668,0.6368049383163452,0.0251819379627704,0.09380228542633604,0.03954419390865462,-0.0489978790283203,0.6179600954055786,1.6239970922470093,-0.048823802736598136,2.6279967012775316,-0.0110546015202999,0.5577181577682495,0.2396928817033767,-0.0826938422971627,0.4297742118752696
14549,-0.0007123849354684,0.3822835981845855,0.0318822003901004,-0.058449496557140254,0.08339934159222309,-0.0869380086660385,0.631899893283844,1.492942214012146,-0.09215489489653202,2.362624570568695,-0.0259857792407274,0.4286280274391174,0.2471578419208526,-0.24529053166667,0.5766254796671202
14559,-0.0011126967146992,0.5839624404907227,0.0407948307693004,-0.04670751425310951,0.06985865518169143,-0.0839110240340232,0.7424419522285461,1.1944308280944824,-0.0946227385602414,1.6087868209888017,-0.0463544800877571,0.5868628025054932,0.2495680898427963,-0.31649443357632656,0.4252579798503421
14569,-0.0025573363527655,0.4335661232471466,0.0414877943694591,-0.1421713751453888,0.09568965872781006,-0.0862978100776672,0.7563809752464294,1.3989559412002563,-0.08155585428586418,1.8495387734262823,-0.0485704690217971,0.5396518707275391,0.2573109567165375,-0.3497843148552952,0.47680916285834457
14579,-6.819715054e-05,0.8231311440467834,0.0436792150139808,-0.0018968036219511929,0.053064709469306935,-0.0671448111534118,0.8259591460227966,1.26015305519104,-0.0645105275463034,1.5256844860414678,-0.0219658426940441,0.8352460861206055,0.2788606286048889,-0.09430749686691535,0.33386642959332924
14589,-0.0013853396521881,0.3458969593048095,0.0449073985219001,-0.0891849603655553,0.1298288328759983,-0.0655749067664146,0.6817507147789001,1.317052960395813,-0.073031267978796,1.9318688368708918,-0.0390940830111503,0.3869308829307556,0.258146584033966,-0.3913913776115965,0.6671645904267699
14599,-0.0007833712734282,0.4347877502441406,0.040946677327156,-0.04400192494227045,0.09417624416548936,-0.0890726298093795,0.6104028224945068,1.3239903450012207,-0.11021556302583928,2.1690436154776065,-0.0299641229212284,0.4867637157440185,0.266770452260971,-0.23075209213396283,0.5480491738239205
14609,-0.0003806893946602,0.4858845174312591,0.0332582853734493,-0.023557969882019174,0.0684489506874533,-0.0617353729903698,0.6489986777305603,1.3317272663116455,-0.07142906621425721,2.0519722335467194,-0.0249470639973878,0.6391080617904663,0.2514176368713379,-0.15525636193232092,0.3933883045802761
14619,-0.0006248391000553,0.5143459439277649,0.0308333747088909,-0.0393996004811358,0.05994676359928905,-0.0845524966716766,0.8257350325584412,1.352292537689209,-0.07572077916358176,1.637683378285759,-0.0360091738402843,0.6425761580467224,0.2316258400678634,-0.24193658291413234,0.3604644168123985
14629,-0.0003288310836069,0.225503534078598,0.0303146466612815,-0.048102428255623546,0.13443091606145516,-0.1687694191932678,0.5162962079048157,1.4816220998764038,-0.22062634647810406,2.8697133102894212,-0.0276854336261749,0.2901766896247864,0.228706806898117,-0.41716678044036515,0.7881639534652037
14639,-0.0012722454266622,0.4697575569152832,0.0316921472549438,-0.08545657011022995,0.06746490139095135,-0.1048534736037254,0.76043301820755,1.5486005544662476,-0.08903944539294385,2.036472006589774,-0.0401724055409431,0.5641390681266785,0.2374069541692733,-0.29994955723528544,0.4208305497394893
14649,-0.0002756640315055,0.4391395151615143,0.0209062900394201,-0.030026216661759073,0.04760739882798027,-0.0719735324382782,0.538467288017273,1.3148348331451416,-0.10165817110596667,2.4418100456697833,-0.0200235527008771,0.5067878365516663,0.2273614406585693,-0.17377933856340969,0.44863239458469156
14659,-0.000118403637316,0.4476496875286102,0.028831023722887,-0.009174168127390492,0.0644053252489858,-0.0184154044836759,0.6428316831588745,1.3799526691436768,-0.02075963903738922,2.1466780578744813,-0.0176671296358108,0.5195418000221252,0.2436228841543197,-0.1395813584613066,0.468918735978404
14669,-0.001078219152987,0.2859445214271545,0.0382212214171886,-0.09865536339174806,0.13366656310261085,-0.053860317915678,0.5407676100730896,1.418562650680542,-0.07021173747232042,2.62323893712645,-0.0417180433869361,0.4136222898960113,0.2363220751285553,-0.4267914448754873,0.5713475334899601
14679,-0.0014643903123214,0.2624160647392273,0.0316343046724796,-0.17640388101602691,0.12055018317539286,-0.0663241818547248,0.6406840682029724,1.2180519104003906,-0.08498889438630586,1.901174027655866,-0.0447191447019577,0.4225469529628753,0.2504030168056488,-0.4226481355391259,0.5926040054243369
14689,-0.0012092748656868,0.6083840131759644,0.0368949137628078,-0.053874187495781385,0.06064412108760753,-0.0853518918156623,0.7775919437408447,1.3491849899291992,-0.08135605820067993,1.7350809776121532,-0.0420773923397064,0.6332808136940002,0.2504142820835113,-0.265334298142318,0.39542376252142525
14699,-0.0006704645929858,0.6234979629516602,0.0261134579777717,-0.04117905950331833,0.041882186517738916,-0.0831144377589225,0.7602484822273254,1.5595288276672363,-0.0701015309343701,2.051340928821367,-0.0286617595702409,0.6022456884384155,0.224895492196083,-0.21161595007355224,0.37342814820181214
14709,-8.649098163e-06,0.4766276180744171,0.0260248053818941,-0.000697275060238701,0.054601966808039186,-0.0366004109382629,0.6332554817199707,1.4418692588806152,-0.040084929213489925,2.2769155585742222,-0.0263975448906421,0.444746732711792,0.2299674153327942,-0.2580978975025392,0.5170749966629195
14719,-0.0012547604274004,0.4827443957328796,0.0332191959023475,-0.07824461482810409,0.06881321916107529,-0.1010318249464035,0.5898376107215881,1.501028060913086,-0.11411347344531965,2.5448157825622157,-0.0337521433830261,0.4986399710178375,0.2517736554145813,-0.26884625015537716,0.504920724467102
14729,-0.001993600744754,0.5653899908065796,0.0337394811213016,-0.1045085138817912,0.05967470537136535,-0.0680899247527122,0.7821319699287415,1.3738890886306765,-0.0633652483912349,1.7565949755970836,-0.0484541393816471,0.6622819304466248,0.2506483197212219,-0.29189266431209165,0.37846166141388093
14739,5.5147120292e-06,0.3803533613681793,0.0301914885640144,0.000480231954339408,0.07937747271487698,-0.1141584739089012,0.567848265171051,1.5231016874313354,-0.13199180011002148,2.682233583953165,-0.0376050397753715,0.460950493812561,0.2624852657318115,-0.31080417065803023,0.5694435069605273
14749,-0.0015910821966826,0.4210280179977417,0.0285648088902235,-0.13229709129217782,0.0678453871694038,-0.0796873718500137,0.7036446332931519,1.5207104682922363,-0.07447141203839039,2.161191027884496,-0.0317914895713329,0.501781702041626,0.2475036680698394,-0.25598494070630334,0.4932496881867314
14759,0.0001126117567764,0.5873157978057861,0.0227915793657302,0.008412743152109851,0.03880634481633155,0.0581943690776824,0.6799079775810242,1.391451358795166,0.06151241783508552,2.0465289490287644,-0.0054594548419117,0.6214295029640198,0.2350376844406128,-0.03737833140325514,0.378220994206999
14769,0.0001040674178511,0.4813683927059173,0.0258884336799383,0.008350864426273325,0.05378091721895487,-0.1661810129880905,0.9041649103164672,1.3618959188461304,-0.13495526583371945,1.5062472601037487,-0.0383458510041236,0.6456167101860046,0.2589572966098785,-0.22935883043962937,0.4011006724644285
14779,-0.0005500634433701,0.3680834174156189,0.0300624351948499,-0.049709840908736404,0.08167288655904079,-0.0557316727936267,0.5074085593223572,1.2526227235794067,-0.08768473702830279,2.4686669165618356,-0.0167744308710098,0.3662663102149963,0.2404359132051468,-0.19048092147386514,0.6564510753500977
14789,0.0005624864716082,0.667131245136261,0.0389301925897598,0.021657795474156364,0.05835462343216789,-0.0292521305382251,0.8607831597328186,1.419661283493042,-0.023937511630351356,1.6492670278699406,-0.008668789640069,0.7245314121246338,0.2602024674415588,-0.0459822093812855,0.359132072243127
14799,-0.0011900379322469,0.2490395903587341,0.0325108133256435,-0.14698214362435982,0.13054475908353624,-0.0795802921056747,0.4866787791252136,1.3463038206100464,-0.12145629830783135,2.7663088639902806,-0.0231359843164682,0.3174421489238739,0.2361212074756622,-0.30866571667839815,0.7438243732790716
14809,-0.0015653639566153,0.3376282453536987,0.0435920506715774,-0.10635777865486046,0.1291125706201223,-0.0862158983945846,0.6167430281639099,1.2903225421905518,-0.10833900051701377,2.092155862761738,-0.0381921976804733,0.4291894733905792,0.24699167907238,-0.3602825811142761,0.5754840097105735
14819,-0.0002748018014244,0.4234114587306976,0.0354532487690448,-0.018306314963515806,0.08373237907950463,-0.1021170616149902,0.6742655634880066,1.3005108833312988,-0.11645371270646325,1.9287814086243653,-0.0330666452646255,0.4492804408073425,0.253848522901535,-0.2899332230779991,0.5650112932701397
14829,0.0003535725409165,0.5018512010574341,0.0320863500237464,0.02195751786971286,0.0639359833276045,-0.0921350419521331,0.6734092235565186,1.3635454177856443,-0.1003404788197982,2.0248392360655028,-0.0332317613065242,0.4746096134185791,0.2559118866920471,-0.27360647466515675,0.5392050212568011
14839,-0.0006808383041061,0.3796588182449341,0.0316155031323432,-0.05672185065519887,0.08327345925611214,-0.0806215777993202,0.6756119728088379,1.441174030303955,-0.08280137110922213,2.133138677682567,-0.0235169492661952,0.4638481438159942,0.2460677027702331,-0.2060395271042447,0.5304919423539759
14849,-0.0003289681626483,0.328818142414093,0.0267674680799245,-0.03737582642323812,0.08140508271047656,-0.050121396780014,0.5324962139129639,1.3202927112579346,-0.07129128050135336,2.4794405608182135,-0.0273604895919561,0.394962728023529,0.2308554053306579,-0.3000735407363898,0.5844992171436116
14859,-0.0011507936287671,0.4132510125637054,0.0307809002697467,-0.09046950303152375,0.07448475462598321,-0.0759190320968627,0.5919281840324402,1.3377704620361328,-0.09587382206842747,2.260021567012963,-0.0277674943208694,0.4109782576560974,0.2408877909183502,-0.2804807475060205,0.5861326881188025
14869,5.61446504434e-05,0.3527272343635559,0.0335135720670223,0.0047495084992734676,0.0950127146476018,-0.0622448287904262,0.508050799369812,1.3414770364761353,-0.09132988165958904,2.640438787105754,-0.0397260934114456,0.3851166367530823,0.2466515004634857,-0.41821520414072333,0.6404592191680009
14879,-0.0001740255975164,0.3871812522411346,0.0320737920701503,-0.014013560862926754,0.082839217768155,-0.0786629021167755,0.6178140640258789,1.4012051820755005,-0.09086788915773164,2.2680046694709217,-0.0211410634219646,0.4955121576786041,0.242686927318573,-0.17580293909820505,0.4897698745789059
14889,-0.0003045840421691,0.4930643439292907,0.027038037776947,-0.022846957714743377,0.05483673299407038,-0.077923946082592,0.7059080004692078,1.3670461177825928,-0.08074946753301568,1.936578303226391,-0.0252678301185369,0.4557352662086487,0.2297514826059341,-0.2413220404926385,0.5041336487239223
14899,-0.0004332961107138,0.4509980976581573,0.0265902318060398,-0.036131663539870594,0.05895863406988111,-0.0814409777522087,0.653782069683075,1.465992093086243,-0.08497249011919634,2.242325326843075,-0.0307539738714694,0.7009924054145813,0.2422260046005249,-0.1811203140173131,0.3455472594703326
14909,-8.13890510471e-05,0.3147723376750946,0.0204989332705736,-0.012613574126850545,0.06512304550640796,-0.0670350864529609,0.6647533178329468,1.330164670944214,-0.07581170279637262,2.000989893936093,-0.0154196405783295,0.3612450659275055,0.2064312100410461,-0.2067744948151739,0.5714436805137503
14919,-0.0010278418194502,0.5229290723800659,0.0531432181596756,-0.036985853603742645,0.10162605402258262,-0.1682323217391967,0.8906616568565369,1.447014093399048,-0.13053408260820826,1.624650710243975,-0.0617273896932601,0.6468297243118286,0.2785163223743438,-0.3426393921162567,0.4305867709939603
14929,-0.0013469567056745,0.3805139660835266,0.0344808846712112,-0.10266079790534774,0.09061660739054793,-0.0786138698458671,0.5555976629257202,1.4875038862228394,-0.09512193058609941,2.6773040735805056,-0.0355767868459224,0.3896419405937195,0.2526265382766723,-0.3614282151835106,0.6483556105170069
14939,-0.0024128756485879,0.3680493533611297,0.0513367727398872,-0.12770277007241204,0.13948339338478774,-0.0965578258037567,0.6499384045600891,1.386227250099182,-0.10717187931097465,2.1328594223285666,-0.039894975721836,0.5277682542800903,0.2733068764209747,-0.27658229944173324,0.5178539523825334
14949,-0.0005664313794113,0.6633925437927246,0.0359381586313247,-0.02375860281640363,0.05417329297350904,-0.0821435451507568,0.7825915813446045,1.2521414756774902,-0.08382718246431467,1.5999935413643624,-0.02384864538908,0.7020329833030701,0.2531847655773163,-0.13417408089381747,0.3606451144020046
14959,-0.0006908574141561,0.2842874228954315,0.0277004148811101,-0.08772926733926203,0.0974380596896791,-0.0986295491456985,0.5072755813598633,1.2799416780471802,-0.15190529402024985,2.52316832325344,-0.0346935428678989,0.3483463525772095,0.2375847846269607,-0.41919757349760484,0.6820360910031376
14969,-0.0005040201940573,0.7156723141670227,0.0278321448713541,-0.025303875614788657,0.03888950895599221,-0.0178862232714891,0.8998480439186096,1.3703826665878296,-0.01450466203441729,1.5229045346591645,-0.0156907886266708,0.9109309911727904,0.2269272953271865,-0.07590537975670732,0.24911579200420647
14979,-0.000510798417963,0.3191470205783844,0.0398720689117908,-0.04014116547921308,0.12493323246299266,-0.1002702564001083,0.5656270980834961,1.2860337495803833,-0.13784453477805939,2.27364239432274,-0.0332979038357734,0.3764723539352417,0.2471800297498703,-0.35782478998709183,0.6565688746228324
14989,-0.0005152014782652,0.3115870058536529,0.0286410376429557,-0.057730991247262664,0.09191987183319161,-0.0953801125288009,0.5066782236099243,1.1477181911468506,-0.16401755213485084,2.2651816037597126,-0.0224964264780282,0.3436535000801086,0.2281080931425094,-0.28698029058855395,0.6637735192260095
14999,-0.001106824260205,0.3829023540019989,0.0347905904054641,-0.08308618811344944,0.09086021551406415,-0.0405867211520671,0.7838588356971741,1.4933819770812988,-0.034671705403048106,1.9051669880751754,-0.0529970116913318,0.5138700604438782,0.265615701675415,-0.38827937544777585,0.516892736358249
15009,-0.0013490124838426,0.6978234648704529,0.0359925627708435,-0.05371030630069335,0.05157832114104292,-0.1155279278755188,0.7576107382774353,1.3561090230941772,-0.11244658139829758,1.789981258947749,-0.0265158135443925,0.6663385033607483,0.2618040442466736,-0.15199653804636573,0.39289946915304663
15019,-0.0001124665504903,0.5089127421379089,0.0332503914833068,-0.006646351214964786,0.06533613472444037,-0.0362341925501823,0.7365701198577881,1.6295558214187622,-0.030188063076372038,2.2123566751979915,-0.028278611600399,0.4923499822616577,0.239067867398262,-0.24024975251567654,0.4855648949149554
15029,-0.0008122076978906,0.340838223695755,0.0370767265558242,-0.06427135026400707,0.10878101098461386,-0.1196101456880569,0.6111130714416504,1.431609272956848,-0.13671681847262326,2.342625841040514,-0.0340420566499233,0.4675188362598419,0.2539010941982269,-0.2867821421207576,0.5430820632371514
15039,-0.0008370195282623,0.6693505048751831,0.0255120452493429,-0.04901587036115104,0.038114627633096726,-0.0579703971743583,0.8627785444259644,1.2380212545394895,-0.05427237643880439,1.4349235531386408,-0.0304165221750736,0.8162177801132202,0.2322185188531875,-0.16047472998790185,0.28450558724777564
15049,0.0005372403538785,0.4810336232185364,0.0321406535804271,0.03474869418145357,0.06681581500556649,-0.0946225821971893,0.6804687976837158,1.323590636253357,-0.10505891073181585,1.9451158389022363,-0.0354958325624465,0.6060867309570312,0.2472725659608841,-0.23684632772383518,0.40798214732474414
15059,0.000592982629314,0.7216237783432007,0.032600674778223,0.025206035689449353,0.04517683002779086,-0.1050873845815658,0.8271580934524536,1.4940050840377808,-0.0850374022101366,1.8061904923180911,-0.0151257487013936,0.8320790529251099,0.2445020079612732,-0.07434809781112384,0.2938446859126488
15069,-0.0003700426314026,0.4640289843082428,0.0239120982587337,-0.03334947224100983,0.051531475548625416,-0.0659455731511116,0.8736376166343689,1.3617507219314575,-0.055431509784761766,1.5587134711272073,-0.0324396453797817,0.6650280356407166,0.2368454337120056,-0.20595442511552295,0.3561435323306611
15079,-0.0002363026724196,0.403791069984436,0.0259289015084505,-0.02256980490819529,0.06421365759636517,-0.028391083702445,0.5614426136016846,1.3993321657180786,-0.03613730659451188,2.4923868117905896,-0.0211882330477237,0.460627019405365,0.2401944994926452,-0.19150595101877585,0.5214511728007583
15089,-0.0003263576654717,0.4399011731147766,0.0370171442627906,-0.020041756726524397,0.08414877369088598,-0.0761605501174926,0.5381659865379333,1.4229573011398315,-0.0994539320471284,2.644086279576743,-0.0284434910863637,0.4645103812217712,0.2583304643630981,-0.23703465779716817,0.5561349644837397
15099,-0.0008062835549935,0.6227642893791199,0.0313544087111949,-0.04129195882329201,0.050347152599990036,-0.1688570976257324,0.8462775945663452,1.6106990575790403,-0.12387739745177014,1.9032750812744896,-0.0543500185012817,0.695722758769989,0.2537283897399902,-0.3078891768865003,0.36469755594681447
15109,-0.0011176422704011,0.6252292394638062,0.0297565776854753,-0.060073171057109326,0.04759306796175177,-0.027749078348279,0.7147666811943054,1.481886386871338,-0.026198073423555072,2.0732449145436527,-0.0103840744122862,0.7753364443778992,0.2407309263944625,-0.05563469432275246,0.3104857615555734
15119,-0.000430946907727,0.5839112997055054,0.0431298911571502,-0.017111911556962563,0.07386377208131215,-0.1053746044635772,0.85667484998703,1.419026017189026,-0.08668213152604598,1.6564347806060957,-0.0448774173855781,0.6541947722434998,0.2705273628234863,-0.25357684140168435,0.41352724647391786
15129,-0.000522963819094,0.3949082195758819,0.0298861358314752,-0.04431040345307591,0.07567868773046026,-0.1071415841579437,0.6471317410469055,1.3902547359466553,-0.11908881621641759,2.148333403794339,-0.0356772653758525,0.5197583436965942,0.2292965799570083,-0.29935913265219993,0.44115997893601644
15139,-0.0014029659796506,0.366628885269165,0.0391427092254161,-0.09776188796239364,0.10676384430724549,-0.0805633664131164,0.7353289723396301,1.2846394777297974,-0.08528539467260308,1.7470268764773413,-0.0523331239819526,0.5912529826164246,0.2611404061317444,-0.33894500690401497,0.4416728774477223
15149,-6.93203473929e-05,0.2860610783100128,0.0289779957383871,-0.008362451555530065,0.10130002973345012,-0.0520847290754318,0.3952698111534118,1.1097646951675415,-0.11873694171638349,2.8076130882072867,-0.021760469302535,0.3030944168567657,0.2388488054275512,-0.30058496057100426,0.7880343290533944
15159,-4.81923707411e-05,0.5533062815666199,0.0336564853787422,-0.0025878787726274395,0.06082794737744152,-0.0986553505063057,0.6587705612182617,1.5205752849578855,-0.09848691485110726,2.308201632668424,-0.0360244624316692,0.4616658687591553,0.264615535736084,-0.2948861683915474,0.5731754362680215
15169,-0.0007964252727106,0.2886963784694671,0.0389196537435054,-0.07088179860874913,0.13481171447262055,-0.056874219328165,0.6781759262084961,1.5667273998260498,-0.05352783036853884,2.310207925818323,-0.0352469906210899,0.4132477343082428,0.2584863007068634,-0.32996967617034323,0.6254996198335057
15179,-0.0008805325487628,0.4903621673583984,0.0359326377511024,-0.049973453041924056,0.07327775294059292,-0.0959184169769287,0.7384126782417297,1.2812517881393433,-0.10138375523497123,1.7351432686532333,-0.0321689024567604,0.5949666500091553,0.2383308559656143,-0.22686283157769463,0.4005785130342127
15189,-0.0002141931036021,0.4582629799842834,0.0272931884974241,-0.017125230835524047,0.059557916937475835,0.0189551636576652,0.5330352783203125,1.5197213888168335,0.023399555594692405,2.851070934002233,-0.0251250639557838,0.4365547597408294,0.2197665423154831,-0.26188273806733114,0.5034111698746624
15199,-0.0003260005323681,0.5354355573654175,0.0284456592053174,-0.021404007676955158,0.0531262050381614,-0.057566612958908,0.6809256076812744,1.3744317293167114,-0.06151029900066684,2.0184756070446555,-0.0293030925095081,0.6042904853820801,0.2463947683572769,-0.19680504064316767,0.40774226025002974
15209,-0.0003343127318657,0.4773440062999725,0.0262998100370168,-0.026629856800417046,0.05509613547025345,-0.0708061307668685,0.6243662238121033,1.2533022165298462,-0.09048480482741182,2.0073190520745,-0.0347171947360038,0.5196911096572876,0.2356520295143127,-0.2834837399331954,0.45344633597775874
15219,-0.0012506373459473,0.4060115218162536,0.0352552942931652,-0.08737127849737036,0.08683323600141696,-0.0942415297031402,0.726269543170929,1.3590848445892334,-0.09547681550086015,1.8713229232433475,-0.0242389887571334,0.4601539671421051,0.2612449526786804,-0.2016338386371532,0.5677337833273587
15229,7.74188083596e-05,0.3990838229656219,0.0283723790198564,0.006837331011459227,0.07109378377960579,-0.0656274706125259,0.6822836399078369,1.3460670709609983,-0.07145851854409556,1.9728848710820994,-0.0243890509009361,0.5676116347312927,0.2244383543729782,-0.19144610521122526,0.39540830497462814
15239,-0.0006520409369841,0.2003624141216278,0.0301621984690427,-0.10789358252578204,0.15053820648583854,-0.0828513205051422,0.5910126566886902,1.3590118885040283,-0.10315241432740775,2.29946325704472,-0.0341676846146583,0.3398356437683105,0.2366801798343658,-0.4248002181012655,0.6964548427289959
15249,0.0015767011791467,0.7634662985801697,0.0376262106001377,0.05488694257822119,0.04928339426391414,-0.0739505738019943,0.8375343084335327,1.4277368783950806,-0.06184303066014406,1.7046906186630404,-0.0251047499477863,0.6484086513519287,0.2520496547222137,-0.1536105316984612,0.3887203759491664
15259,-0.001500072190538,0.3504375517368316,0.034091267734766,-0.1255620422638944,0.09728200521263643,-0.0775543302297592,0.6332011222839355,1.40284526348114,-0.08730811372598764,2.21548132830391,-0.0271052438765764,0.3922441005706787,0.2423561364412307,-0.2851299764539581,0.6178706985997369
15269,-0.0007653778884559,0.4537391662597656,0.0392042733728885,-0.04302652121161408,0.08640266542572184,-0.1313888728618621,0.7154471278190613,1.4116016626358032,-0.13009747907943758,1.9730342155944771,-0.0388600341975688,0.6423277258872986,0.2763337790966034,-0.21893365800289497,0.4302068367279047
15279,-0.0006083510816097,0.2098001092672348,0.033368844538927,-0.08689752474822199,0.15905065376502323,-0.0698707103729248,0.6197212934494019,1.3108302354812622,-0.0860106619105964,2.1151931510778192,-0.0386835150420665,0.3570724129676819,0.26221564412117,-0.4131531164649516,0.7343486491769465
15289,-0.000285120535409,0.162911519408226,0.0327717624604702,-0.053404383434528864,0.20116295385073568,-0.0458817444741725,0.3581443428993225,1.2403799295425415,-0.1032825842472946,3.4633520091401335,-0.0188323576003313,0.2004103511571884,0.2418937385082245,-0.3884721744731187,1.2069922392306938
15299,-0.0005922300042584,0.4016756117343902,0.0309427678585052,-0.04764921864566251,0.07703422103447556,-0.0893171578645706,0.7427575588226318,1.553134799003601,-0.07742454546184947,2.0910386983681772,-0.0304884538054466,0.5299909114837646,0.242596760392189,-0.2371275317776889,0.45773758593900066
15309,-0.0007583447732031,0.4338090717792511,0.0353645421564579,-0.049431071906602196,0.08152098343958461,-0.0840674936771392,0.7592218518257141,1.5539077520370483,-0.07125808833594888,2.046711048029425,-0.0500453449785709,0.5948906540870667,0.248890608549118,-0.3380010361893681,0.4183804314947113
15319,-0.001488049281761,0.3767576813697815,0.0319203808903694,-0.12373345336395436,0.084723902043128,-0.0278314463794231,0.6909443140029907,1.3391011953353882,-0.030080103893778142,1.9380739781724174,-0.0418213382363319,0.4485917091369629,0.2417663931846618,-0.3856121874017421,0.5389452998357718
15329,-0.0006824979791417,0.3851920068264007,0.0416240692138671,-0.04256763953390122,0.10806057362614573,-0.1382254958152771,0.6706799864768982,1.4416242837905884,-0.14296203457849468,2.149496500355532,-0.0502021871507167,0.5233338475227356,0.2697750031948089,-0.35558391533791384,0.5154931301917919
15339,-0.0016962710069492,0.4212625324726105,0.0264561269432306,-0.15220052100096274,0.06280199377795537,-0.102300077676773,0.7468249201774597,1.3832331895828247,-0.09902885585745688,1.8521518929150655,-0.0352118425071239,0.6126807332038879,0.2245799601078033,-0.25590780216623105,0.3665529988733423
15349,-0.0015146438963711,0.5879035592079163,0.0342480763792991,-0.07522605137926212,0.05825458247853034,-0.0383144505321979,0.7644949555397034,1.5971962213516235,-0.03137832114643388,2.0892174759008917,-0.034712940454483,0.7248987555503845,0.2501737773418426,-0.19141336723035932,0.34511547361106504
15359,0.0004594943020492,0.5290583372116089,0.0309080705046653,0.028099893467191547,0.05842091189331908,-0.1310827583074569,0.7630809545516968,1.5986531972885132,-0.10745353230156249,2.0949981620596305,-0.0248395502567291,0.5037983655929565,0.2697713971138,-0.1827641760772923,0.5354749350889351
15369,-0.0003126138471998,0.3484343290328979,0.0323966369032859,-0.027694105735258837,0.09297774129548275,-0.1042507588863372,0.6959238648414612,1.3876755237579346,-0.10795172021388003,1.9940047954441995,-0.036027368158102,0.5286104083061218,0.2521248161792755,-0.2703219009812691,0.476957722015319
15379,-0.0012359380489215,0.4757575690746307,0.0331628583371639,-0.07833557583838155,0.06970537200630798,-0.0910192355513572,0.8024904727935791,1.4736288785934448,-0.07696710911034686,1.8363194686455793,-0.0451347678899765,0.6049291491508484,0.2411443442106247,-0.30940663386271633,0.39863237628592374
15389,0.0004406075458973,0.6785659790039062,0.0300735253840684,0.02159113671573147,0.044319235438556044,-0.1324749588966369,0.924300491809845,1.2341463565826416,-0.11613254509014036,1.335222005741982,-0.0195404477417469,0.7036109566688538,0.2421141117811203,-0.11470485855963083,0.34410224782083443
15399,-0.0019971169531345,0.2508928477764129,0.0419159643352031,-0.189904718282811,0.1670671950463776,-0.0561919957399368,0.7082473635673523,1.4855568408966064,-0.05340725007450645,2.0975112895783257,-0.0497821420431137,0.6099744439125061,0.262446790933609,-0.3109715605524937,0.43025866665858875
15409,-0.0010502623626962,0.6150147318840027,0.0382894948124885,-0.04459977288152824,0.0622578498163687,-0.0183353498578071,0.8831447958946228,1.3502891063690186,-0.015375545157032587,1.5289555151612257,-0.0379192717373371,0.6593064069747925,0.2488110065460205,-0.2311548997758069,0.3773829647548585
15419,-0.0008695996366441,0.2123000174760818,0.0380054712295532,-0.10777628212045487,0.17901774894500413,-0.0498316064476966,0.4212682843208313,1.2569934129714966,-0.09410509167908075,2.9838311113261735,-0.0264409203082323,0.3346110880374908,0.2532017827033996,-0.31208254578313444,0.7567046991432338
15429,3.7971229176e-05,0.3531078100204468,0.0279913395643234,0.0038417017896333508,0.07927136916825078,-0.0793905109167099,0.5993385314941406,1.2809793949127195,-0.10340802735310083,2.137321943441981,-0.0202672891318798,0.386715680360794,0.2280386686325073,-0.22982400279117132,0.589680429869702
15439,-0.0002174572000512,0.507813572883606,0.0285927280783653,-0.014976622847198546,0.056305560948287085,-0.1380966007709503,0.8418516516685486,1.3616150617599487,-0.12047392882196296,1.6174049894197273,-0.0397013872861862,0.5895701050758362,0.2404133230447769,-0.28009908959839613,0.4077773295744916
15449,-0.0017258618026971,0.4912159144878387,0.0311247389763593,-0.11288282519095362,0.06336264371404007,-0.111330434679985,0.7516714334487915,1.278740406036377,-0.11582530987054374,1.7011959602739015,-0.0508719347417354,0.6166358590126038,0.244841068983078,-0.33694980656505463,0.39705940775992654
15459,-0.0005355627508834,0.6879013180732727,0.0297451224178075,-0.02617390136101424,0.04324039166129227,-0.2135685682296753,0.7695985436439514,1.4563215970993042,-0.19055300803250866,1.8923133484684187,-0.0261723548173904,0.644855797290802,0.2352519184350967,-0.17252300622486103,0.364813217813111
15469,-0.00082213251153,0.3342791497707367,0.0340114496648311,-0.07231150338820977,0.10174565086741917,-0.0565379820764064,0.5991360545158386,1.1654247045516968,-0.08097120990004067,1.9451753834001453,-0.0259657111018896,0.3107822239398956,0.2258212715387344,-0.36998081280106776,0.726622226573704
15479,-0.0015999070601537,0.5895938277244568,0.0377892963588237,-0.07180803145216172,0.06409377877083934,-0.02798468247056,0.9139991998672484,1.3169498443603516,-0.02324905648742935,1.4408654236804899,-0.0441033467650413,0.7270234227180481,0.2699927091598511,-0.22468346220645105,0.37136727748118065
15489,-0.0013909847475588,0.638424277305603,0.0437982603907585,-0.049745764907499566,0.06860368871873744,-0.1535934656858444,0.8625094890594482,1.405953049659729,-0.12665957897727584,1.630072558613699,-0.0495540499687194,0.7424877285957336,0.2628557980060577,-0.253905619638251,0.3540203937150539
15499,-0.0009040902368724,0.2279221415519714,0.0360326915979385,-0.11008510422158416,0.15809210703525367,-0.0857067555189132,0.6576563715934753,1.2661609649658203,-0.10292647573809467,1.92526221847127,-0.0297311600297689,0.4539387822151184,0.257008284330368,-0.2548399104633485,0.5661738859945515
15509,-0.000752612715587,0.3970173597335815,0.0316840335726738,-0.05983035640302338,0.07980515913444029,-0.0806763917207717,0.8172780275344849,1.358135461807251,-0.07268311870203584,1.6617789981512072,-0.0267318207770586,0.627964973449707,0.2607975006103515,-0.16322613433200853,0.41530580786642946
15519,-9.8804506706e-05,0.3022232353687286,0.023273667320609,-0.014047016146488329,0.07700819988977312,-0.0746134519577026,0.5127120614051819,1.3079509735107422,-0.11126335035039679,2.5510438937716065,-0.0176586583256721,0.2698428928852081,0.2200963348150253,-0.29732669882239177,0.8156462171811021
15529,-0.0004951596492901,0.3832839429378509,0.0354763269424438,-0.036415474434940164,0.09255886555152729,-0.0585462599992752,0.5645705461502075,1.291084051132202,-0.08032050376790933,2.2868427337133896,-0.0265318676829338,0.4644991159439087,0.250742644071579,-0.22780052982070062,0.5398129629634382
15539,-0.0011678328737616,0.3381630480289459,0.0353563167154789,-0.09767592467527966,0.10455405143039899,-0.0686940103769302,0.7239313125610352,1.2729482650756836,-0.07454366752085159,1.7583826572888577,-0.0380005128681659,0.4839153289794922,0.2457330375909805,-0.3195630293188767,0.5078017224814848
15549,-0.0003324393182992,0.6168444156646729,0.0304575487971305,-0.0176946426778004,0.04937638734122503,-0.0892699658870697,0.8784523010253906,1.3049769401550293,-0.07787254109453433,1.4855410346489724,-0.0400444045662879,0.7314255833625793,0.2372317016124725,-0.23078042545194258,0.3243415420634432
15559,-0.0009617399191483,0.4462875127792358,0.0441739335656166,-0.04878393560211799,0.09898088631368011,-0.0426702871918678,0.634162187576294,1.3287676572799685,-0.05063795679538107,2.09531202476513,-0.0295256711542606,0.530317485332489,0.253007024526596,-0.22005500594389635,0.4770859561003729
15569,-0.0002527565520722,0.6321306824684143,0.0294620748609304,-0.013571636622824065,0.046607569728910496,-0.1224808245897293,0.9265936613082886,1.245857834815979,-0.10609875528278317,1.34455682877963,-0.0400852672755718,0.7737705111503601,0.231090560555458,-0.22417666454664417,0.29865516613174753
15579,0.0001621881674509,0.5948812365531921,0.033536534756422,0.008129628683522792,0.056375176582701456,-0.1541791707277298,0.9493219256401062,1.579498052597046,-0.10282366962665136,1.6638170992753867,-0.0371666401624679,0.616234302520752,0.2609891891479492,-0.231092002177146,0.42352265701593317
15589,-0.0016495963791385,0.6482247114181519,0.0329112894833087,-0.07732273605449413,0.05077142062558386,-0.1224678456783294,0.7772953510284424,1.226348042488098,-0.1284760766608812,1.577711793677284,-0.0224212687462568,0.7345336675643921,0.2513539493083954,-0.12144028124732152,0.34219527355614465
15599,-0.0006379483966156,0.5317317247390747,0.028675403445959,-0.04183920665349207,0.053928329102481645,-0.0107373753562569,0.6813681125640869,1.4788808822631836,-0.010655728231376846,2.1704580167362697,-0.033080831170082,0.6701566576957703,0.2338050007820129,-0.21112821720478867,0.34888111323987314
15609,-0.0009812348289415,0.3462485373020172,0.0381460897624492,-0.07429079079673188,0.11016967771094456,-0.1063152700662612,0.6309453248977661,1.3644026517868042,-0.12349840970720696,2.1624736691850157,-0.0392186045646667,0.5566790699958801,0.2555891573429107,-0.2756416353236655,0.459131968702905
15619,-0.0012352969497442,0.5124688744544983,0.0360706560313701,-0.06682667220820734,0.07038604260554518,-0.0330687537789344,0.8987624645233154,1.6061395406723022,-0.02290812942783171,1.7870567631283585,-0.0293542817234992,0.6983907222747803,0.2479070127010345,-0.1695446868501411,0.3549689375791794
15629,-0.0016107358969748,0.4299039840698242,0.0450747013092041,-0.0831227705334977,0.1048482986421525,-0.0603165999054908,0.5774511098861694,1.1658977270126345,-0.08959033819065342,2.0190414513922454,-0.0301321912556886,0.5152846574783325,0.2561430633068084,-0.22829736800712805,0.4970904132102538
15639,-0.0003199461207259,0.3408328592777252,0.0310846399515867,-0.03019879051915023,0.09120200445889991,-0.0590505227446556,0.419640839099884,1.28773033618927,-0.10927506485826176,3.0686487496102854,-0.0198375657200813,0.3897177278995514,0.242703691124916,-0.20973061742035623,0.6227679003288046
15649,-0.0003839817945845,0.3032720685005188,0.0229882337152957,-0.05507729678119644,0.0758006954908753,-0.1211146563291549,0.558674156665802,1.8762352466583252,-0.11554491270331257,3.3583712872200855,-0.0243737548589706,0.4288694262504577,0.2252978831529617,-0.252255265774724,0.5253297842252547
15659,-0.0001333656109636,0.4756981432437897,0.0342390611767768,-0.008188239832778877,0.07197644485912927,-0.1198052614927291,0.692898690700531,1.3980556726455688,-0.12367493326922656,2.0176913182389096,-0.0207351818680763,0.5143266320228577,0.2354023307561874,-0.17126084304092853,0.45769033936731024
15669,-0.0007068770937621,0.279979795217514,0.0346327871084213,-0.07290037693357686,0.12369745138757378,-0.0806085914373397,0.6878283619880676,1.2301982641220093,-0.09526341429999785,1.7885250625116715,-0.0330994985997676,0.3410850167274475,0.2615940570831299,-0.3709632600951909,0.7669467852707325
15679,-0.0021140943281352,0.536116898059845,0.0531674399971962,-0.07416843501592282,0.09917135645155749,-0.0816416069865226,0.8304506540298462,1.442551612854004,-0.06815007724084171,1.737070837206131,-0.0577413104474544,0.7266172766685486,0.2925655245780945,-0.2716175127253507,0.402640473839917
15689,-0.0005714941071346,0.5548869967460632,0.023557860404253,-0.04371911529898315,0.042455239611668076,-0.1102305352687835,0.7461131811141968,1.348259687423706,-0.1095780718869311,1.8070444559232997,-0.0367178879678249,0.4966171383857727,0.2454203814268112,-0.30126269897531827,0.49418427689494754
15699,-0.0009714566403999,0.5061672329902649,0.0395014658570289,-0.04858656337984019,0.07804034572460883,-0.0958079993724823,0.6332690715789795,1.5516911745071411,-0.09750080548519272,2.4502873172665574,-0.0412175022065639,0.4827080070972442,0.2717799246311188,-0.3141809098762203,0.5630317306428422
15709,-0.000481659109937,0.4028073847293854,0.0359493419528007,-0.033262233637243586,0.08924697837144233,-0.0504221394658088,0.5595187544822693,1.3555214405059814,-0.06648141122996544,2.4226559514707686,-0.0165410935878753,0.4312881529331207,0.2358529269695282,-0.1626130591046501,0.5468569571538906
15719,-0.0009607321117073,0.2996130883693695,0.0401809327304363,-0.07980342149474198,0.13410940406214955,-0.0444011315703392,0.5997039079666138,1.3571304082870483,-0.05455512784705193,2.2630007746466134,-0.029628112912178,0.489988774061203,0.2296405732631683,-0.26331114314079657,0.4686649683008546
15729,-0.0007070065476,0.272659569978714,0.0313670150935649,-0.08266648990630338,0.1150409468334952,-0.0713152959942817,0.5526628494262695,1.812938570976257,-0.07117694250465821,3.2803698907178314,-0.0355171971023082,0.4622383713722229,0.254876047372818,-0.30146969919913,0.5513952608827796
15739,-0.0003829736961051,0.4568527340888977,0.0321959480643272,-0.026037033371553442,0.07047336189972823,-0.0921977683901786,0.6244213581085205,1.331117868423462,-0.11092415944958815,2.1317622325662375,-0.035338956862688,0.3958243131637573,0.2484092563390731,-0.35940447832862926,0.6275745275816424
15749,7.61236296966e-05,0.378791868686676,0.0334021933376789,0.006016499082676518,0.08818086157310859,-0.0226128902286291,0.6407880783081055,1.323189377784729,-0.026669793036082686,2.0649406919029936,-0.017898665741086,0.4650308191776275,0.237679123878479,-0.16193766904750811,0.5111040259628317
15759,-0.0008022669353522,0.3269273936748504,0.0399692021310329,-0.061396286274057486,0.12225712162494635,-0.0641298592090606,0.6392623782157898,1.2488824129104614,-0.08032663803445439,1.9536303957009775,-0.0299726426601409,0.3809278011322021,0.2552005350589752,-0.30831935273346284,0.6699446307160111
15769,-0.0007416608859784,0.2369204312562942,0.0326632373034954,-0.09583930043531165,0.13786585281098523,-0.129258707165718,0.7324030995368958,1.4986634254455566,-0.11776209567213809,2.0462275847728844,-0.0270806793123483,0.3644584417343139,0.2487439066171646,-0.2987164156982397,0.6825027990392828
15779,7.59198446758e-05,0.6785780787467957,0.0314186587929725,0.0035609661329274967,0.04630072762002094,-0.1170485019683837,0.793055534362793,1.5909030437469482,-0.09277234766701185,2.0060424205036442,-0.0255240388214588,0.7596088647842407,0.2402485758066177,-0.13986161869324934,0.3162793207723529
15789,-0.0003524547209963,0.6657827496528625,0.026972196996212,-0.019627024777673086,0.04051200937584405,-0.0011526300804689,0.8087883591651917,1.3335975408554075,-0.0010686371587572525,1.6488832037987156,-0.0294664353132247,0.7833524346351624,0.2303617745637893,-0.16329014983075318,0.2940716903127744
15799,-0.0005495639052242,0.3120397925376892,0.0317415595054626,-0.05548555827301876,0.10172279390177054,-0.0908986553549766,0.6448435187339783,1.423948884010315,-0.09899396517499683,2.20820841435447,-0.0236862637102603,0.4753480851650238,0.2312775701284408,-0.21545237981674747,0.48654360319585493
15809,-0.0013209541793912,0.3759914338588714,0.0433269441127777,-0.08108709536249115,0.11523385963372904,-0.1251560151576995,0.7482873201370239,1.408125400543213,-0.11877964104694706,1.8817977568901763,-0.0416871979832649,0.4659908413887024,0.2722236812114715,-0.3286241086991739,0.5841824710550446
15819,-0.0004268264456186,0.3015971481800079,0.0292029287666082,-0.04846159236039744,0.09682760245855664,-0.0361374914646148,0.5389349460601807,1.2631617784500122,-0.053083882680009416,2.3438112293222124,-0.017954172566533,0.4062618911266327,0.2302016615867614,-0.1919777313767519,0.566633658274896
15829,-0.0002730882260948,0.4098379909992218,0.0383481755852699,-0.017375849855904815,0.09356910883682015,-0.1500021517276764,0.6854666471481323,1.3475580215454102,-0.16239164725621305,1.9658987452590047,-0.0358427427709102,0.4223455786705017,0.256431519985199,-0.33094961236403253,0.6071604224967092
15839,-2.41532197833e-05,0.3400796949863434,0.0316279083490371,-0.002245555840488217,0.09300146058501725,-0.08640156686306,0.4432107508182525,1.4780781269073486,-0.1318906296927146,3.334932927909649,-0.0355151742696762,0.462044358253479,0.245450422167778,-0.31316015182259493,0.5312269650809655
15849,-0.0009657477494329,0.3333972096443176,0.0350975841283798,-0.08253240873907994,0.10527257911313476,-0.0801695510745048,0.4795555472373962,1.2900092601776123,-0.1295918545016706,2.690010088735381,-0.0316844284534454,0.3505418002605438,0.2354141771793365,-0.38394892078420406,0.6715723403153703
15859,-0.0004963697283528,0.2444810569286346,0.0259938985109329,-0.07810676564898132,0.10632275088094317,-0.0438912846148014,0.5018078088760376,1.235293745994568,-0.07080609346390562,2.461686972869975,-0.0228502750396728,0.3416557610034942,0.2273948937654495,-0.29411825148043325,0.6655672747842933
15869,-0.0011273752897977,0.4463752508163452,0.0284098163247108,-0.08889963511167696,0.0636455902802721,-0.1211792677640914,0.8005743622779846,1.4000149965286257,-0.10811699292668209,1.7487632161301918,-0.0459404699504375,0.6637664437294006,0.2513949871063232,-0.2753109765414656,0.378740126864277
15879,4.84976480947e-05,0.6013050675392151,0.0365653857588768,0.0022057467828543037,0.06081004091403592,-0.1577633023262024,0.8426090478897095,1.3002129793167114,-0.14400095526984794,1.5430797741527438,-0.0394823402166366,0.6526215672492981,0.260267049074173,-0.23244610675438604,0.3988024027020123
15889,-0.0012927600182592,0.4147449731826782,0.0357240624725818,-0.08725211053830005,0.08613501014476868,-0.1284784376621246,0.7993279695510864,1.669280171394348,-0.09628885056426287,2.0883545115177675,-0.0413062237203121,0.5783191919326782,0.2714269757270813,-0.26314485325188014,0.46933765905295766
15899,-0.0003028871142305,0.4044095277786255,0.0243949741125106,-0.03070146199784729,0.06032245146772223,-0.1099067106842994,0.580463707447052,1.5375710725784302,-0.12314419364919461,2.648866850506209,-0.0230200327932834,0.3624955713748932,0.2335512191057205,-0.27190744201170836,0.644287096308224
15909,6.59217330394e-05,0.6813803315162659,0.0269041862338781,0.0035959956887352297,0.039484829528331995,-0.0290783923119306,0.7538855075836182,1.5043755769729614,-0.025639451058612362,1.9954960824155408,-0.0229466464370489,0.691084086894989,0.2271528542041778,-0.1461740005326501,0.3286906159636315
15919,1.11564577309e-05,0.507932186126709,0.0312845297157764,0.0007020870456828843,0.06159194193685562,-0.0595746226608753,0.7088627219200134,1.4423571825027466,-0.058267494077035506,2.034748249415631,-0.0346172712743282,0.4180226922035217,0.2392927557229995,-0.3460695771843463,0.5724396311157568
15929,-0.0010132773313671,0.401706337928772,0.0305897053331136,-0.08246019349024905,0.07614942171646187,-0.1239670366048812,0.8750120997428894,1.5066373348236084,-0.0940336807483026,1.7218474296141888,-0.0456539317965507,0.5602505207061768,0.2429405897855758,-0.33542531426674377,0.4336284944088181
15939,-0.0005552483489736,0.2577676177024841,0.0265967492014169,-0.08098980624784932,0.10318111110494463,-0.0564209818840026,0.5872129797935486,1.237460732460022,-0.07764501291096992,2.10734567361758,-0.0218453519046306,0.5164992809295654,0.2275324463844299,-0.18588570272426996,0.44052809904193907
15949,-0.0006743472767993,0.2769150137901306,0.024836141616106,-0.09805121453409836,0.08968867840054677,-0.0532038509845733,0.4486913383007049,1.2250750064849854,-0.09679049322018009,2.7303290746030893,-0.0254758931696414,0.3131709694862366,0.2346940338611602,-0.34661381843784345,0.7494118444189786
15959,-1.14002368718e-05,0.4474241137504577,0.023930549621582,-0.0010647356982723944,0.05348515845734861,-0.056704431772232,0.7360001802444458,1.429837942123413,-0.05388306168853346,1.9427141195108468,-0.0161123387515544,0.4923969805240631,0.2295910716056823,-0.14252406739286982,0.4662722979359585
15969,-0.000757475674618,0.3878230452537536,0.0281230825930833,-0.0694499849670728,0.07251524358146973,-0.1147826462984085,0.7167874574661255,1.534625768661499,-0.10434781256717207,2.1409774301666316,-0.0348245650529861,0.5060595870018005,0.2486175149679184,-0.2767912283649865,0.49128110869488145
15979,-0.001250188332051,0.2011261731386184,0.0393288098275661,-0.15805056296402928,0.19554297292008954,-0.0357412733137607,0.5102946758270264,1.3700627088546753,-0.05112208261326197,2.684846175661615,-0.0339281223714351,0.3786543905735016,0.2540983557701111,-0.35262652238118614,0.671056145381701
15989,-0.0015254241880029,0.5327329039573669,0.0343301929533481,-0.083407453604487,0.06444166053631904,-0.0639248192310333,0.6300923824310303,1.388461947441101,-0.07306868601121198,2.2035847221071294,-0.0397993363440036,0.6697607636451721,0.2428442239761352,-0.24469683391502095,0.3625835330431359
15999,-0.000496745982673,0.1336535662412643,0.0380162112414836,-0.0977653546280685,0.2844384352068748,-0.0988553389906883,0.4038387835025787,1.5541964769363403,-0.15750204047876926,3.8485567519208224,-0.0237423293292522,0.319648265838623,0.2458718717098236,-0.3020940174906228,0.7691950746698373
16009,-0.0013389375526458,0.4087184369564056,0.0304872076958417,-0.10745297496545556,0.07459220074061279,-0.1401972472667694,0.671690046787262,1.4868632555007937,-0.14037815966867098,2.2136151378341236,-0.0338447540998458,0.5000140070915222,0.2348193377256393,-0.28825399407958957,0.46962551927601925
16019,-0.0012089861556887,0.3130589723587036,0.0379431322216987,-0.101779893752215,0.12120122907138205,-0.0933561772108078,0.5035795569419861,1.3438389301300049,-0.1379519202677799,2.6685732405233824,-0.0343714170157909,0.3337435126304626,0.2552604079246521,-0.403460614349725,0.764840059100382
16029,-0.0004727592458948,0.4323413670063019,0.026855094358325,-0.04071801116951894,0.062115486529267405,-0.0414468422532081,0.5535060167312622,1.4058414697647097,-0.05326387418835093,2.5398847117632557,-0.022364255040884,0.504923403263092,0.2172138690948486,-0.20391134254890894,0.43019172351903956
16039,0.0001431684358976,0.4390093684196472,0.0244932696223258,0.01331455723711334,0.05579213425557877,-0.0464157499372959,0.5614398121833801,1.4798376560211182,-0.055866066234628975,2.6357903802122364,-0.0263837035745382,0.4851744174957275,0.2358660995960235,-0.23055382960883006,0.48614702484411304
16049,-0.0012844644952565,0.4049493372440338,0.0311720892786979,-0.10175493945359186,0.07697775107090181,-0.0724108293652534,0.6194248199462891,1.3803826570510864,-0.08468674178318268,2.228491033295664,-0.0385956466197967,0.4709708988666534,0.2433306574821472,-0.33678087326998507,0.5166575218717319
16059,-0.0006832701619714,0.4243781864643097,0.0387973189353942,-0.04149900540268789,0.09142156730210982,-0.1293232589960098,0.660254955291748,1.406705379486084,-0.13923929730101883,2.130548764854783,-0.0554404594004154,0.6401244401931763,0.2616229951381683,-0.3310445923440151,0.4087064619173358
16069,-0.0009447424672544,0.4157649576663971,0.0353757441043853,-0.06423326111507309,0.08508592042711356,-0.0904507786035537,0.6548251509666443,1.4635276794433594,-0.09438131354602237,2.2349900233412217,-0.0403023362159729,0.4803555607795715,0.2572270035743713,-0.32617512720114356,0.5354929235271395
16079,-0.0009114857530221,0.385093629360199,0.0354008376598358,-0.06686056037604889,0.0919278714598612,-0.1132587790489196,0.736792802810669,1.4804599285125732,-0.10383167110457821,2.0093300624884116,-0.048540286719799,0.618316650390625,0.2562901377677917,-0.3063088192379307,0.41449658133236256
16089,-0.0009731563040986,0.2106753885746002,0.0286479499191045,-0.1612409127504346,0.13598147421458417,-0.032885868102312,0.4591367244720459,1.4856969118118286,-0.04820999188487566,3.2358485667209655,-0.0338517464697361,0.4150472581386566,0.2450618892908096,-0.3328187254019144,0.5904433398496051
16099,-0.0016581795644015,0.6262384653091431,0.0373458564281463,-0.07090051594860704,0.05963520048183321,-0.1281498968601226,0.9953075647354126,1.3231185674667358,-0.09731105748974132,1.3293564867242487,-0.030592443421483,0.892553985118866,0.267701119184494,-0.12803522979252474,0.2999270897309846
16109,-0.0006458193529397,0.5862554311752319,0.0304270051419734,-0.036204701248475676,0.05190059404819187,-0.1426079273223877,0.8761455416679382,1.5912065505981443,-0.10229180792641648,1.8161440935588489,-0.0221087113022804,0.7538148760795593,0.2427738606929779,-0.12080830756326746,0.3220603206394603
16119,-0.0009471049415878,0.6444636583328247,0.0404169969260692,-0.03636098411850087,0.0627141599118633,-0.0803534835577011,0.8805510997772217,1.2650434970855713,-0.0721347759331253,1.436649726978509,-0.0404893085360527,0.7680386900901794,0.2586303055286407,-0.20383457349547124,0.3367412460670094
16129,-2.1452688088e-06,0.7323290705680847,0.0296121202409267,-9.892497289342486e-05,0.040435538381612915,-0.0040338649414479,0.7953115105628967,1.5960371494293213,-0.0031779063118686102,2.006807556827256,-0.0234445296227931,0.6475492119789124,0.2319260090589523,-0.1561058900303614,0.3581596653483458
16139,-0.00357575295493,0.3781056404113769,0.0514311827719211,-0.18387718150352828,0.13602331537811563,-0.0922901481389999,0.8265567421913147,1.2548706531524658,-0.08897821876980505,1.518190571920849,-0.0619061887264251,0.5988792777061462,0.2892099022865295,-0.3574222814773723,0.48291853308779353
16149,-0.0014244815101847,0.3777617216110229,0.0465995408594608,-0.08092025260384873,0.1233569686752006,-0.0755151212215423,0.7645196318626404,1.3018274307250977,-0.0758738049158614,1.702804449315952,-0.0406941920518875,0.455738216638565,0.2628585398197174,-0.339699486790361,0.5767752850715703
16159,-0.0004376620636321,0.323117047548294,0.0257443338632583,-0.052613521776640214,0.07967494769650145,-0.089597649872303,0.6262171864509583,1.2969934940338137,-0.11031481428008141,2.0711560175862194,-0.0241565331816673,0.3892989456653595,0.2334842979907989,-0.2657624997099322,0.5997557933062102
16169,-0.0003705926064867,0.122993491590023,0.0298963282257318,-0.10078520120397472,0.24307244098237255,-0.0998487025499343,0.4615404307842254,1.413251519203186,-0.15307815313579765,3.062031893504677,-0.0347652584314346,0.2722477316856384,0.2664093375205993,-0.4793268416181536,0.9785548473484412
16179,-0.0005332833970896,0.2238589525222778,0.0273238904774189,-0.08718485702341193,0.12205851126145917,-0.0357606522738933,0.5341036319732666,1.4124906063079834,-0.04740174528256006,2.6446002643522233,-0.0298449527472257,0.3370930552482605,0.2334210127592086,-0.3792985140144229,0.6924527489517692
16189,-0.0011307478416711,0.2252363562583923,0.0320665873587131,-0.15655773562775674,0.14236861176144294,-0.124046579003334,0.6585872173309326,1.482691764831543,-0.12703418893187565,2.251321807976281,-0.0354776158928871,0.4861089289188385,0.2397385835647583,-0.30442680799750177,0.49317872868117063
16199,-0.0019312229705974,0.2852283418178558,0.0406413935124874,-0.16659852447732817,0.14248722007590894,-0.1518647819757461,0.7608356475830078,1.361422777175903,-0.14661324503896683,1.7893782730880399,-0.0447054952383041,0.4650404155254364,0.2702588140964508,-0.35570530763279196,0.5811512399220029
16209,0.0009656988549977,0.6534125208854675,0.024207305163145,0.0610531138871828,0.037047507339376715,-0.0274785757064819,0.7073103785514832,1.127036213874817,-0.03447039948679639,1.5934111078405209,-0.0131010068580508,0.6516854166984558,0.2358056902885437,-0.08525353394385947,0.36183975311765243
16219,-0.0015244614332914,0.4886273145675659,0.0291601177304983,-0.10699153740060657,0.059677625178004914,-0.0852032005786895,0.7318193912506104,1.557835817337036,-0.07473607937568326,2.1287162323955933,-0.0336966440081596,0.693392813205719,0.2329329252243042,-0.20862984388664435,0.33593213080389484
16229,-2.74924568657e-05,0.5497545003890991,0.0328384488821029,-0.0015228675196652948,0.05973293326177569,-0.1216626912355423,0.5920509099960327,1.5410996675491333,-0.13334220708313446,2.602985049984063,-0.0297202430665493,0.4927303194999695,0.248276948928833,-0.2429442756160314,0.5038799909467483
16239,-0.0004195130313746,0.4334242939949035,0.0225122272968292,-0.0429945829340706,0.051940390995004804,-0.0750852450728416,0.7458588480949402,1.4490578174591064,-0.06947239040242921,1.9428043538804494,-0.0323828570544719,0.5329867601394653,0.2322382181882858,-0.2616164517312272,0.4357298071109995
16249,-0.0009023842867463,0.3962499797344208,0.0359652265906333,-0.06331979067503844,0.09076398341960379,-0.0195016358047723,0.7088664770126343,1.583330512046814,-0.01737540843009452,2.233608956540618,-0.0330320373177528,0.4873935878276825,0.2581336498260498,-0.2625493377450491,0.529620529019583
16259,-0.0003594013978727,0.7464618682861328,0.0358204171061515,-0.013441306856356501,0.04798693493666961,-0.0397931858897209,0.8385452032089233,1.4012906551361084,-0.03386522815821648,1.6710973359261792,-0.0179794952273368,0.8257266879081726,0.2444836050271988,-0.08906179266950584,0.29608296377891485
16269,-6.17135810898e-05,0.4168362915515899,0.0238843839615583,-0.006198708025887797,0.05729919502127189,-0.0349501706659793,0.6602368950843811,1.299302101135254,-0.04074172099165988,1.9679331930839725,-0.0171452071517705,0.4936676025390625,0.2294869720935821,-0.1513387260425866,0.46486131743965
16279,-0.0001660182169871,0.3711415827274322,0.0393786206841468,-0.011359406202189533,0.10610134384501617,-0.0699864402413368,0.6457090973854065,1.5634307861328125,-0.06932635065954378,2.4212618227982663,-0.0213642213493585,0.5481088161468506,0.2513891756534576,-0.15505069150814477,0.45864829801625523
16289,-0.0002027190785156,0.5562252998352051,0.0269424840807914,-0.013527148249993631,0.04843807732006032,-0.0856595188379287,0.6873345375061035,1.4818966388702393,-0.08409875189075688,2.1560049117378743,-0.0242820009589195,0.4744914472103119,0.2382327020168304,-0.21481010471735582,0.5020800762953204
16299,-0.0011401826050132,0.5355405211448669,0.0373398251831531,-0.057017713018541485,0.06972362259970324,-0.1075994595885276,0.6853815317153931,1.4475109577178955,-0.1084565617125481,2.111978351816721,-0.0299802292138338,0.6681823134422302,0.2418107837438583,-0.18555143116710787,0.3618934217191979
16309,-0.00237533217296,0.518110990524292,0.0480504967272281,-0.09541214611933606,0.09274170516746685,-0.055816899985075,0.6214654445648193,1.2380472421646118,-0.07254567232926179,1.9921417240367296,-0.042472019791603,0.6196135878562927,0.2651050090789795,-0.25856161274344575,0.4278553832174278
16319,-0.0008080379921011,0.6115695834159851,0.0319413430988788,-0.041364971502942376,0.05222846911461346,0.0171577781438827,0.7378766536712646,1.2863037586212158,0.018077307258236044,1.7432503823251249,-0.0304429791867733,0.6765143275260925,0.2469388097524643,-0.18223038870250602,0.3650163783751351
16329,-0.0001057470217347,0.5573647618293762,0.0364521965384483,-0.005204810638393525,0.06540097084502673,0.050943948328495,0.7432498335838318,1.3343526124954224,0.051367351055890416,1.7952948688348676,-0.0236979257315397,0.6124572157859802,0.251151829957962,-0.15406295779380547,0.4100724483026184
16339,-0.0007548197754658,0.3438439071178436,0.0296771004796028,-0.07397082620047568,0.08630980472610714,-0.0983020216226577,0.5814000964164734,1.3592060804367063,-0.12439474702216116,2.3378153681334592,-0.0356963798403739,0.4469848871231079,0.242972195148468,-0.3286811193226659,0.5435803360428805
16349,-0.000848944298923,0.3415760695934295,0.0326060838997364,-0.0762242425691321,0.09545775246651998,-0.1038537099957466,0.57051020860672,1.3785842657089231,-0.13204600858994506,2.4164059554265527,-0.0257690474390983,0.464167445898056,0.241025224328041,-0.23033566609600162,0.5192635253894492
16359,-0.0014083170099183,0.4219127595424652,0.0350702367722988,-0.09517854627776617,0.08312201036614776,-0.0593469813466072,0.6856536269187927,1.3660190105438232,-0.06336320154545061,1.9922872962584233,-0.0489628911018371,0.4987151622772217,0.256050169467926,-0.38343293495276526,0.5134196608315569
16369,-0.000520015892107,0.3908970057964325,0.027018018066883,-0.049238043156216826,0.06911799698192925,-0.0513712689280509,0.6186100244522095,1.3244024515151978,-0.06270228447474858,2.1409327349455425,-0.0268085207790136,0.3634249866008758,0.2458688020706176,-0.30002306477170543,0.6765324651181402
16379,-0.001188772264868,0.2588541805744171,0.0397350415587425,-0.11557657198843437,0.15350357282454324,-0.087845467031002,0.6976540684700012,1.6080999374389648,-0.07830079829997134,2.3050104774213214,-0.040366418659687,0.4259644448757171,0.2552688717842102,-0.3712350823560211,0.5992727206579168
16389,-0.0005537432152777,0.4932075440883636,0.0324175804853439,-0.03463363768958073,0.06572807101980567,-0.0479404367506504,0.6438393592834473,1.4676775932312012,-0.05073338029887915,2.2795710949772223,-0.0203850325196981,0.7169246077537537,0.2474392801523208,-0.1149130303952286,0.3451398898520027
16399,-0.0017954559298232,0.5120591521263123,0.0297680906951427,-0.11778870219072776,0.05813408582100619,-0.1273582279682159,0.8075845837593079,1.3904269933700562,-0.11342030148031676,1.7217106682468055,-0.0340866446495056,0.5348888635635376,0.2368035167455673,-0.2691116812432409,0.4427153617817624
16409,-0.0014674123376607,0.3348530530929565,0.0373143665492534,-0.11744156494755299,0.11143504950780542,-0.1132227927446365,0.7332153916358948,1.4970507621765137,-0.10314917604228714,2.0417612331301545,-0.0473209582269191,0.4418826699256897,0.2545554935932159,-0.42069183863476706,0.5760703257179646
16419,0.000279016647255,0.8169068098068237,0.0303093083202838,0.011268901267497803,0.037102528656176983,-0.0628132075071334,0.9400566220283508,1.4969770908355713,-0.04463564385328371,1.5924328979307212,-0.0219247229397296,0.8200440406799316,0.2467386126518249,-0.10835771008703583,0.3008845871829566
16429,-0.000826823641546,0.233059674501419,0.0261578690260648,-0.1356261362142831,0.11223678691744476,-0.0401328280568122,0.480694055557251,1.5574854612350464,-0.05360521122006886,3.240076392102479,-0.0308108776807785,0.350077748298645,0.2494599968194961,-0.3528081836987696,0.7125845559503721
16439,7.05397833371e-05,0.6633996963500977,0.0279635991901159,0.0038024698952279,0.042151962601078126,-0.0985197499394416,0.6533384919166565,1.6137810945510864,-0.09344163560358203,2.470053600878225,-0.0318705514073371,0.5122579336166382,0.2464973032474517,-0.2523996287987567,0.48119762930196897
16449,-0.0015646683750674,0.4240297377109527,0.042866688221693,-0.08608075297224742,0.10109358945695886,-0.1344810426235199,0.7775764465332031,1.4600603580474854,-0.11845329908203192,1.8777065130471897,-0.0467189103364944,0.5549248456954956,0.2670103907585144,-0.31530464775382355,0.48116495923671665
16459,-0.0009898458374664,0.62652188539505,0.0314813330769538,-0.05018549367359863,0.05024777874615411,-0.0727404877543449,0.8366557955741882,1.3858702182769775,-0.06273455518177613,1.656440110267651,-0.0230334177613258,0.7219077944755554,0.2336251437664032,-0.1365705542622619,0.3236218607891953
16469,-0.0006197170005179,0.1928640007972717,0.022960664704442,-0.13994512745521442,0.11905106504856248,-0.1009752750396728,0.4153227508068084,1.6505610942840576,-0.14729829468747083,3.9741648900226823,-0.0223628655076026,0.2697934508323669,0.2317813485860824,-0.35761651235847397,0.8591066531488829
16479,-0.0001167954615084,0.4566856026649475,0.0357094146311283,-0.007161861459152706,0.07819255615405706,-0.03103594109416,0.7772055864334106,1.6300350427627563,-0.024498080889417243,2.097302272675332,-0.01470198482275,0.6990699172019958,0.2471053302288055,-0.08510856006653925,0.3534772762327356
16489,-0.0010913055157288,0.3409595489501953,0.0308929830789566,-0.10360569916959514,0.09060600641359132,-0.1082462668418884,0.7054266929626465,1.4213532209396362,-0.107959041576504,2.0148843744064266,-0.0336766690015792,0.5027305483818054,0.2291991114616394,-0.2922677679118478,0.4559084626931624
16499,-0.0017806034302338,0.5823063254356384,0.0274912361055612,-0.11122987014159791,0.04721095221659201,-0.0991454198956489,0.7399994730949402,1.3345739841461182,-0.10039188096460744,1.8034796410927922,-0.0234352201223373,0.590671718120575,0.2454971075057983,-0.16161307015501314,0.41562360271274157
16509,-0.0002762214280664,0.6996731758117676,0.0394545160233974,-0.010006113427819017,0.05638992230568492,-0.0621100477874279,0.7378941774368286,1.4767776727676392,-0.05699708724965438,2.0013407314005627,-0.0233449861407279,0.8137302398681641,0.257557600736618,-0.11138809949836988,0.3165147221004666
16519,-0.0006380227860063,0.3734303116798401,0.0335980579257011,-0.05085251628059458,0.08997142672902875,-0.0716127231717109,0.8007856607437134,1.4410860538482666,-0.06205602959115863,1.7995902330592275,-0.0439904183149337,0.6278871893882751,0.2569892406463623,-0.2726223947117639,0.4092920591304569
16529,-0.0021794831845909,0.3888857960700989,0.0479386486113071,-0.1169083832351651,0.12327179109073423,-0.0960316807031631,0.7493000030517578,1.3997840881347656,-0.09155830476763757,1.868122357445227,-0.0516216158866882,0.4695694148540497,0.2778770923614502,-0.3956207367919807,0.5917699994319673
16539,-0.001166770234704,0.4853997528553009,0.0242208484560251,-0.09924221255758281,0.04989876552995569,-0.0681431144475936,0.7743772268295288,1.4040025472640991,-0.06267603444717515,1.8130731362186299,-0.0292631424963474,0.4925198853015899,0.2333244234323501,-0.25464607768515785,0.4737360467983462
16549,-0.0008458227384835,0.4738472402095794,0.0303418412804603,-0.05883002981331214,0.0640329597932032,-0.0825003981590271,0.7883080244064331,1.4587727785110474,-0.07174182934997636,1.850511136949861,-0.0372388623654842,0.6912444233894348,0.2611720561981201,-0.20627094395832657,0.37782880752584447
16559,-0.0015538504812866,0.4191912412643432,0.0387529283761978,-0.09565165774416613,0.09244689430846216,-0.0790717974305152,0.5178067684173584,1.3889400959014893,-0.10994370618972976,2.6823521448873513,-0.033855602145195,0.460832267999649,0.2606469094753265,-0.28186106032025054,0.5656003877652184
16569,0.0003406785544939,0.310933768749237,0.027158498764038,0.04034327449276038,0.08734496376281627,-0.078582115471363,0.4391690790653229,1.5061228275299072,-0.11880413875149301,3.429482855977398,-0.0254305060952901,0.3105156123638153,0.2452637702226638,-0.3339167173609884,0.7898597057828473
16579,-0.0007430852856487,0.3634422123432159,0.028775418177247,-0.07105287419226788,0.07917467261638005,-0.1015821993350982,0.5074246525764465,1.4038763046264648,-0.14259923790961554,2.7666694897425437,-0.0209124069660902,0.3779891729354858,0.2402242422103881,-0.23030736669573418,0.6355320718442614
16589,-0.0007364074117504,0.5036759972572327,0.0289791002869606,-0.05045241949674026,0.05753520208381235,-0.0741116777062416,0.7971441745758057,1.3064912557601929,-0.07116119961484611,1.6389648164404294,-0.0300218351185321,0.5922263860702515,0.2444722652435302,-0.20735756569520042,0.4128020483277323
16599,-0.0012752072652801,0.5655357241630554,0.0381491929292678,-0.05910651858010818,0.06745673402988882,-0.0886884108185768,0.7871658802032471,1.4710030555725098,-0.07659263960642654,1.868733252504155,-0.0368659980595111,0.5422695279121399,0.2421773821115493,-0.28072249497581825,0.44659965136522956
16609,-0.0006492589600384,0.3258579671382904,0.0330694988369941,-0.06025068580469915,0.10148439557090769,-0.0711072385311126,0.6785418391227722,1.291239857673645,-0.08115779857460227,1.9029627699052085,-0.0243400149047374,0.356611043214798,0.2437318414449691,-0.2800359462489337,0.683466892241365
16619,0.0004126002313569,0.3520070314407348,0.0293423421680927,0.039946924728548376,0.08335726149559283,-0.1335732042789459,0.5959917902946472,1.2709839344024658,-0.17633519642887144,2.1325527550876417,-0.0210673436522483,0.3184889554977417,0.2510253489017486,-0.26351043846283695,0.7881759934483146
16629,-0.0001471639261581,0.5532886981964111,0.0365303792059421,-0.007281073014423104,0.06602408349388375,-0.0315090864896774,0.688920795917511,1.146519660949707,-0.03989192658083822,1.664225652272206,-0.0272272769361734,0.5220472812652588,0.2455979138612747,-0.21235852335688096,0.4704514757093109
16639,-0.0013067310210317,0.6219094395637512,0.0317535735666751,-0.06617080898498948,0.051058195207567804,-0.1188834905624389,0.8747966289520264,1.4159201383590698,-0.095978882381937,1.618570638589782,-0.0288874581456184,0.7758597731590271,0.2344005852937698,-0.158842751859569,0.302117203910925
16649,-0.0004833093844354,0.4844319820404053,0.0347194485366344,-0.028735555828284055,0.07167043016110884,-0.0691987127065658,0.7494709491729736,1.425213098526001,-0.06478335072219535,1.9016255401209285,-0.0394997224211692,0.5834780931472778,0.2378757148981094,-0.28458983391978576,0.40768576865501327
16659,-1.52924603753e-05,0.3190519511699676,0.0371714644134044,-0.0012894552893480996,0.11650599307447006,-0.0439494997262954,0.5611727237701416,1.3240348100662231,-0.05915043992551838,2.359406924076646,-0.0256458930671215,0.4048095643520355,0.2552659511566162,-0.24818422421988492,0.6305828064245751
16669,-0.000215435604332,0.599070131778717,0.0300571955740451,-0.01196441186666488,0.050173083216152645,-0.0362887158989906,0.932378113269806,1.273385763168335,-0.03056465797830672,1.365739655452262,-0.0288946330547332,0.7490575909614563,0.2351005971431732,-0.1640772021475798,0.3138618445097242
16679,-0.0015281087253242,0.5270386934280396,0.0406603626906871,-0.07130836953666853,0.07714872398878007,-0.0886347144842147,0.7815021276473999,1.4449443817138672,-0.07849148661586944,1.848932114956187,-0.0339089408516883,0.5986886024475098,0.2583711445331573,-0.21921447380426679,0.43156182275210436
16689,-0.0029236795380711,0.4312120676040649,0.0397591516375541,-0.17053037732240023,0.09220324435368214,-0.1080338805913925,0.8957423567771912,1.3788896799087524,-0.08746762694726685,1.5393820214887308,-0.0496742762625217,0.718323826789856,0.2474415898323059,-0.27947217748305986,0.34447080913089967
16699,-0.0002627386711537,0.5778385400772095,0.0320265777409076,-0.014197339269423537,0.05542478654440094,-0.0710857510566711,0.6768581867218018,1.530367732048035,-0.06862606072037726,2.2609872526769594,-0.0305265001952648,0.5199625492095947,0.2410953789949417,-0.24350958770521755,0.46367835406883734
16709,-0.0006169871194288,0.6299638748168945,0.039521999657154,-0.02478115487272856,0.06273693022261233,-0.0259986836463212,0.6728811264038086,1.3172770738601685,-0.02933160846823512,1.9576668480810469,-0.0311012826859951,0.5015946626663208,0.2563316822052002,-0.24189289174624753,0.5110335122838447
16719,-9.16181088541e-05,0.4574745595455169,0.0326183140277862,-0.006139780791376268,0.07130082612723038,-0.0785274729132652,0.8085053563117981,1.3866695165634155,-0.07004316333925982,1.7151024489052982,-0.0470275841653347,0.4936000108718872,0.2563890516757965,-0.37160199145928724,0.519426754515088
16729,-0.0008480408578179,0.439418226480484,0.0409818328917026,-0.04709202128600061,0.09326384392369473,-0.0587225556373596,0.517058253288269,1.2059441804885864,-0.09417557211791293,2.332317824576434,-0.0303599964827299,0.5139292478561401,0.2517023384571075,-0.23469894224170942,0.4897606810802961
16739,-0.0003101337933912,0.598807156085968,0.0304115209728479,-0.017030365486273076,0.05078683623560747,-0.1087507754564285,0.7327420115470886,1.3472349643707275,-0.11016355052416063,1.8386211560685837,-0.0264901705086231,0.6322596669197083,0.2375584989786148,-0.17636755854178532,0.3757293267431888
16749,-0.0012017809785902,0.4199916124343872,0.0320707820355892,-0.08922265828366407,0.07636052979653117,-0.0615691319108009,0.6267663836479187,1.232252836227417,-0.07971820453702107,1.9660480657169797,-0.0323588475584983,0.5720363855361938,0.2419540286064148,-0.23379570822530688,0.42296964795276276
16759,-0.000237486383412,0.5734976530075073,0.0294718611985445,-0.0140507499726913,0.05138968057495904,-0.092794269323349,0.7718392014503479,1.2261120080947876,-0.09805374335089093,1.5885588679492109,-0.0254422724246978,0.6039637923240662,0.2355599254369735,-0.17883132195584941,0.39002325707396074
16769,-0.0003392917860765,0.4538635909557342,0.035442728549242,-0.02109215005929668,0.07809114733042943,-0.0743137300014495,0.6531163454055786,1.344121336936951,-0.08465254749238232,2.058012092933098,-0.0375825986266136,0.5074290037155151,0.2607646882534027,-0.2840290349551562,0.5138939365783627
16779,-0.0014568758197128,0.5406848192214966,0.0242062788456678,-0.11131413793044023,0.044769666143985955,-0.1164132058620452,0.7046492099761963,1.3027164936065674,-0.12681755275036116,1.8487447018504064,-0.0304114557802677,0.6610162854194641,0.2270925790071487,-0.20259191439205496,0.3435506567936394
16789,-0.0007141798269003,0.3948122262954712,0.0297179780900478,-0.06086921870995763,0.07527116971247831,-0.0488710850477218,0.8350430130958557,1.249664545059204,-0.0468327528419331,1.4965271554409778,-0.0422240942716598,0.671119749546051,0.2358923703432083,-0.2667143783736183,0.3514907294901799
16799,-0.0002159916184609,0.4904660582542419,0.0275041721761226,-0.016011402032592405,0.056077625991124785,-0.054400235414505,0.6271411776542664,1.3206965923309326,-0.06567988816594636,2.1058999781688916,-0.0110329408198595,0.5827252864837646,0.2368685603141784,-0.079931875669809,0.4064840943207942
16809,-0.0010078629711642,0.4289505779743194,0.0339129045605659,-0.06928340837740961,0.07906016753891916,-0.1384956389665603,0.7119852900505066,1.527855396270752,-0.127315952894987,2.145908655166695,-0.0394672937691211,0.5680670142173767,0.2535352110862732,-0.2740308724913922,0.44631215110345296
16819,-0.0020371852442622,0.3946936130523681,0.0315958820283412,-0.1633578239124571,0.08005166788485389,-0.1095397472381591,0.6081166863441467,1.3762363195419312,-0.130885579205696,2.263112245473048,-0.0480968058109283,0.5588297843933105,0.2441941350698471,-0.35245320248944034,0.43697408744051586
16829,-0.0004636091180145,0.3901580274105072,0.0291976127773523,-0.04069715754535997,0.07483535061712789,-0.1163135468959808,0.7204942107200623,1.4245319366455078,-0.11332549213326261,1.9771594489591109,-0.0318857058882713,0.4729928970336914,0.2229902744293213,-0.3023120755083894,0.4714452919436497
16839,-0.0009006513282656,0.2722344398498535,0.0391061231493949,-0.08459970802311972,0.14364869915416745,-0.1015120670199394,0.4548283517360687,1.4609979391098022,-0.15276383034127303,3.212196279174789,-0.031310349702835,0.3543923795223236,0.2572226822376251,-0.34347432674631095,0.7258132428928888
16849,-0.0033525836188346,0.3925991058349609,0.0480435080826282,-0.1777442666483095,0.1223729432099739,-0.0990719124674797,0.8931270241737366,1.385035276412964,-0.08008966577900976,1.5507707626407445,-0.0669290721416473,0.7791436314582825,0.2786135971546173,-0.30831522526921995,0.35758951996200083
16859,-0.0008333408040925,0.2704423069953918,0.0273005571216344,-0.11286947515494897,0.10094780445020975,-0.08918147534132,0.6269506216049194,1.3045283555984497,-0.10904048935532533,2.0807513552805985,-0.0366700291633605,0.4700412452220917,0.2292278707027435,-0.34033598175794955,0.48767607743536356
16869,-0.0007376734283752,0.3992441296577453,0.0301537811756134,-0.061275070849691686,0.07552717481773102,-0.0798482224345207,0.7208367586135864,1.4125348329544067,-0.07842041947198711,1.9595765838456827,-0.0317420437932014,0.6287216544151306,0.2274271994829177,-0.2219903338807699,0.36172954738529284
16879,9.75653674686e-05,0.5900178551673889,0.0299162808805704,0.0055274258848625095,0.0507040263588008,-0.0907398238778114,0.8010528087615967,1.6170470714569092,-0.07005096498098788,2.01865227082446,-0.0330619178712368,0.6095977425575256,0.2554057538509369,-0.21235085585944863,0.4189742448510382
16889,0.000289802235784,0.4497227668762207,0.0270379409193992,0.02383324859593474,0.06012135233269384,-0.0848723649978637,0.6304022669792175,1.518517017364502,-0.0886602342944038,2.408806403316064,-0.0080204317346215,0.5496776700019836,0.2221264243125915,-0.06568851234741296,0.40410305245215783
16899,-0.0012723952531814,0.2241323292255401,0.0316822566092014,-0.17918490824084685,0.14135513925490037,-0.0893731266260147,0.5156031847000122,1.3079575300216677,-0.13252497100832336,2.536752232790537,-0.0342415980994701,0.3544515669345855,0.2501807510852813,-0.3861386136072152,0.7058249262344282
16909,-0.0005364884855225,0.5450085997581482,0.0289956722408533,-0.03394875626170982,0.05320222883404107,-0.0737302079796791,0.8235353827476501,1.3344932794570925,-0.06708830273772916,1.6204443760566525,-0.0352519303560256,0.524402379989624,0.2441281974315643,-0.27535965253013744,0.46553602109203757
16919,-0.0014060778776183,0.4754257798194885,0.0326322130858898,-0.0906316986199668,0.06863787045431093,-0.0827328264713287,0.9131186008453368,1.5108765363693235,-0.05996829416872498,1.6546334013682351,-0.0516424477100372,0.5830110311508179,0.2549688518047333,-0.3474104822824858,0.4373310935497135
16929,-6.4193791331e-06,0.4163687527179718,0.0298425573855638,-0.0005166290930105251,0.07167338372718308,-0.088443823158741,0.5311645269393921,1.4587243795394895,-0.11414718417210713,2.7462759758163133,-0.0350486598908901,0.4530255496501922,0.2430827021598816,-0.318269238995598,0.5365761431062335
16939,-0.0001635172520764,0.3200567066669464,0.0308885015547275,-0.01654016385159433,0.09650946507698188,-0.0810263603925705,0.5069388747215271,1.4564231634140017,-0.10974459936792831,2.8729758873080065,-0.0266907066106796,0.3239770829677582,0.248513638973236,-0.3315091744540868,0.76707166042966
16949,-0.0011787404073402,0.4949184954166412,0.0322179310023784,-0.07392423524168641,0.06509744796515661,-0.0247802454978227,0.7709966897964478,1.388759970664978,-0.023143332834024446,1.8012528316193253,-0.0350360237061977,0.5568147897720337,0.254271537065506,-0.2474607363880199,0.45665370556986756
16959,-0.0011248254450038,0.3497476279735565,0.0334224849939346,-0.09622581926907613,0.09556172028266502,-0.0995843335986137,0.6209877133369446,1.494379997253418,-0.10731167365810515,2.4064566257248563,-0.0323482528328895,0.449743390083313,0.2479492127895355,-0.29008368644158283,0.5513126335077521
16969,-0.0005586199695244,0.4753604531288147,0.0339635834097862,-0.034600303085579084,0.07144806259384526,-0.0997042655944824,0.6020451188087463,1.4035608768463137,-0.11799223978174159,2.331321744827878,-0.0220673736184835,0.5309909582138062,0.2479377090930938,-0.16761810947354658,0.46693395670451404
16979,-0.0011957249371334,0.4777382016181946,0.0308369975537061,-0.08116508166368037,0.06454789976864952,-0.1035702973604202,0.7579115033149719,1.280429124832153,-0.10672377543758958,1.6894177212402515,-0.0293700993061065,0.68500155210495,0.2381371259689331,-0.18004735740541508,0.3476446516612386
16989,-0.0003918173606507,0.3707681596279144,0.030056532472372,-0.035159473867685614,0.08106557073977262,-0.0393428318202495,0.5403620600700378,1.5192251205444336,-0.04792461523074781,2.811494797298542,-0.0307880938053131,0.4504202008247375,0.2418867200613021,-0.2825874793671611,0.5370245819756703
16999,-0.0008862293907441,0.4188068509101867,0.0312503837049007,-0.06771377362782077,0.07461765163818286,-0.1302270293235778,0.7727147340774536,1.4669944047927856,-0.11488239552981462,1.8984941532714974,-0.0409055389463901,0.6433311700820923,0.2293257415294647,-0.2772647879654647,0.35646608184739687
17009,-0.0008650795789435,0.3921469151973724,0.0264967642724514,-0.08325578405681376,0.06756846285304897,-0.0645555406808853,0.5311139822006226,1.455801486968994,-0.08349176256028633,2.741034007308587,-0.0228674747049808,0.4473934471607208,0.2450402677059173,-0.20858886946504485,0.5477064299019325
17019,-0.0005337803158909,0.5743286609649658,0.0431930124759674,-0.021517339390325952,0.07520608914658045,-0.1327235400676727,0.743252158164978,1.5310741662979126,-0.1166314162355896,2.0599659879602576,-0.0458253286778926,0.6716381907463074,0.275061160326004,-0.24805097294034614,0.4095377006783414
17029,-0.0002137611154466,0.5410974621772766,0.031367965042591,-0.012594092092569072,0.057971007508281554,-0.0882981494069099,0.6669701337814331,1.8349902629852295,-0.0721458659192801,2.751233031352732,-0.0269731562584638,0.6588326692581177,0.2454136312007904,-0.1668237812245073,0.37249766541956675
17039,0.0002116997202392,0.65290367603302,0.028238670900464,0.011482247879554411,0.0432508989259173,-0.1251626908779144,0.8162320852279663,1.4556580781936646,-0.10534207148019857,1.7833874758636967,-0.0221905428916215,0.6221005916595459,0.2427115440368652,-0.1469660019783297,0.3901483896509342
17049,-0.0020598331466317,0.2984578311443329,0.0421196967363357,-0.16385655817128664,0.14112444821716472,-0.0998482182621955,0.7541189193725586,1.348773956298828,-0.09816604893122886,1.7885427903347575,-0.0363294892013073,0.4331220090389251,0.2733619213104248,-0.30683932629495786,0.6311429934419645
17059,-0.0010035193990916,0.1079237982630729,0.0413609221577644,-0.22481140397846308,0.38324190608028674,-0.042911909520626,0.3667516410350799,1.4311254024505615,-0.08175759057781755,3.9021649594027963,-0.0204389207065105,0.3514210283756256,0.256200760602951,-0.22701251428808913,0.7290422027025203
17069,-6.81651363265e-05,0.479155421257019,0.031535193324089,-0.00451118257079225,0.06581412194264526,-0.0683721974492073,0.6569743752479553,1.3032418489456177,-0.07985573111837452,1.9837027105566303,-0.0173167400062084,0.5152278542518616,0.231304720044136,-0.14530558508753044,0.44893675319631704
17079,-0.0014749665278941,0.3631757497787475,0.0341171100735664,-0.11904004607510536,0.0939410467090688,-0.0515326857566833,0.5880189538002014,1.4584590196609497,-0.060089310639503964,2.4802925317888795,-0.0235085319727659,0.5250200629234314,0.2307585328817367,-0.19404025690167281,0.4395232662097151
17089,-0.0009772609919309,0.2694669663906097,0.0408216454088687,-0.08884122224950933,0.1514903513245297,-0.0604689456522464,0.6750406622886658,1.8500603437423704,-0.04841908387518361,2.74066504004352,-0.0319400206208229,0.3705267608165741,0.2499642074108123,-0.3448559998134767,0.6746184995111725
17099,5.86194910283e-05,0.3798260390758514,0.0366783738136291,0.004207723914794244,0.09656624359633337,-0.0801576003432273,0.5992911458015442,1.423952341079712,-0.0939315290818604,2.376061036535412,-0.0400954335927963,0.4972012639045715,0.2559693455696106,-0.3150465529919576,0.5148203839215082
17109,-0.0010169666493311,0.2834489345550537,0.0324399210512638,-0.1105992274333298,0.11444714407618654,-0.127608373761177,0.5636049509048462,1.483230710029602,-0.15264959828117006,2.6316850262729807,-0.0205577574670314,0.3368399143218994,0.2204885333776474,-0.27680006082074887,0.6545795910841451
17119,-0.0006865699542686,0.3035153150558471,0.0301155634224414,-0.07511266849058845,0.09922254966573962,-0.0662605315446853,0.6895018219947815,1.2591723203659058,-0.07631929133781386,1.82620593622657,-0.0390354543924331,0.4519157409667969,0.2402919977903366,-0.35946984317317343,0.53171858381448
17129,-0.001681926776655,0.380438357591629,0.0313959009945392,-0.1408152970684289,0.08252559282742004,-0.1207334175705909,0.6727182269096375,1.395033597946167,-0.12864995309400631,2.0737264758749494,-0.0479329116642475,0.5587213039398193,0.2358149737119674,-0.3638037750371024,0.42206189749544143
17139,0.0005831533926539,0.5521466135978699,0.0307418666779994,0.03435564914664337,0.05567699940724222,-0.0339340381324291,0.5166216492652893,1.3268146514892578,-0.04950541247739006,2.5682521306959942,-0.0281047970056533,0.4592408239841461,0.241820141673088,-0.2530739793831136,0.5265649938852912
17149,-0.001727269613184,0.408657819032669,0.0318081192672252,-0.13288082897109554,0.07783558220546954,-0.0317546837031841,0.8626137375831604,1.2487623691558838,-0.02947892335982262,1.447649526953536,-0.046502511948347,0.6703155040740967,0.2367626428604126,-0.293011030178948,0.3532107513870675
17159,-0.0011762904468923,0.4904883205890655,0.0381293706595897,-0.06289646862864076,0.07773757102676201,-0.0837503373622894,0.8408814072608948,1.3316988945007324,-0.07479038623351841,1.583694065538489,-0.0368966571986675,0.7157798409461975,0.250212550163269,-0.20601482285756684,0.34956635525318813
17169,-0.0003905800112988,0.3017570376396179,0.0253205597400665,-0.05111864153326051,0.08391041991307693,-0.1066419258713722,0.7030031681060791,1.4984939098358154,-0.1012315100280569,2.131560678272365,-0.0348479300737381,0.5774285197257996,0.2354775667190551,-0.2562885576241995,0.4078038383536634
17179,-0.0008046374423429,0.4991393685340881,0.0301956441253423,-0.053386827560096654,0.06049541676911451,-0.0997923389077186,0.8366762399673462,1.4136725664138794,-0.08437056072139551,1.689629152692387,-0.0293642375618219,0.5884978175163269,0.2327725291252136,-0.21435920961301555,0.395536775493234
17189,0.0001224586158059,0.3699072003364563,0.0265828892588615,0.012453584705167746,0.07186367076575562,-0.0292731747031211,0.5512084364891052,1.1812955141067505,-0.04495680238369524,2.1431012950943815,-0.0142604950815439,0.4829826056957245,0.2138061821460724,-0.13809655810088048,0.4426788452103568
17199,-0.0005096030654385,0.3685784041881561,0.0277878083288669,-0.04975627412140743,0.07539185153854393,-0.0589646883308887,0.6582595705986023,1.3528456687927246,-0.06621350375584313,2.0551857188532567,-0.0249941609799861,0.4117586612701416,0.2350005358457565,-0.2583015229963886,0.5707239651519563
17209,5.7370205468e-05,0.5057560801506042,0.0283784084022045,0.003997212697226886,0.056110859594122854,-0.091021254658699,0.7772275805473328,1.3923269510269165,-0.0841111138800541,1.791401882633171,-0.0318729504942894,0.5767042636871338,0.2419871389865875,-0.22838986142813583,0.41960351990369066
17219,0.0010501840151846,0.4727902412414551,0.0422098226845264,0.05262394134372524,0.08927811744525782,-0.0228140298277139,0.5430795550346375,1.4077997207641602,-0.029839921534146975,2.5922532117313293,-0.0268454141914844,0.4826886653900146,0.2491995096206665,-0.22318028347449012,0.5162737961110236
17229,-0.0007445053197443,0.5718942880630493,0.024386366829276,-0.05338324184619476,0.04264138904389178,-0.0997625365853309,0.6796870827674866,1.2406679391860962,-0.11830494750896985,1.8253516517254675,-0.0339627489447593,0.6400113701820374,0.2241676598787307,-0.23672394355084445,0.35025574594865566
17239,-0.0019439124735072,0.3505675196647644,0.042811993509531,-0.12952081832710166,0.12212196255508961,-0.1249779984354972,0.8142601847648621,1.4444562196731567,-0.10625906309349531,1.7739492200398814,-0.0591376759111881,0.5014537572860718,0.2634584307670593,-0.4476321411645733,0.52538928453329
17249,-0.0005463707493618,0.3585522472858429,0.0314441695809364,-0.0484612779069271,0.08769759447601136,-0.0703511759638786,0.6362190246582031,1.3717608451843262,-0.08060951485366298,2.156114155689197,-0.0228291973471641,0.456005334854126,0.2279888689517974,-0.2195872272008357,0.49996974053983384
17259,0.0007451266865245,0.5360752940177917,0.044379711151123,0.031319863029901536,0.08278633924444592,-0.0526986122131347,0.5004903674125671,1.2685487270355225,-0.08300348006330784,2.5346116721359895,-0.0266345031559467,0.5505735874176025,0.2675052881240845,-0.18084098125647516,0.48586654761043846
17269,-0.0008283321512863,0.4364705383777618,0.0315232835710048,-0.060203000314124316,0.07222316467949469,-0.0453822091221809,0.5488611459732056,1.4303181171417236,-0.0578083408602027,2.6059744393193927,-0.0200794357806444,0.4240493178367615,0.2353224456310272,-0.20122029581457934,0.5549412196475104
17279,-0.0002041628904407,0.4996888935565948,0.0220744237303733,-0.01850920366557001,0.04417633454539279,-0.0097168339416384,0.7286940813064575,1.2848402261734009,-0.01037840020302946,1.7632093619723694,-0.0265861097723245,0.6711706519126892,0.2213547229766845,-0.17895055217841307,0.32980393636979216
17289,-0.0002464435237925,0.4428297281265259,0.0342379882931709,-0.01625445462718001,0.0773163726790004,-0.1047985628247261,0.7348765730857849,1.397769808769226,-0.10202468636750815,1.9020470375044316,-0.0491256490349769,0.4778295755386352,0.2580868899822235,-0.3983541351577726,0.5401233058696588
17299,-0.0004361974133644,0.341473639011383,0.0371216163039207,-0.03441113723791733,0.10871004980470322,-0.1190428212285041,0.6052843332290649,1.4034565687179563,-0.14013441348811387,2.3186732113663178,-0.0304056070744991,0.4977810680866241,0.2615837454795837,-0.23350949776314284,0.5254995865653588
17309,-0.0013700273120775,0.4275809526443481,0.0407608784735202,-0.07860810723520911,0.095329032365537,-0.1316865235567093,0.7874927520751953,1.3258947134017944,-0.12612051294289064,1.6836913227554235,-0.0572052076458931,0.6139270067214966,0.2593564391136169,-0.35927069415312607,0.42245484605513045
17319,-0.0007632102351635,0.5714680552482605,0.0301076769828796,-0.044358308743063735,0.05268479437542672,-0.0364190675318241,0.682384729385376,1.3892979621887207,-0.03841529068515088,2.0359452701118643,-0.0247128792107105,0.6003977060317993,0.231690913438797,-0.17765413503066316,0.38589573396292387
17329,-0.0009065774502232,0.3766363561153412,0.0328242816030979,-0.07333097225749752,0.08715112354433938,-0.0951413884758949,0.7008220553398132,1.4316177368164062,-0.09482757701886398,2.0427692392218537,-0.0304707176983356,0.4376691877841949,0.2395228147506714,-0.290663048323261,0.5472690823023504
17339,-0.0006626805989071,0.4750269949436188,0.0254528578370809,-0.05480868895849114,0.05358191872885438,-0.0728237181901931,0.8132842183113098,1.5180660486221311,-0.05898476272470272,1.866587368157984,-0.03591800481081,0.6359761357307434,0.2344912886619568,-0.2408489023502663,0.3687108296799907
17349,-0.0008510031620971,0.3352188467979431,0.0329326391220092,-0.07708612429666775,0.09824220635738812,-0.081050157546997,0.5979499816894531,1.4800523519515991,-0.09158238073312647,2.475210966258158,-0.0285463519394397,0.4402459263801574,0.2354988306760788,-0.27533822896046034,0.5349256326172632
17359,-0.0001324629265582,0.6502384543418884,0.0362039841711521,-0.005626849896396889,0.05567801155007734,-0.039295271039009,0.7897406220436096,1.456284523010254,-0.034167214740220074,1.8440035656793625,-0.03645621240139,0.62242192029953,0.2368176877498626,-0.247327569867252,0.38047774351503894
17369,0.0001633234933251,0.2758516371250152,0.0357812419533729,0.016546939691300052,0.12971190719146228,-0.0426401570439338,0.414556473493576,1.2697956562042236,-0.08100302865705951,3.0630221390666583,-0.0189837608486413,0.2345884889364242,0.2452419549226761,-0.32997480957239056,1.0454134217520754
17379,-0.0004670488997362,0.5168974995613098,0.0385269224643707,-0.023452740764463527,0.07453493680481807,-0.0320822410285472,0.6834479570388794,1.3505405187606812,-0.03475774792567509,1.9760692893312033,-0.0392338559031486,0.4953619241714477,0.2544353306293487,-0.31128697863553506,0.5136352194507527
17389,-0.0008737428579479,0.2037828117609024,0.0350513271987438,-0.12232398521956546,0.17200335443339249,-0.0744229406118393,0.637471079826355,1.3197643756866455,-0.0884606116135122,2.070312548211826,-0.0362289138138294,0.4109312891960144,0.2399989664554596,-0.36734719794302456,0.5840367301429314
17399,-0.0002572775701992,0.5014665722846985,0.0230681598186492,-0.02224062490292308,0.04600139090737373,-0.1267669796943664,0.7506626844406128,1.3929247856140137,-0.12123657234068308,1.8555934835791243,-0.0225995611399412,0.5437846183776855,0.2263922244310379,-0.183574172889648,0.4163270103270873
17409,6.04382366873e-05,0.4981808662414551,0.0306555684655904,0.003957449373049454,0.061535017787560826,-0.0828951746225357,0.6926258206367493,1.216737151145935,-0.09836346166104484,1.7567019809156932,-0.0226780381053686,0.6087062358856201,0.237024500966072,-0.15718260746722068,0.38939062390451745
17419,-0.001372045604512,0.2341811507940292,0.0327501446008682,-0.17889713650019692,0.13984961851038616,-0.1021673381328582,0.5573523044586182,1.455830454826355,-0.1259132625324435,2.612047071807606,-0.0405493825674057,0.410229355096817,0.2411030828952789,-0.409972520424047,0.587727523395728
17429,-0.0003917493158951,0.2741397321224212,0.0285546239465475,-0.050044899060989384,0.10416083697709315,-0.1495163142681121,0.5004359483718872,1.4937951564788818,-0.20000876880142232,2.984987711891559,-0.0354526042938232,0.4704712927341461,0.2388402074575424,-0.31550596523239427,0.5076615962464393
17439,-0.0004920536302961,0.4419157803058624,0.0322153382003307,-0.034562904816672325,0.07289927093808135,-0.0918611288070678,0.7396571636199951,1.4245784282684326,-0.0871796149055406,1.9259982845245873,-0.0233082976192235,0.5681735873222351,0.2372764497995376,-0.17289199210192976,0.4176126013139857
17449,0.0004798845329787,0.7639179825782776,0.0218346137553453,0.028770307604553097,0.028582405773001866,-0.0328713208436965,0.8123424053192139,1.1744842529296875,-0.034453300536705665,1.4457995116827222,-0.0122703500092029,0.7486757040023804,0.2254691570997238,-0.07269023454306915,0.3011573046839609
17459,0.0003208840207662,0.5895677804946899,0.02626115642488,0.02072528458453985,0.04454306577412523,-0.02740821801126,0.5955056548118591,1.3798075914382937,-0.03335618549290135,2.3170352460787678,-0.0153695428743958,0.5052976012229919,0.2387435585260391,-0.12740370312099186,0.47248108431189567
17469,-0.0014631054364144,0.3258134722709656,0.0381112582981586,-0.11782930006555425,0.11697262864091465,-0.0580254793167114,0.6729857325553894,1.3702436685562134,-0.0629238193286698,2.036066445797106,-0.0381104052066803,0.411560982465744,0.2502381801605224,-0.37004607159649155,0.608022117794781
17479,-0.001288175350055,0.2247172147035598,0.0384565815329551,-0.14906235033135437,0.1711332244113379,-0.1019867360591888,0.6538489460945129,1.4339706897735596,-0.10877422319515848,2.193122277459909,-0.035304769873619,0.3657114803791046,0.2597183585166931,-0.3716996410879053,0.7101728341901198
17489,-0.0006365644512698,0.1569897383451461,0.0347394309937953,-0.11672084300948732,0.22128472446663833,-0.0520676746964454,0.3806478679180145,1.549929141998291,-0.08825370308864593,4.071818792722414,-0.0196728389710187,0.2665430605411529,0.2484191656112671,-0.297108145280722,0.932003876247652
17499,-0.0007973932661116,0.3695640563964844,0.0362277217209339,-0.059558234494170324,0.09802826084922941,-0.0906141996383667,0.6872575283050537,1.473060965538025,-0.08950680018432675,2.1433900755819377,-0.0312842167913913,0.4182137548923492,0.2431181967258453,-0.30768725582731893,0.5813252048307819
17509,-0.0020167843904346,0.4959949851036072,0.0429274514317512,-0.09472117577826325,0.08654815617295847,-0.1163209378719329,0.694246768951416,1.349113941192627,-0.1241925080876647,1.943277234448374,-0.0387567728757858,0.6984825730323792,0.2526423931121826,-0.21962703895018484,0.36170178450604096
17519,-0.0010374390985816,0.406821608543396,0.0504304878413677,-0.05056679514303438,0.1239621661738458,-0.110904186964035,0.7688292264938354,1.5219000577926636,-0.09478332168008688,1.979503386900532,-0.035200610756874,0.6150043606758118,0.2685032188892364,-0.2131682437886559,0.4365875041831987
17529,-0.0017094551585614,0.284784734249115,0.0386225543916225,-0.15541753416682003,0.1356201711213828,-0.0916421562433242,0.5879743695259094,1.3125852346420288,-0.11874337525453438,2.2323851219915958,-0.0271744392812252,0.5469902753829956,0.234298288822174,-0.212037106674183,0.4283408670439732
17539,-0.0011598666897043,0.3335619568824768,0.0376625135540962,-0.09232562623078049,0.11291009893962745,-0.033560112118721,0.5226234793663025,1.350568413734436,-0.047546428240810235,2.584209219555239,-0.0430555790662765,0.4976261556148529,0.2642899453639984,-0.3273750624292241,0.5311013948562434
17549,-1.82401927304e-05,0.2986575663089752,0.0309977009892463,-0.0019702730475040535,0.10379010775564189,-0.0643882304430008,0.4806066751480102,1.333128809928894,-0.10049502841405802,2.7738458054464945,-0.0288086086511611,0.3329010903835296,0.231299340724945,-0.374138733203102,0.6947989880672035
17559,-0.0010637439554557,0.374377578496933,0.0345961675047874,-0.08212951973108587,0.09240982764963,-0.0817306786775589,0.5986054539680481,1.517107367515564,-0.08999701775402888,2.5344028482516014,-0.0279873758554458,0.6068234443664551,0.2575953304767608,-0.17904485379901708,0.42449798680026174
17569,-0.0014113954966887,0.6417007446289062,0.0342989079654216,-0.06412625701010781,0.053450004932215814,-0.1406138092279434,0.7479714751243591,1.3687801361083984,-0.13734385831700274,1.829989754463327,-0.036992073059082,0.6519746780395508,0.2442215830087661,-0.23232390539763803,0.3745875280664671
17579,-0.000584824301768,0.5339637994766235,0.0280873626470565,-0.03899443522872829,0.052601623320882335,-0.0715735480189323,0.6296720504760742,1.3827606439590454,-0.08220365345713097,2.1960013040337203,-0.0205727405846118,0.5245146155357361,0.2204151600599289,-0.17794799284154497,0.4202269174802654
17589,-0.000346205139067,0.2488735020160675,0.042231410741806,-0.032939671365647696,0.1696902659371085,-0.0476987846195697,0.4389856159687042,1.1723012924194336,-0.09268677670007147,2.670477687139089,-0.0219754856079816,0.2815165519714355,0.2523717284202575,-0.3093099167446383,0.8964720782949374
17599,-0.0013030390255153,0.4718022346496582,0.0387938618659973,-0.07119252792150008,0.08222483705445799,-0.0736854970455169,0.6620864272117615,1.4328533411026,-0.07767219739117688,2.16414848909796,-0.0255906265228986,0.6278940439224243,0.237717792391777,-0.1714481750636787,0.37859539311245133
17609,-0.0013077728217467,0.4446452558040619,0.0322495400905609,-0.09120005895986472,0.07252869488564168,-0.1021647229790687,0.4904769659042358,1.366976976394653,-0.15237760569617814,2.7870360310896873,-0.0318116769194603,0.4380451440811157,0.2295580506324768,-0.31635533632858254,0.5240511251734548
17619,-0.0006270031444728,0.2935793697834015,0.0290224030613899,-0.0735886466040816,0.09885709299942362,-0.0900699496269226,0.5843318700790405,1.4690124988555908,-0.10492883598319597,2.5140037264386805,-0.0258307829499244,0.4771445095539093,0.2283203601837158,-0.23710624811277864,0.47851406777618893
17629,-0.0013718738919124,0.4577552378177643,0.0341916419565677,-0.08765181465214468,0.07469415777647452,-0.0484512709081172,0.8702052235603333,1.37568199634552,-0.0404730034283911,1.5808707636999617,-0.0230799112468957,0.720521867275238,0.2433269619941711,-0.1316426859312979,0.33770933686488747
17639,-0.0013542347587645,0.5197268128395081,0.0360440351068973,-0.07229119930798344,0.06935188683064485,-0.0487947426736354,0.7646839022636414,1.2825157642364502,-0.049754042439547806,1.6771842070166596,-0.0437728054821491,0.5836373567581177,0.2501856982707977,-0.29977735298724484,0.42866635484144394
17649,-0.0007374406559392,0.3555005192756653,0.0396164841949939,-0.05236135861641807,0.1114386113294933,-0.0687747001647949,0.5626689791679382,1.3755277395248413,-0.08886001459089292,2.4446482575935495,-0.0236601810902357,0.4748277366161346,0.2620638012886047,-0.190140638571765,0.5519134226576683
17659,-0.000620957405772,0.6792782545089722,0.0306921675801277,-0.02978424106748357,0.04518349789117577,-0.0435796827077865,0.9885321259498596,1.238529086112976,-0.035594841703327856,1.2528971528597512,-0.0299821328371763,0.8668196797370911,0.2220920771360397,-0.1557401882746727,0.25621485336304417
17669,0.000608213362284,0.6470182538032532,0.0296420343220233,0.03171256849154333,0.0458132891116808,-0.107998751103878,0.813251793384552,1.3767887353897097,-0.09645536741131527,1.6929427596585516,-0.0194730330258607,0.6328065991401672,0.2352876365184784,-0.13078667345325407,0.37181602852779666
17679,-0.0013742557493969,0.3115383684635162,0.0370503775775432,-0.11905931600864371,0.11892717343379848,-0.0267832744866609,0.6342086791992188,1.226280927658081,-0.034438285123716925,1.9335606210978382,-0.0382638461887836,0.4743787050247192,0.238303080201149,-0.3384805991058455,0.5023477607173183
17689,-0.0005974727682769,0.2863297164440155,0.0343364477157592,-0.060770992527349944,0.11991926001321215,-0.0271677058190107,0.6509019136428833,1.3972965478897097,-0.02987093600590278,2.1467083113483287,-0.0344636142253875,0.3924170732498169,0.2476658374071121,-0.35460660532751676,0.6311291080076055
17699,-0.0001159793973783,0.4733538627624511,0.0301649123430252,-0.008122558628038271,0.0637259241257385,-0.0383852683007717,0.5277248024940491,1.275577425956726,-0.05702302464092941,2.417126161075422,-0.0289588458836078,0.4064659178256988,0.2373721748590469,-0.30014236816842715,0.5839903530628542
17709,-0.0008163416641764,0.3557553887367248,0.0289620645344257,-0.07923023760260875,0.08141005154488032,-0.1335794478654861,0.768683910369873,1.5132914781570437,-0.11483367583019234,1.9686784876619605,-0.0301769562065601,0.5036695003509521,0.2377210259437561,-0.25203577093956075,0.47197820352059106
17719,-0.001434902776964,0.3499411344528198,0.0416242443025112,-0.09851018140303555,0.11894641756704688,-0.1121933758258819,0.7464526295661926,1.3195075988769531,-0.11390769611653938,1.7677044016092438,-0.0476171150803566,0.4789709746837616,0.2623540759086609,-0.37893617567976184,0.5477452492437125
17729,-0.0006314862985163,0.2519283890724182,0.0311973821371793,-0.08034681574523078,0.12383432550831514,-0.1331571787595749,0.6625165939331055,1.4591395854949951,-0.1377434590408907,2.202419681041717,-0.0326624847948551,0.391414999961853,0.2369023412466049,-0.3522430256776077,0.6052459442527578
17739,-0.0008328247931785,0.2449151277542114,0.0301537699997425,-0.11277073644209523,0.12311926289013805,-0.1217994540929794,0.5306591391563416,1.4349111318588257,-0.15995752981592215,2.7040166200474607,-0.0350530818104743,0.3740379512310028,0.2533454596996307,-0.3699111408204599,0.6773255464207336
17749,-0.0003792300412897,0.2079386562108993,0.0394192524254322,-0.046265697773836954,0.18957154549201133,-0.0884468108415603,0.4362174570560455,1.3202325105667114,-0.1535778959366089,3.026546712451004,-0.0289123654365539,0.2754901945590973,0.2602644264698028,-0.40323912801911904,0.9447320870578996
17759,-0.0003607089747674,0.4043203592300415,0.0297469496726989,-0.029990858581187847,0.07357272270272722,-0.0852597504854202,0.6288145184516907,1.3824187517166138,-0.09808032151053442,2.198452343499476,-0.0246593970805406,0.5044776797294617,0.2334337085485458,-0.2094001210024427,0.4627235612757541
17769,-0.000249306554906,0.3058938980102539,0.0266172662377357,-0.030619594501860154,0.08701470153825513,-0.0974158644676208,0.4373818933963775,1.3089823722839355,-0.17015122904516378,2.992767629495055,-0.0205984078347682,0.3554005324840545,0.2122188359498977,-0.2731062571783921,0.5971258243948162
17779,-0.000434936810052,0.2285812199115753,0.0318187177181243,-0.05980024247950459,0.13920092705093226,-0.0403412505984306,0.5495665669441223,1.3049449920654297,-0.05625185491579069,2.3744985058345285,-0.0180346202105283,0.3711566925048828,0.2254506647586822,-0.2155252635609764,0.6074271845595678
17789,-0.0005773504963144,0.2291546612977981,0.0319143794476985,-0.07894496625102294,0.1392700426295241,-0.0624941550195217,0.3876171410083771,1.378412842750549,-0.11696532061315659,3.5561194202213033,-0.0241155624389648,0.2934901714324951,0.2371197491884231,-0.346526224168736,0.8079308006502097
17799,-0.0008076708181761,0.3667268455028534,0.0377416014671325,-0.058354098561025185,0.1029147495743909,-0.0608817189931869,0.7519516944885254,1.442851424217224,-0.05611453280115385,1.9188086612380677,-0.0308136492967605,0.5275087356567383,0.2454480081796646,-0.2379874015404795,0.46529657537156527
17809,0.0007993845501914,0.8706867098808289,0.0330210998654365,0.027803681203187006,0.03792535189833793,-0.02500906214118,0.9150861501693726,1.2798906564712524,-0.021353179688492083,1.3986559147839344,-0.0142598012462258,0.864083468914032,0.2296133488416671,-0.07187215106777729,0.2657305192173644
17819,-0.0007852697744965,0.3315622806549072,0.0323685966432094,-0.07316946717625566,0.09762448424252126,-0.0951308459043502,0.5647822022438049,1.422454595565796,-0.11841369777486681,2.5185896260798804,-0.0334621258080005,0.4316610395908355,0.2380852997303009,-0.32559527519381615,0.5515561468229286
17829,-0.0003352327330503,0.4092021882534027,0.0303004346787929,-0.027037069130941862,0.07404758710632564,-0.097207672894001,0.8470821380615234,1.3756614923477173,-0.0834187046472384,1.6240001182126251,-0.0363151431083679,0.5774526596069336,0.2350974529981613,-0.26749979277010283,0.40712853094864926
17839,-0.0005760287167504,0.2033344954252243,0.0240484718233346,-0.11780008082433728,0.11827049696138922,-0.0935259759426117,0.5530955195426941,1.2870244979858398,-0.13138485156797808,2.326947972838339,-0.0316820293664932,0.3739059567451477,0.2206295877695083,-0.38404919102407403,0.5900670577438494
17849,-0.0004208046011626,0.2171670943498611,0.0277586951851844,-0.06980514141363114,0.1278218289390773,-0.0522503554821014,0.4873051941394806,1.4007424116134644,-0.07654730949085495,2.8744664092632926,-0.0288166776299476,0.3683156371116638,0.2477921098470688,-0.3157448510050581,0.6727710824070839
17859,4.1311050154e-06,0.5877777934074402,0.0267810989171266,0.0002624367600301291,0.04556330507464796,-0.053165178745985,0.660492479801178,1.391244411468506,-0.057857007654365036,2.1063743403820427,-0.0188456811010837,0.5583621263504028,0.2522384822368622,-0.1338087583907635,0.4517471195361283
17869,0.0002382850798312,0.5337157249450684,0.0280271507799625,0.01592971116557075,0.05251325653342356,-0.0651876404881477,0.5904847979545593,1.3022302389144895,-0.08477518862180457,2.205357772842617,-0.0149448597803711,0.5901719331741333,0.2391357421875,-0.10589337747704751,0.4051967380104837
17879,-0.001095354091376,0.3153584599494934,0.0362854972481727,-0.09572314737501249,0.11506111887400783,-0.1304715573787689,0.5423486828804016,1.3704960346221924,-0.1755332821052961,2.526964806742996,-0.0314142443239688,0.4592939019203186,0.256937026977539,-0.2662007307054251,0.5594174577613141
17889,-0.0005241978215053,0.4527121782302856,0.0419403091073036,-0.027608410731174135,0.09264232579572756,-0.06321981549263,0.7740468978881836,1.3118516206741333,-0.062258869915685355,1.6947960443394727,-0.0455149374902248,0.5556511878967285,0.2624059021472931,-0.3121606125899206,0.472249331708552
17899,-0.0010009115794673,0.3977276086807251,0.0282780546694993,-0.08899394209473867,0.07109904882715709,-0.0857328698039054,0.7441347241401672,1.3187676668167114,-0.08736299212775996,1.7722162721817893,-0.0184600017964839,0.5822649598121643,0.2323718965053558,-0.13643552959696004,0.3990827416101388
17909,0.000947366876062,0.7261147499084473,0.0327779687941074,0.03980438329258185,0.0451415823714368,0.003027653787285,0.6886110305786133,1.7008508443832395,0.0025850324957025408,2.469973277880954,-0.0098715927451848,0.6609570980072021,0.2371469885110855,-0.06297908480866607,0.3587933153696179
17919,-0.0009633700828999,0.2490374892950058,0.0378231070935726,-0.10227540869546195,0.151877161951179,-0.1119527518749237,0.4782826006412506,1.3365167379379272,-0.1751361462906899,2.794408026020623,-0.0433748140931129,0.3718141913414001,0.2683732509613037,-0.4346827815737829,0.7217939960631657
17929,7.02356701367e-05,0.629764974117279,0.0254372861236333,0.0043843826734670825,0.040391713050234195,-0.0767529085278511,0.7871506214141846,1.3036818504333496,-0.07479376231134836,1.6562038000950463,-0.0168370343744754,0.7871933579444885,0.224040687084198,-0.09546788068211623,0.28460693274802373
17939,-0.0004911128780804,0.3749729692935943,0.0339592136442661,-0.03856769956404226,0.09056443110617102,-0.1034547835588455,0.5016924738883972,1.442252516746521,-0.1429788122326243,2.8747740733845526,-0.0258156452327966,0.3321962356567383,0.258862555027008,-0.3002057760379585,0.7792459011922498
17949,-0.0005641772877424,0.2413616627454757,0.0295295976102352,-0.0791570827889229,0.12234584927174284,-0.104237861931324,0.4737885892391205,1.5608607530593872,-0.1409537833170911,3.294424535563525,-0.0281690545380115,0.3451123535633087,0.2519030272960663,-0.32402489488690056,0.7299159960376679
17959,-0.0009875273099169,0.3478128015995025,0.0365614034235477,-0.07765701522429569,0.10511804986881196,-0.080407440662384,0.5461905002593994,1.2336878776550293,-0.11932921929183601,2.258713538717939,-0.0300317630171775,0.3667130470275879,0.250064879655838,-0.32749280649658125,0.6819088703899471
17969,-0.0001683922600932,0.2116651237010955,0.031751811504364,-0.025055571519011957,0.15000965179886017,-0.0650938898324966,0.3749195635318756,1.4123942852020264,-0.12292668503018911,3.767192813031067,-0.0250913649797439,0.261980265378952,0.2360369563102722,-0.4057660471462446,0.9009722773158005
17979,-0.0004005414666607,0.2898479998111725,0.0297062415629625,-0.04651890332050689,0.10248903419142188,-0.069414384663105,0.5764990448951721,1.3619753122329712,-0.08840598158938745,2.3624936143313584,-0.0292990207672119,0.4223203361034393,0.2337746918201446,-0.2967656411000185,0.5535482709098952
17989,-0.0012560486793518,0.3035524785518646,0.0436885543167591,-0.0947120014194633,0.14392422201650554,-0.0988940745592117,0.6624285578727722,1.2110503911972046,-0.1232732964060258,1.828197738162433,-0.0415112376213073,0.3688217401504516,0.2600145637989044,-0.4328640265534414,0.7049870858828386
17999,-0.001388865057379,0.3659442663192749,0.0359846241772174,-0.1054698026438605,0.09833361932175197,-0.1141314804553985,0.6145880818367004,1.3478213548660278,-0.1377808893100211,2.1930483110542185,-0.0426104180514812,0.4285084903240204,0.2466875612735748,-0.4030965787872945,0.5756888529490743
18009,-0.0020478933583945,0.5288711190223694,0.0383929796516895,-0.10085691210680776,0.07259420730453163,-0.1036203727126121,0.7984232306480408,1.4241187572479248,-0.09113092508708169,1.7836639799320941,-0.0477731376886367,0.6040472984313965,0.2568239271640777,-0.3079479641496266,0.42517188278302676
18019,-0.0004935109755024,0.5228996872901917,0.0379858948290348,-0.024845976611727653,0.07264470748852048,-0.0844396650791168,0.7388689517974854,1.3067363500595093,-0.0874563025608703,1.7685630812886954,-0.03946253657341,0.522305965423584,0.2498126626014709,-0.3024444107427139,0.47828797513135
18029,-0.0010107296984642,0.3583793640136719,0.0271189399063587,-0.1039966437535338,0.07567104200040976,-0.0768074840307235,0.6438928842544556,1.372281551361084,-0.08692539818044938,2.131226458497065,-0.0366054065525531,0.4458725154399872,0.2422381788492202,-0.3389158965669685,0.5432902241354336
18039,-0.0005523466970771,0.3006243407726288,0.0216085724532604,-0.0850279176685027,0.07187898490762468,-0.096097894012928,0.7069236040115356,1.541638731956482,-0.08817770156829248,2.180771335414803,-0.036441370844841,0.4739696383476257,0.2182003855705261,-0.35236167817719943,0.46036785463985863
18049,-0.0007869232213124,0.3768838942050934,0.0315193906426429,-0.06624406423960622,0.08363156698198045,-0.0920504927635192,0.5643244981765747,1.4620896577835083,-0.11156377690531646,2.5908668904287526,-0.0248713605105876,0.4126287400722503,0.2449558973312378,-0.24606631714623065,0.5936472027817223
18059,-0.0006534393178299,0.6538553237915039,0.0324889421463012,-0.030760120166758744,0.049688273482133505,-0.1190042346715927,0.8374586701393127,1.3725154399871826,-0.10353371409048978,1.6389052844349468,-0.0380847454071044,0.6526025533676147,0.2576993405818939,-0.22645868482971965,0.39487945496396243
18069,0.0009365575388073,0.7788609266281128,0.0396305248141288,0.030342036291996825,0.050882671680166865,-0.0086038280278444,0.9527047276496888,1.2964324951171875,-0.006966000362791939,1.3607914997078592,-0.0412513017654418,0.922264814376831,0.2488780319690704,-0.1797196044979184,0.2698552824410154
18079,0.0001447565155103,0.4542352557182312,0.0373085252940654,0.00854179606419925,0.08213480751306637,-0.0570015124976635,0.4971997141838074,1.3176907300949097,-0.08700456069788519,2.6502242308365025,-0.0244989451020956,0.4257452487945556,0.253446102142334,-0.22704500825102455,0.595299895559457
18089,-0.0002863012778107,0.397770345211029,0.0209957975894212,-0.03428139662876348,0.052783717645623646,-0.04148431122303,0.7090774178504944,1.280479073524475,-0.045689640816794434,1.8058381797098184,-0.0220721140503883,0.473256766796112,0.2050256431102752,-0.22747774600603166,0.43322284538744726
18099,-0.0004216645320411,0.5540943145751953,0.0338634736835956,-0.022472525021700614,0.06111499936532924,-0.021127700805664,0.688220739364624,1.4379030466079712,-0.021349852471030738,2.0893050214317364,-0.030719356611371,0.5487187504768372,0.2318190634250641,-0.24149779388486944,0.4224733767956956
18109,-0.0020360960625112,0.4632498919963836,0.0530824176967144,-0.08280036328680493,0.11458700501354632,-0.0812057703733444,0.7756349444389343,1.296409010887146,-0.08075835847756861,1.6714164571645498,-0.0368624590337276,0.6499959230422974,0.2817217111587524,-0.20130443945412066,0.43342073568732187
18119,-0.0009038451826199,0.310023546218872,0.0315467379987239,-0.09241551947640281,0.10175594203561678,-0.0566707514226436,0.5377600193023682,1.2042087316513062,-0.08751221746650058,2.239305058813254,-0.0314947292208671,0.3556995391845703,0.2414852827787399,-0.36666031589288395,0.6789024335885762
18129,-0.000548071344383,0.3758526146411896,0.0293808840215206,-0.049631186896191254,0.0781712907586642,-0.084898829460144,0.6469591856002808,1.403361439704895,-0.09350940204136213,2.1691653367635344,-0.0225203465670347,0.3954536616802215,0.239219844341278,-0.23805771732477746,0.6049250962170127
18139,-0.0014163837768137,0.3455911576747894,0.0372886881232261,-0.10991101468332357,0.10789827023964475,-0.1544472277164459,0.608740508556366,1.4006108045578003,-0.18114670643793898,2.300833910132517,-0.0364971905946731,0.4017454087734222,0.2486321032047271,-0.36538550064352293,0.6188797625935074
18149,-0.0006317880470305,0.2770591676235199,0.035496462136507,-0.06424122444687587,0.12811870634340872,-0.0711294263601303,0.5360724925994873,1.287977933883667,-0.1030190073163017,2.4026189585630284,-0.0344650782644748,0.45506152510643,0.2486837357282638,-0.30455221911581765,0.5464837653987591
18159,-0.0009843263542279,0.3389273285865783,0.0286148227751255,-0.10149425592238058,0.08442760545293679,-0.0776128768920898,0.5852786302566528,1.372210144996643,-0.09663856859719934,2.3445416833259567,-0.0244702138006687,0.5712124705314636,0.2301617711782455,-0.1861259351032439,0.40293548031978355
18169,-0.0005589098436757,0.3490966856479645,0.0292914733290672,-0.05465813591287963,0.08390647787073309,-0.0808994770050048,0.496437668800354,1.3151144981384275,-0.12391315672232275,2.6491029605316077,-0.0243190061300992,0.3147183060646057,0.2279993444681167,-0.3389145537539534,0.7244552988325781
18179,-0.0010441218037158,0.4129524528980255,0.0335671752691268,-0.07532451059237838,0.08128581155907526,-0.084202766418457,0.654564619064331,1.2591575384140017,-0.10216302963634609,1.92365658292669,-0.0249499827623367,0.4899969398975372,0.226549282670021,-0.22475749894393307,0.46234836225180204
18189,-0.0020307153463363,0.4152786135673523,0.039235807955265,-0.1246312310282509,0.09448068519160933,-0.1073595136404037,0.5905926823616028,1.35066819190979,-0.1345872134436364,2.286970753699273,-0.0417929738759994,0.530249834060669,0.2528830170631408,-0.311675790689111,0.4769129584191572
18199,-0.001027166028507,0.1930699348449707,0.0413385368883609,-0.12869773276095225,0.21411172548203578,-0.1046645417809486,0.6101229786872864,1.716111660003662,-0.09996239491627287,2.812730744375457,-0.0401819497346878,0.3648218512535095,0.2526640295982361,-0.4359199499800645,0.6925682459263205
18209,-0.0006130298133939,0.7750723361968994,0.0370540879666805,-0.021345347597367625,0.04780726422064853,-0.0166941247880458,0.9042829275131226,1.3436118364334106,-0.013739961089253986,1.4858312543049894,-0.0117211863398551,0.9957678914070128,0.2511033117771148,-0.04687712964588275,0.25217052482211255
18219,-0.0003711692988872,0.3614550530910492,0.0278720892965793,-0.03684242612167512,0.07711080273529451,-0.0933039337396621,0.6861724257469177,1.394679307937622,-0.09749724298477888,2.032549335423199,-0.0354795530438423,0.4397284388542175,0.2315471023321151,-0.348461045848276,0.5265684042074876
18229,-0.000456219917396,0.2013067901134491,0.0239896848797798,-0.09446942550850591,0.11916977498006945,-0.09157045930624,0.5048497319221497,1.4628466367721558,-0.1239922283334637,2.8975882213556052,-0.0320835635066032,0.4289223551750183,0.2327463775873184,-0.32138158385317184,0.542630559538796
18239,-0.0014590616337954,0.298428475856781,0.039033256471157,-0.12525601533425137,0.1307960185739429,-0.0956494212150573,0.5290959477424622,1.4636331796646118,-0.12351385164746646,2.7662906622317136,-0.0348652154207229,0.3702065646648407,0.2694543898105621,-0.3495127104726747,0.7278487620945009
18249,-0.0009784189751371,0.2339612692594528,0.0376899540424346,-0.11095714920953094,0.16109484344025377,-0.0730049386620521,0.5854208469390869,1.2806700468063354,-0.09737485067112568,2.1876058112764634,-0.0361264161765575,0.4080130457878113,0.2382129579782486,-0.37169391330138724,0.5838366210038591
18259,-0.0007127678254619,0.4858339428901672,0.0309900380671024,-0.04734107592776258,0.06378730535529573,-0.1193346977233886,0.575554370880127,1.4374624490737915,-0.14423938851413307,2.497526770365154,-0.0267818477004766,0.5661780834197998,0.2387508898973465,-0.19812646144406254,0.4216886822168312
18269,-0.0011181028094142,0.4728321731090545,0.0453313551843166,-0.05216461620248132,0.09587197691359578,-0.269934594631195,0.8222817182540894,1.526487112045288,-0.21505263602982425,1.856404050045529,-0.0430609472095966,0.5995015501976013,0.2557398676872253,-0.2808631951551689,0.4265875002373739
18279,0.0019640277605503,0.6048667430877686,0.0340151749551296,0.09545863199676989,0.056235816142719997,0.0369247607886791,0.6200278997421265,1.2946879863739014,0.04599825327598047,2.088112465442878,-0.0125181386247277,0.5655838251113892,0.2508770823478699,-0.08822299264224397,0.4435718830864033
18289,3.996236046e-06,0.3678648471832275,0.022423768416047,0.00048445589425096333,0.060956540391797986,-0.0212665647268295,0.6164751052856445,1.4976240396499634,-0.02303451095046039,2.4293341723118527,-0.0235666055232286,0.4847043454647064,0.2103093117475509,-0.23118604581398028,0.4338919461221635
18299,1.96720520762e-05,0.667259931564331,0.02991534024477,0.0009855091755548613,0.04483311349841758,-0.076609581708908,0.862634003162384,1.3876519203186035,-0.06399941098132683,1.6086218665523542,-0.0131988879293203,0.6968830227851868,0.2360433936119079,-0.08023901835913416,0.3387130779402958
18309,-0.0013906427193433,0.4481453895568847,0.0323700942099094,-0.09586336514330837,0.07223123335468465,-0.0642555356025695,0.6872264742851257,1.349924921989441,-0.0692629605790432,1.9643086704330979,-0.0310498550534248,0.5259047746658325,0.2222021222114563,-0.26570777389584,0.42251398526025313
18319,-0.0016079212073236,0.3867693841457367,0.035303808748722,-0.11775818752614237,0.09127870559532018,-0.0181500352919101,0.6955174803733826,1.402627944946289,-0.01860488273623626,2.016668142105214,-0.0388735644519329,0.6021679639816284,0.258529394865036,-0.24970474089689892,0.4293310344103983
18329,0.0001290299842366,0.4312882423400879,0.0353222787380218,0.008469822561484881,0.0818994706333051,-0.066360056400299,0.6548351049423218,1.3062976598739624,-0.07757693986692804,1.9948497721254907,-0.0104413069784641,0.4991240799427032,0.240459457039833,-0.0869970406459278,0.4817628856284323
18339,-0.0002173219254473,0.287101536989212,0.0270473584532737,-0.027986150804216823,0.09420833736006792,-0.0890320464968681,0.4746133685111999,1.5185872316360474,-0.12352835138158477,3.199630125041899,-0.0138057339936494,0.2541138529777527,0.2310443520545959,-0.2351450297425231,0.9092158862933911
18349,-0.0003829436609521,0.5433838963508606,0.0338152684271335,-0.02084084300423334,0.06223089910139539,-0.0216118041425943,0.6576728224754333,1.513191819190979,-0.021716365517931883,2.300827656973012,-0.0232305899262428,0.6602089405059814,0.2405813336372375,-0.1462570836306464,0.36440181111885117
18359,-0.0015060279984027,0.5091297030448914,0.0404324643313884,-0.07316011827182994,0.07941486047578598,-0.061863824725151,0.759781539440155,1.354609131813049,-0.060108242592004,1.7828929257891588,-0.0407689213752746,0.6995806694030762,0.2620516419410705,-0.22238451102806997,0.37458388060474646
18369,-0.0009755879873409,0.3683412671089172,0.0371894687414169,-0.07121903616742975,0.10096470871513864,-0.0720563903450965,0.642149806022644,1.297122836112976,-0.08650775497304919,2.0199692095947404,-0.0321000218391418,0.4709034860134125,0.2509196400642395,-0.27166817578322616,0.5328472766011605
18379,-0.000344987900462,0.3727053105831146,0.0281392391771078,-0.032894700135276456,0.07549996841494602,-0.0830913558602333,0.6147099137306213,1.4225529432296753,-0.09502047343226644,2.3141857833336776,-0.0314879789948463,0.4393837749958038,0.2231965810060501,-0.321079984672632,0.5079763835343754
18389,-1.90927803487e-05,0.6158774495124817,0.0310730896890163,-0.000997678090729562,0.05045336489201421,-0.1431717276573181,0.7637282013893127,1.389667272567749,-0.13489865147630914,1.8195835508493445,-0.0273100826889276,0.7309613823890686,0.2428459972143173,-0.15385004668871263,0.33222821761199106
18399,-0.0011155134998261,0.6349866390228271,0.0327941700816154,-0.05356900730291746,0.05164544900044185,-0.1559228897094726,0.7780945301055908,1.6128008365631104,-0.12425010734330397,2.0727569391141283,-0.0353071987628936,0.640155553817749,0.2441517859697342,-0.2259008366007822,0.3813944665693609
18409,-0.0002577352861408,0.5961387157440186,0.0255199577659368,-0.016941294895507837,0.04280875757932663,-0.0536279752850532,0.6983960866928101,1.305735468864441,-0.0588077281211776,1.869620253812747,-0.0230999309569597,0.6487616896629333,0.2344250679016113,-0.15188729060092904,0.3613423413201352
18419,-0.0001710161741357,0.5514652132987976,0.0319016613066196,-0.009720884083270749,0.05784890966338159,-0.1057946309447288,0.7825064063072205,1.6048963069915771,-0.0842420154210102,2.050968904606613,-0.0270136855542659,0.6297517418861389,0.2390168309211731,-0.17946756854789717,0.3795413573693427
18429,-0.0001993454352486,0.295137882232666,0.0226830840110778,-0.02977688319871263,0.0768558879649209,-0.1031350865960121,0.6514115333557129,1.3802344799041748,-0.11470916584251292,2.1188364178846637,-0.0247766617685556,0.3802023231983185,0.2224703133106231,-0.29292467687685714,0.58513664892726
18439,-0.0009876758558675,0.6582549214363098,0.0331961400806903,-0.04519940668734769,0.05043052319040235,-0.0589067563414573,0.7199563980102539,1.416447997093201,-0.057764135645154084,1.9674080277747976,-0.0246237181127071,0.6102363467216492,0.2434093803167343,-0.16577469925259164,0.3988772245776473
18449,-0.0010501791257411,0.2744880616664886,0.032749518752098,-0.11682478723305596,0.1193112682324584,-0.1148087829351425,0.5729921460151672,1.312090277671814,-0.15270832954239377,2.2898922555861394,-0.0197376497089862,0.4925907850265503,0.2443028390407562,-0.16401389412254955,0.4959549517914519
18459,-0.0015163217904046,0.3734797835350036,0.0349603816866874,-0.11613098567342559,0.09360715955167842,-0.0737005397677421,0.8245115876197815,1.2992621660232544,-0.06879820587754773,1.5757961264971345,-0.0397142581641674,0.5333929061889648,0.2534399926662445,-0.2937812482364654,0.47514691276463744
18469,-0.0012881767470389,0.5622074007987976,0.0354729071259498,-0.06459250318268224,0.06309576692791495,-0.0743039846420288,0.7818924784660339,1.4270107746124268,-0.06659441624336354,1.825072901854775,-0.0433708503842353,0.6984102725982666,0.2453675121068954,-0.25308724573683394,0.3513228853207798
18479,-0.001430784468539,0.4802619218826294,0.0423742607235908,-0.0703062490505955,0.0882315644710775,-0.0972963869571685,0.728438675403595,1.3400918245315552,-0.09967107896111246,1.8396769279020926,-0.0489517003297805,0.6283394694328308,0.2463746219873428,-0.3162113611433626,0.3921043225403814
18489,-0.0006537456647492,0.4928218126296997,0.0332059226930141,-0.039948764066276427,0.06737916594200068,-0.0828650593757629,0.6689056754112244,1.4279040098190308,-0.08675760447754953,2.1346866416422547,-0.0319700390100479,0.4591544866561889,0.2402085363864898,-0.2898650784219601,0.5231540654994318
18499,-0.0009980350732803,0.1851877570152282,0.0303073432296514,-0.1778220713280856,0.16365738058568954,-0.0534204691648483,0.4932383596897125,1.3346744775772097,-0.08114756591964312,2.7059421704687154,-0.0289676487445831,0.3459655940532684,0.2299451678991317,-0.36412965297011834,0.664647502097353
18509,-0.000606509798672,0.2257301211357116,0.026097597554326,-0.10295507927239969,0.1156141565114202,-0.0954733341932296,0.5900467038154602,1.4654879570007324,-0.11041128061787282,2.48368128747156,-0.0270037837326526,0.3409554660320282,0.2309499382972717,-0.3429328694359441,0.6773610084185512
18519,-0.0003360143164172,0.1573308706283569,0.0275497995316982,-0.07752207568660355,0.17510739895907432,-0.1265200674533844,0.5212717652320862,1.5395228862762451,-0.15765547719876907,2.953397803141711,-0.0310774035751819,0.2873762547969818,0.2391920983791351,-0.4521130243473024,0.8323307663262345
18529,-0.000389883382013,0.2186270058155059,0.0296888705343008,-0.06006717977801559,0.1357969040629616,-0.046391561627388,0.3515257835388183,1.4459723234176636,-0.09126869199785492,4.113417538995366,-0.0259542036801576,0.2859572172164917,0.2346595823764801,-0.3867838686994207,0.8206108055626541
18539,-0.0008382998639717,0.5311894416809082,0.035588439553976,-0.04434462796600495,0.06699764107012203,-0.115600548684597,0.749083936214447,1.341764211654663,-0.11501466202512554,1.7912067617353686,-0.0351393967866897,0.6724187135696411,0.227351114153862,-0.22985683567903004,0.3381094392018518
18549,-0.0005517691606655,0.5226234793663025,0.0342554561793804,-0.030820434075311754,0.06554519177155269,-0.0984145402908325,0.6502427458763123,1.5020161867141724,-0.10076486777253105,2.309931477497609,-0.0345694981515407,0.4348414838314056,0.23251473903656,-0.3419098543339035,0.5347114929970881
18559,-0.0009829923510551,0.573471188545227,0.0286038890480995,-0.059925746124508725,0.04987851110822395,-0.0614941790699958,0.7860983610153198,1.2667983770370483,-0.061751799678613335,1.6115011045193623,-0.048107985407114,0.6993327140808105,0.2432943731546402,-0.28274911950389053,0.3478950265817632
18569,-0.000361443235306,0.5131909847259521,0.0331415049731731,-0.02125146413485243,0.06457928131935309,-0.1230597794055938,0.7415380477905273,1.4182136058807373,-0.11701486756429841,1.9125297887362889,-0.0245931576937437,0.576632022857666,0.2471721619367599,-0.1725504043492413,0.42864799757708055
18579,-0.0005260105244815,0.4172311723232269,0.0290283318608999,-0.043430577684908926,0.0695737370227261,-0.0480855330824852,0.7990278601646423,1.2557934522628784,-0.04792192977214953,1.5716516467950417,-0.0460693575441837,0.7106899619102478,0.2444483786821365,-0.26518247120411104,0.3439592393075162
18589,-0.0002787065168377,0.4342902898788452,0.0226578395813703,-0.0283236035452313,0.05217210725040894,-0.0283173024654388,0.5345660448074341,1.2791286706924438,-0.04141296038769933,2.3928356152011534,-0.0241093747317791,0.4665178656578064,0.2147341817617416,-0.2406669673878889,0.46029144341333844
18599,-0.0017649885267019,0.3418584167957306,0.038589347153902,-0.1337913938460681,0.11288107958728466,-0.1536957770586013,0.6996090412139893,1.578029990196228,-0.13921667884701247,2.2555883318173935,-0.0363674834370613,0.456007182598114,0.2537916600704193,-0.31424199254917407,0.5565518916268688
18609,0.0003450379590503,0.4655016958713531,0.0378395952284336,0.019588407343001796,0.08128777094485821,-0.0262475572526454,0.5366939902305603,1.2196953296661377,-0.0400969001120105,2.272608510376955,-0.0310570150613784,0.4462881088256836,0.2401963323354721,-0.28971969918590357,0.5382091245216009
18619,-0.0002546818577684,0.4290944635868072,0.0280012972652912,-0.021196636196021978,0.06525672000339489,0.0024221437051892,0.7423734664916992,1.3218108415603638,0.002468358040932585,1.7805200498435965,-0.0141667891293764,0.5939117670059204,0.2260279953479766,-0.10553275269895411,0.38057504145346127
18629,-0.0007790081435814,0.4300003051757812,0.0342463701963424,-0.05290036723327339,0.07964266486355798,-0.1310425698757171,0.7275798320770264,1.6898239850997925,-0.10658357399515243,2.3225272480077437,-0.0398662649095058,0.4554620385169983,0.2618046402931213,-0.33433051928725926,0.5748111108130266
18639,-0.0002794335305225,0.3780418038368225,0.021723223850131,-0.03402627547334282,0.05746249126328787,-0.0607732906937599,0.6637900471687317,1.278971552848816,-0.07158485201482298,1.92677121072246,-0.0222029890865087,0.4291495084762573,0.2089536339044571,-0.24760128694838315,0.48690172021021305
18649,-0.0001414578873664,0.5849999189376831,0.0385611392557621,-0.006270779148291521,0.06591648649419696,-0.0871871709823608,0.6670157313346863,1.2437975406646729,-0.10509131239072717,1.8647199492219722,-0.0284322798252105,0.5126440525054932,0.2441984117031097,-0.22711871721262594,0.47635081399972556
18659,-0.0007420970941893,0.5451046824455261,0.0297974664717912,-0.04568792967052455,0.05466375070951431,-0.0392358228564262,0.6214802265167236,1.2640260457992554,-0.04994585210882481,2.0338958374973193,-0.0239527001976966,0.533123791217804,0.2247504889965057,-0.19990597252210038,0.42157279922382135
18669,-0.0010727597400546,0.2630721628665924,0.0363151617348194,-0.11228961383203914,0.13804258625887122,-0.1159990131855011,0.5651695728302002,1.2925434112548828,-0.15879264539867727,2.2870010584296177,-0.0314990393817424,0.3745017051696777,0.2437302619218826,-0.3450913351322333,0.650812155345072
18679,-0.0011702765477821,0.5638861656188965,0.0351012349128723,-0.05912547820398735,0.06224879603908484,-0.0865201652050018,0.762563943862915,1.1474071741104126,-0.09888342767235467,1.5046701110702925,-0.043735284358263,0.6274775862693787,0.2448491603136062,-0.2846656849994445,0.3902118030531396
18689,-0.0012675443431362,0.3317852616310119,0.0399699099361896,-0.09558129307610849,0.12046921475566118,-0.0621002502739429,0.5435850620269775,1.5122218132019043,-0.07554580243286889,2.781941445489638,-0.0245405491441488,0.5721766948699951,0.2614178657531738,-0.16406609721786092,0.4568831063847695
18699,-0.0005023658159188,0.3388334214687347,0.0345809087157249,-0.04287433894537739,0.10205873011531066,-0.0918252915143966,0.6932157874107361,1.3301585912704468,-0.09958420188615065,1.9188232804662264,-0.0316816493868827,0.5177427530288696,0.2292677164077758,-0.2669013985553674,0.44282168135918204
18709,-0.0006277619395405,0.1311558932065963,0.042973767966032,-0.1113791085021839,0.32765411385929777,-0.0511736050248146,0.4575299024581909,1.4503556489944458,-0.07711733603328527,3.1699690909863083,-0.0306508876383304,0.3810120522975921,0.2535033822059631,-0.3173369069521612,0.6653421609035152
18719,-0.0004116012132726,0.235911950469017,0.0380208529531955,-0.04588860436473366,0.1611654385358867,-0.0988660156726837,0.5519734025001526,1.3312454223632812,-0.13454598847164737,2.411792699310205,-0.026005757972598,0.412787914276123,0.2499195784330368,-0.25208224814854163,0.605443061169325
18729,-0.0002234145649708,0.2593750357627868,0.0255069360136985,-0.033769529970063855,0.09833998071050308,-0.0399868972599506,0.429043561220169,1.5026531219482422,-0.0620236871055919,3.5023322985544985,-0.0259707011282444,0.2730866968631744,0.2237505614757537,-0.42502942365547736,0.8193389280615901
18739,-0.0003105365904048,0.4960586726665497,0.0361033156514167,-0.017339343290067512,0.07278033353866051,-0.0721953809261322,0.5674657821655273,1.535940170288086,-0.08283148250512197,2.7066657031314336,-0.0239580310881137,0.587508499622345,0.2487764358520507,-0.1639184084135063,0.4234431263751352
18749,-0.0003654064494185,0.662783145904541,0.0327365696430206,-0.016841143759716994,0.049392580130176646,-0.0365623049437999,0.7793914675712585,1.2151572704315186,-0.038605166496629574,1.5591103071967087,-0.0164976753294467,0.6899097561836243,0.2447812110185623,-0.09769051228186056,0.35480178215281255
18759,0.0004866903764195,0.4624008536338806,0.0255318731069564,0.04122412575824963,0.05521588661938761,-0.1159122660756111,0.709192156791687,1.3254832029342651,-0.1233079971891968,1.8690043174343833,-0.0330342464148998,0.4569294452667236,0.2323411554098129,-0.31116383378840806,0.508483657196109
18769,-0.000678273034282,0.7274889349937439,0.0239344555884599,-0.03895422834950792,0.03290009570889999,-0.0150730367749929,0.8517820239067078,1.4909276962280271,-0.011869043070103537,1.7503629501241065,-0.0298557765781879,0.8504853248596191,0.2208169400691986,-0.15897511960970956,0.2596363906756964
18779,-0.000513426028192,0.675116240978241,0.0267887897789478,-0.028388747468048037,0.03968026267614439,-0.0318894423544406,0.7971357107162476,1.4090806245803833,-0.028390877525431228,1.76767971330037,-0.0350916534662246,0.6429462432861328,0.2493363618850708,-0.21889888559350562,0.38780281320363463
18789,-0.000623800093308,0.3002369701862335,0.0284496769309043,-0.07303044174565707,0.09475740750133901,-0.1392645537853241,0.6625141501426697,1.2766644954681396,-0.16465262270378295,1.9269995896589005,-0.027267463505268,0.4293361008167267,0.238938421010971,-0.2658038966755919,0.5565300019179336
18799,-0.0004175000940449,0.4303441345691681,0.0268747825175523,-0.036099046524481815,0.062449515071136136,-0.1667898148298263,0.7364224791526794,1.5979955196380615,-0.14173167914946885,2.1699439722110325,-0.0156738199293613,0.4877280592918396,0.2353612333536148,-0.1365407173751004,0.4825665222036832
18809,-0.0001244128943653,0.2009037584066391,0.0265014618635177,-0.023367244423333357,0.13191122990281465,-0.0500742569565773,0.3549114167690277,1.2465498447418213,-0.11318396261982108,3.5122844344933024,-0.0198115296661853,0.2824391424655914,0.2200172394514084,-0.3188132874603027,0.7789899003754848
18819,0.0003686920099426,0.6114128232002258,0.0234142746776342,0.025754224322802742,0.03829536082524471,-0.0517070963978767,0.7113592624664307,1.2990750074386597,-0.05595345809380982,1.826186957817202,-0.0060286028310656,0.6291061639785767,0.2203429341316223,-0.043490420265418814,0.3502476159796866
18829,-0.0011681113392114,0.4637524783611297,0.032667227089405,-0.07710556513924809,0.07044108358158817,-0.108724758028984,0.7687435150146484,1.368251919746399,-0.10336676352674508,1.7798549100220076,-0.0357922203838825,0.542092502117157,0.235697790980339,-0.2801300689638697,0.43479256779943437
18839,-0.0012774614151567,0.5400213003158569,0.0323466546833515,-0.07313201319488777,0.05989884966469292,-0.0662178248167038,0.7551789879798889,1.4416110515594482,-0.06082427063472056,1.9089660524265535,-0.0404294095933437,0.7556204795837402,0.2523196339607239,-0.21205212706118343,0.33392376302416116
18849,-0.0005065785953775,0.3596125245094299,0.0334098003804683,-0.04216364477985064,0.09290499663782488,-0.100274309515953,0.5905857682228088,1.3042325973510742,-0.13018221371637764,2.2083711926817537,-0.0296267978847026,0.3948014080524444,0.2475303709506988,-0.30316393058119295,0.6269743873806486
18859,-0.0013878097524866,0.7064955830574036,0.039523035287857,-0.049701579869180466,0.05594236713670397,-0.0626765862107276,0.8809514045715332,1.2956039905548096,-0.05491375028955864,1.470687240898322,-0.0335651002824306,0.8003687262535095,0.2557073533535003,-0.16400406828595704,0.3194869376649124
18869,-0.0013527374248951,0.2904272079467773,0.0386678539216518,-0.12045536180278067,0.13314129277012482,-0.075245201587677,0.6091494560241699,1.3051846027374268,-0.09464180348008579,2.142634438609167,-0.0409401096403598,0.4615600109100342,0.2443684339523315,-0.36297416998353466,0.5294402205046377
18879,-0.0001013134315144,0.5038676261901855,0.0297965314239263,-0.0067481520309560904,0.059135633795769124,-0.1112086772918701,0.6847140192985535,1.473198652267456,-0.1102473457476179,2.151553218928766,-0.0113154109567403,0.5657927989959717,0.2411708682775497,-0.08292549425584499,0.42625298290384706
18889,-0.0003536021104082,0.3420302867889404,0.0261250305920839,-0.03957249894032388,0.07638221409382118,-0.1456308811903,0.6195789575576782,1.4803094863891602,-0.15878310689028405,2.389218465753583,-0.0276744347065687,0.3741034269332886,0.236215129494667,-0.3131694296798747,0.6314166417320463
18899,-0.000559436972253,0.4520463049411773,0.0256407540291547,-0.04826557102083281,0.05672152111162863,-0.0996256619691848,0.7662826776504517,1.3921059370040894,-0.09339205383969779,1.8167002564543342,-0.0359472148120403,0.506746232509613,0.2218466699123382,-0.31975828382901933,0.4377865205107958
18909,0.0008431107271462,0.4983696341514587,0.0471325181424617,0.03589321818340178,0.0945734148163163,-0.0122313434258103,0.7225992679595947,1.4557366371154783,-0.011627700335726188,2.0145836034764404,-0.0191800873726606,0.618260383605957,0.2697470188140869,-0.11500653225658593,0.436300021749425
18919,-0.0008629353833384,0.5793633460998535,0.0295253433287143,-0.05044664690504576,0.05096170395913448,-0.0720861926674842,0.7030842900276184,1.373865842819214,-0.07462775344742062,1.9540556691506308,-0.0366247966885566,0.5826046466827393,0.2402386218309402,-0.26167272110674716,0.41235273902949754
18929,-0.0005924067809246,0.3491511046886444,0.0249173231422901,-0.06809343080232216,0.0713654426627409,-0.0363903492689132,0.7907764911651611,1.3982393741607666,-0.03291174780749548,1.7681853087217423,-0.028582390397787,0.5775405168533325,0.2392068207263946,-0.20689144396131404,0.4141818863716909
18939,-0.000148042148794,0.3137983977794647,0.0342169776558876,-0.013787737681612249,0.10904127585742182,-0.0384671986103057,0.4954806268215179,1.230623483657837,-0.06308682675361296,2.4836964697332804,-0.0189835540950298,0.3644525706768036,0.2550406754016876,-0.20423353595267038,0.6997911276303155
18949,-0.0006948235677555,0.2758505642414093,0.0330284647643566,-0.07626271757957537,0.11973317819807647,-0.1010938137769699,0.5718903541564941,1.4584506750106812,-0.12120486810969958,2.5502277917623095,-0.0249693132936954,0.384793072938919,0.251824140548706,-0.25768076009470464,0.654440420731482
18959,-0.0019670077599585,0.5390936136245728,0.0372320190072059,-0.09799982464644315,0.0690641069866846,-0.0599480755627155,0.7752803564071655,1.2781603336334229,-0.060496622699586666,1.6486427433254254,-0.0378722622990608,0.6645384430885315,0.2563581466674804,-0.22230744925290852,0.38576872313966
18969,-0.001676526851952,0.3470228612422943,0.0356452614068985,-0.13553473887881265,0.10271732899467587,-0.1628129184246063,0.7418415546417236,1.2500886917114258,-0.17556457019745603,1.6851154857659096,-0.0581000559031963,0.5364837050437927,0.2495974749326706,-0.4338901862968714,0.4652470757006425
18979,-0.0001642002025619,0.3227465152740478,0.0272221304476261,-0.018689170062508354,0.08434523429172108,-0.1312004029750824,0.7621737718582153,1.6313990354537964,-0.10551664358279507,2.140455491503426,-0.0261970907449722,0.490967184305191,0.2341978847980499,-0.22783352565485954,0.477013316336983
18989,0.0003716349019668,0.6372792720794678,0.0265388656407594,0.021973758397585325,0.041644011979492156,-0.1459498703479766,0.759512722492218,1.4540284872055054,-0.13215869610526798,1.91442281892836,-0.0315851420164108,0.6590878963470459,0.2312579602003097,-0.2072253143364461,0.35087575038480107
18999,-0.0007055549649521,0.4042212069034576,0.0285578835755586,-0.06112033685861065,0.07064914726846393,-0.0226704366505146,0.7155320048332214,1.5450009107589722,-0.02050699763442084,2.159233829266779,-0.0282717682421207,0.4647833406925201,0.2450587004423141,-0.24821744033656018,0.5272536233273344
19009,-0.0003631256113294,0.6495564579963684,0.0280651282519102,-0.019919248275190756,0.04320660337744977,-0.0541824325919151,0.7112494707107544,1.4022376537322998,-0.05432689927856289,1.9715131068302072,-0.0252386406064033,0.5434365272521973,0.2379532307386398,-0.1951756019331042,0.43786756834659885
19019,-0.0010056905448436,0.3217417299747467,0.0262609086930751,-0.11902747608925753,0.08162108376534279,-0.0424887016415596,0.6003615856170654,1.2253814935684204,-0.057754954654858075,2.0410724518773886,-0.0181611441075801,0.4374407231807709,0.2350829541683197,-0.17660494265101903,0.5374052796432774
19029,-0.0016756049590185,0.2458242177963256,0.0406176708638668,-0.1678154550897298,0.16523055062670852,-0.0867954939603805,0.6697412729263306,1.278502345085144,-0.10136513121632297,1.9089496149743415,-0.0361539348959922,0.4561001658439636,0.266955703496933,-0.29693140790425754,0.5853006060696351
19039,-0.0001014492299873,0.7173992395401001,0.0373133495450019,-0.0037898638342478883,0.05201197253696868,-0.1153620928525924,0.8533813953399658,1.483663558959961,-0.09111387680570084,1.7385703122446283,-0.0367627404630184,0.7847340703010559,0.2585410475730896,-0.18119902877634864,0.3294632632350253
19049,-0.0011193365789949,0.4161401987075805,0.0394806787371635,-0.06812969047590325,0.09487350383303479,-0.0746982097625732,0.669244647026062,1.3938874006271362,-0.08007511938910095,2.0827770633970495,-0.0363159403204917,0.399559736251831,0.2478565424680709,-0.3667036129240509,0.6203241217274557
19059,-0.0006312588229775,0.2579401731491089,0.0286926515400409,-0.08529386415478932,0.1112376222351932,-0.0574823543429374,0.728269636631012,1.1767181158065796,-0.06707642448491732,1.6157725883645213,-0.0270566642284393,0.4373028576374054,0.21328666806221,-0.2900869734678592,0.48773216167514516
19069,-0.0005998894921503,0.5244496464729309,0.0311720073223114,-0.03669464480478707,0.059437559986839125,-0.075994037091732,0.7161955833435059,1.7256208658218384,-0.06148971703658602,2.4094268464570887,-0.0374574661254882,0.646640956401825,0.2496670186519622,-0.23201390412119205,0.3860983690875563
19079,-0.0019675106741487,0.2538549304008484,0.0488569401204586,-0.15863727112400036,0.1924600796341095,-0.0653126016259193,0.6545635461807251,1.3706234693527222,-0.07279926666542627,2.0939502013977003,-0.0440481081604957,0.5005508065223694,0.278681993484497,-0.31576950513105273,0.5567506631757726
19089,-0.0012927772477269,0.3953368067741394,0.0273131038993597,-0.1197251509546009,0.0690881886820217,-0.0560472384095191,0.7701611518859863,1.487797737121582,-0.048913497369983225,1.9318005504149782,-0.0310813151299953,0.6873631477355957,0.2208927124738693,-0.20470655718670822,0.3213624605880659
19099,-0.00031219702214,0.3634074926376343,0.0306721683591604,-0.028008535401726174,0.08440158494405244,-0.0581781268119812,0.6335872411727905,1.4108331203460691,-0.06508451372159609,2.2267385273329863,-0.0224316045641899,0.3678080141544342,0.2259209901094436,-0.26994952639073905,0.6142361814187782
19109,-0.0011011412134394,0.1467647105455398,0.0383975394070148,-0.1953970400300223,0.2616265126970041,-0.0414480753242969,0.3937779664993286,1.2941129207611084,-0.08133562032741459,3.286402569106961,-0.0440865978598594,0.3167676031589508,0.27397620677948,-0.5079874450593469,0.8649123333550037
19119,-0.0006390513735823,0.4358678162097931,0.0240713153034448,-0.060908954996747186,0.05522618190249387,-0.10498658567667,0.7157734036445618,1.2706639766693115,-0.11543234997687969,1.7752321757128278,-0.0248190015554428,0.6870427131652832,0.2128939628601074,-0.1696825657004057,0.3098700543366233
19129,-0.0024365535937249,0.299656867980957,0.0411597788333892,-0.19755075782207887,0.1373563673368063,-0.1092421039938926,0.54200279712677,1.4355076551437378,-0.14040514275247673,2.6485244407474604,-0.0526119209825992,0.4668831825256347,0.2576015293598175,-0.43744906388725546,0.5517472871186009
19139,-0.000897852005437,0.2619991898536682,0.0305671039968729,-0.11211159055982974,0.11666869662438742,-0.1117535829544067,0.5697950720787048,1.6222926378250122,-0.12089645595822282,2.8471510501251363,-0.0392560176551342,0.4160515367984772,0.247204452753067,-0.38168300306559405,0.5941678635663961
19149,-0.0002201822644565,0.451362282037735,0.0328992269933223,-0.014827617544031418,0.07288873772259918,-0.09584791213274,0.5734471082687378,1.463570237159729,-0.11420252883445164,2.5522323088842707,-0.0294892955571413,0.4507314264774322,0.2484464645385742,-0.2633381241753995,0.5512073264565539
19159,-0.000493308645673,0.4229086935520172,0.0260270088911056,-0.04481752337307132,0.061542856148225085,-0.0937569141387939,0.6967407464981079,1.5873432159423828,-0.0847737227297093,2.278240829060933,-0.0342024080455303,0.4559325277805328,0.2511101961135864,-0.29873888751197036,0.5507617483139097
19169,-0.0001421114138793,0.5692087411880493,0.034643966704607,-0.007206589539299383,0.06086337787486944,-0.0725755542516708,0.6630198955535889,1.4932845830917358,-0.07330291056875182,2.252247018688507,-0.0185166336596012,0.4774444103240967,0.2456632554531097,-0.15786978536239882,0.5145379234544807
19179,0.0003926644858438,0.3921673893928528,0.0326841212809085,0.030634678941473446,0.08334227211372554,-0.0315894857048988,0.5726513266563416,1.3828659057617188,-0.03989075121040377,2.4148479910736356,-0.0236562676727771,0.4527364671230316,0.2307463884353637,-0.2264466163872327,0.5096704268195346
19189,-0.0007242418359965,0.1210910975933075,0.0363450534641742,-0.16456068274627245,0.3001463706790526,-0.0587666258215904,0.496828019618988,1.3744049072265625,-0.0860617113501814,2.7663594905146023,-0.0333357527852058,0.3585795164108276,0.2501067817211151,-0.3717057862266897,0.6974932205401427
19199,-0.0002064211585093,0.1240472644567489,0.0227624084800481,-0.07310529046647511,0.1834978673631661,-0.0655379071831703,0.4335428774356842,1.5249402523040771,-0.09913058864620962,3.5173920081994683,-0.0212957523763179,0.3430497348308563,0.2207890450954437,-0.2811631363020757,0.6436065173007806
19209,0.0005035804933868,0.4092240035533905,0.0331051498651504,0.037171684372769256,0.08089738035327942,-0.0676893442869186,0.5313680171966553,1.328654408454895,-0.09587665271258322,2.5004410605374656,-0.0236098412424325,0.5544467568397522,0.2503129839897156,-0.1701178329624774,0.4514644208876882
19219,-0.0011316767195239,0.2516884207725525,0.0339397639036178,-0.13248000296308488,0.134848332710104,-0.1479818969964981,0.5661652088165283,1.4480758905410769,-0.18049870450838726,2.5576914087816034,-0.0351657569408416,0.35658860206604,0.2441387325525283,-0.40393903819855875,0.6846509707209149
19229,-0.0016200081445276,0.3975742161273956,0.0465964563190937,-0.08744723799890784,0.11720190703755973,-0.0964476019144058,0.567916989326477,1.3029996156692505,-0.13033536883316035,2.2943487167280328,-0.0404408499598503,0.3583078980445862,0.2668643295764923,-0.4229347459239356,0.744790530805673
19239,0.0002763401425909,0.2675411701202392,0.0331262275576591,0.0311803778892238,0.12381730835209925,-0.0360885709524154,0.4186958968639374,1.4752545356750488,-0.05842571307664527,3.5234511413290943,-0.023044878616929,0.2859537899494171,0.2309653013944625,-0.34892479222264833,0.8077014871364998
19249,-0.0001158100785687,0.3480554521083832,0.033260453492403,-0.010003909373480111,0.09556078863561608,-0.0389080941677093,0.6147845387458801,1.4409455060958862,-0.043920721372463,2.3438219657171597,-0.0337412916123867,0.4242987036705017,0.2528807818889618,-0.3144663448676967,0.5959970645711465
19259,-0.0005476741353049,0.4687074422836303,0.0177433844655752,-0.0658542667976807,0.03785599046417124,-0.0880734920501709,0.571311891078949,1.3025424480438232,-0.1183532170964867,2.279914821278989,-0.0214154869318008,0.4389185309410095,0.2068962156772613,-0.2358258940130488,0.4713772627318578
19269,-0.0009537587757222,0.3586879968643188,0.0351935476064682,-0.07555420778660965,0.09811743887203701,-0.1018934696912765,0.685164749622345,1.2989461421966553,-0.11448805977271774,1.895815777026795,-0.0275320410728454,0.4976738393306732,0.2344966977834701,-0.23591571163148686,0.47118550193204284
19279,-0.0017668303335085,0.2706973254680633,0.0364874005317688,-0.17888254201137777,0.1347903990875357,-0.1044296473264694,0.7711241245269775,1.2084180116653442,-0.11206818316533432,1.567086248801529,-0.0361977331340312,0.3588722348213196,0.2428476512432098,-0.41534368072756844,0.6766966838884102
19289,-0.0008646427304483,0.2148417383432388,0.0258018132299184,-0.1559796026067783,0.12009683699680603,-0.0001421219203621,0.6818626523017883,1.2611044645309448,-0.0001652772584893208,1.8494992507270915,-0.0331211648881435,0.3948060274124145,0.2228123247623443,-0.37651529102727244,0.5643589745138173
19299,-3.10358955175e-05,0.614057183265686,0.0296082179993391,-0.0017070380249199334,0.0482173628225898,-0.1011828333139419,0.7215202450752258,1.4950056076049805,-0.09380273326719857,2.0720217039081295,-0.027497699484229,0.7120741009712219,0.2404451817274093,-0.16060353213906925,0.3376687642472293
19309,-0.0013572419993579,0.3412477672100067,0.0376487895846366,-0.1056419608540761,0.11032684519065943,-0.086711972951889,0.5815181732177734,1.3756544589996338,-0.10839429275126063,2.3656259122351853,-0.0213584750890731,0.4587605595588684,0.2524223625659942,-0.18444052151283105,0.550226817250194
19319,-0.0005561756552197,0.5015194416046143,0.0312687456607818,-0.03546612512003146,0.06234802296145743,-0.1229474693536758,0.6712042093276978,1.270061731338501,-0.14422484877153674,1.8922135971266336,-0.0415124557912349,0.6563231348991394,0.2261562496423721,-0.2796740164254601,0.3445806457472
19329,-8.53582823765e-05,0.7232881188392639,0.0339407697319984,-0.0034770637148433844,0.046925656384991785,-0.0214820429682731,0.7257108092308044,1.3319878578186035,-0.022223462428883897,1.8354251319894275,-0.0265272408723831,0.6577486395835876,0.2467506974935531,-0.1634457880436679,0.3751443676869752
19339,-0.0012501020682975,0.4305963218212127,0.0250484030693769,-0.11590311677316031,0.05817142831929998,-0.0933342427015304,0.6988832950592041,1.3324705362319946,-0.10022561583780473,1.9065708762134854,-0.039066020399332,0.676381528377533,0.2227268815040588,-0.25931927420700057,0.3292917860106616
19349,-0.0003904309705831,0.3488635420799255,0.0357620567083358,-0.03129436811904397,0.1025101576826352,-0.027609571814537,0.5831950902938843,1.2314199209213257,-0.03844497981850451,2.111505980444361,-0.0240335129201412,0.4251966774463653,0.2270887196063995,-0.24890397443059759,0.5340792429758454
19359,-0.0030998748261481,0.4455733001232147,0.0395856387913227,-0.1757467654746291,0.08884203514971847,-0.0756651759147644,0.7968999147415161,1.5044305324554443,-0.06311318929249958,1.8878538002396752,-0.0518463216722011,0.6601632833480835,0.260334312915802,-0.30167211661956017,0.3943483672637635
19369,-0.0005559819401241,0.199114128947258,0.036171581596136,-0.07719534417054544,0.18166255597922562,-0.054546769708395,0.4261423945426941,1.3987414836883545,-0.0915117455228596,3.2823335617414573,-0.0271202027797698,0.3360778987407684,0.2396131306886673,-0.3367769548806536,0.7129690217252025
19379,-0.001023527001962,0.3985019028186798,0.0362807400524616,-0.07079339951407185,0.09104282763982059,-0.061281532049179,0.5929407477378845,1.430795192718506,-0.07223386367104823,2.4130491928191846,-0.0295159015804529,0.5150006413459778,0.2427466362714767,-0.2360994976519338,0.4713521047994178
19389,-0.0007599037489853,0.5996611714363098,0.0325408168137073,-0.03894253404388798,0.05426533910102177,-0.0097254924476146,0.7873481512069702,1.3228776454925537,-0.009337381671791607,1.6801686057999123,-0.0321098901331424,0.6734199523925781,0.235487699508667,-0.20248115655246826,0.3496892224116737
19399,0.0002851236204151,0.4813275039196014,0.0270310305058956,0.021914416703890233,0.05615933077950753,-0.0924630761146545,0.5892157554626465,1.4749362468719482,-0.10639488214483085,2.5032192930989137,-0.0306026022881269,0.5309241414070129,0.2269963175058365,-0.2539259424457972,0.42754943654336175
19409,-0.000113768815936,0.6113748550415039,0.0370701812207698,-0.00501985249817341,0.06063412800687271,-0.0975294858217239,0.8753793239593506,1.4396322965621948,-0.07739057421915094,1.644581105766494,-0.0405035577714443,0.6937118768692017,0.2553266882896423,-0.22867454855848157,0.36805869526403356
19419,0.0002011921023949,0.5655182003974915,0.0293660480529069,0.012114872201050902,0.05192767983818397,-0.0406704135239124,0.5847427845001221,1.2693488597869873,-0.05479396392584171,2.170781570006226,-0.016622295603156,0.5998109579086304,0.2243819534778595,-0.12350617763774932,0.3740877863589144
19429,-0.0009674170869402,0.5453673005104065,0.0355623289942741,-0.04988092100860653,0.06520803312004862,-0.0503074638545513,0.6368401646614075,1.3953213691711426,-0.056614507337774594,2.1910071735393783,-0.0412825867533683,0.6118307709693909,0.2620894610881805,-0.25744592923718257,0.4283692052181738
19439,-0.0006902002496644,0.4885839521884918,0.0364369042217731,-0.03876987875071572,0.07457654730279809,-0.0565083362162113,0.7182372212409973,1.557512640953064,-0.050514148021768825,2.168521200087535,-0.0238629970699548,0.5161126255989075,0.2480245679616928,-0.18641712371197597,0.48056287651145935
19449,-0.0011419417569413,0.4372244477272033,0.0400802306830883,-0.06516423536221896,0.09166969251475958,-0.0304151978343725,0.572477400302887,1.3273282051086426,-0.040027086147092786,2.3185687407160147,-0.0396353080868721,0.5688267350196838,0.259982019662857,-0.26801489141883056,0.45704957882097524
19459,-0.0017427910352125,0.4048566520214081,0.0439984202384948,-0.09783786217083826,0.1086765402490367,-0.0470247082412242,0.5990323424339294,1.317719578742981,-0.059573462114949856,2.199746967565978,-0.0385090820491313,0.5153893828392029,0.2543910443782806,-0.2937148335531402,0.4935899978708883
19469,-0.0015378377865999,0.5583956241607666,0.0414459258317947,-0.06644872864732164,0.07422322818894812,-0.0038261506706476,0.7827521562576294,1.2493361234664917,-0.00391253736516095,1.5960813566322445,-0.0403061583638191,0.5499050617218018,0.2618487179279327,-0.27991955419967884,0.4761707722930591
19479,-0.0020419231150299,0.4472836554050445,0.0358566977083683,-0.12731690337198603,0.08016545490779833,-0.1161615848541259,0.7723831534385681,1.503313422203064,-0.10004150140375251,1.9463311900453442,-0.0475791804492473,0.5473949909210205,0.248485118150711,-0.34979673725557336,0.4539411618155692
19489,-0.0009422714356333,0.4806754887104034,0.0382041223347187,-0.05131139504767014,0.07948007175738445,-0.0269548241049051,0.6340875625610352,1.3502048254013062,-0.0314838338410596,2.129366518321103,-0.0302559789270162,0.4423812329769134,0.2541849911212921,-0.2690695863840451,0.5745835767281685
19499,-0.0007518025231547,0.4365059733390808,0.0260889548808336,-0.06601717043703646,0.05976769271051309,-0.0520565025508403,0.6196790933609009,1.0961716175079346,-0.07663542834837103,1.768934323026329,-0.0205493681132793,0.4356501400470733,0.2063100636005401,-0.22863367706791812,0.4735682251318631
19509,-0.0008998613338917,0.4021807909011841,0.0319017805159091,-0.07013573367908515,0.07932198960677705,-0.0638841763138771,0.7244788408279419,1.3998723030090332,-0.06299109714371635,1.9322473261044377,-0.0287893582135438,0.523861825466156,0.2434573918581009,-0.2257315513919088,0.4647358903112695
19519,-0.0006503293989226,0.3862128257751465,0.0342103838920593,-0.049220808982978266,0.08857909838544983,-0.1097696498036384,0.7289623022079468,1.4166938066482544,-0.1062921553827492,1.9434390535110586,-0.0239449217915534,0.4241508841514587,0.2511170208454132,-0.224810657524581,0.5920464396715548
19529,-0.0002055051154457,0.2512384951114654,0.0321927890181541,-0.02540843114093913,0.1281363709962971,-0.0561798438429832,0.5428164005279541,1.4236249923706057,-0.072699590270807,2.6226639264877765,-0.029176877811551,0.3676885068416595,0.2443699091672897,-0.32472149236979864,0.6646112255897206
19539,0.0013740753056481,0.630233645439148,0.0297321621328592,0.07333013048066803,0.04717641203071882,-0.0655030459165573,0.5943470597267151,1.41618812084198,-0.07782164910148767,2.3827628952907633,-0.003388648154214,0.5382218360900879,0.2306480407714843,-0.027297029855024576,0.42853712968434504
19549,-0.0006738593801856,0.399386465549469,0.0295688547194004,-0.05706126972488658,0.07403569542277824,-0.0850235074758529,0.6581071019172668,1.3817236423492432,-0.09350207539938109,2.0995422148216614,-0.0330862142145633,0.5103339552879333,0.2272372990846634,-0.2853073719036932,0.4452717612263421
19559,-0.0006132467533461,0.3167642056941986,0.0307626090943813,-0.06293264574965902,0.0971151681325991,-0.0877126455307006,0.5669054388999939,1.45977520942688,-0.1059901733558782,2.5749888945489454,-0.0345499813556671,0.3938184380531311,0.2442901730537414,-0.3591251123121686,0.620311670173207
19569,-0.0004391833790577,0.2355557382106781,0.0359809510409832,-0.05181787144584673,0.15274920201180703,-0.177681103348732,0.580436646938324,1.513837814331055,-0.20221206695755736,2.6081017150040706,-0.0291911456733942,0.2747297883033752,0.2362234145402908,-0.44980310171826937,0.85983910226523
19579,-0.0002594942925497,0.5058410167694092,0.0244483333081007,-0.020982851675817097,0.04833204998725049,-0.0104030929505825,0.7389882802963257,1.2914178371429443,-0.010900794371381918,1.7475484680556785,-0.0149424234405159,0.6326896548271179,0.2200649380683899,-0.1073197005221939,0.3478244608385805
19589,-0.0011867412831634,0.2938794791698456,0.0323540605604648,-0.12481247489623247,0.1100929559690896,-0.1001273691654205,0.7259780764579773,1.7724392414093018,-0.07781403622771454,2.441450091794746,-0.0403912514448165,0.5018708109855652,0.2464107573032379,-0.32661468557874274,0.49098443645156553
19599,-0.0008071690099313,0.4071795642375946,0.0254937913268804,-0.07775782057429871,0.06261068473467013,-0.0617774315178394,0.7690398097038269,1.4847407341003418,-0.05410412807456096,1.9306422312157625,-0.0241654515266418,0.6223178505897522,0.2379170656204223,-0.16321386940956945,0.3823079562878605
19609,-0.0010909485863521,0.3214785456657409,0.0287450309842824,-0.11805639240162559,0.08941508343816575,-0.0879823639988899,0.6584486365318298,1.2880641222000122,-0.10373761060060004,1.9562104782910372,-0.0531703382730484,0.481150209903717,0.2426514774560928,-0.4554133986156195,0.5043154351000902
19619,-0.0002396060735918,0.3553924858570099,0.0362949706614017,-0.018575612020292488,0.1021264435962351,-0.1090016216039657,0.6428797245025635,1.641038417816162,-0.10332002002620702,2.552636761232339,-0.0372327901422977,0.4117855131626129,0.2729169726371765,-0.3313019358104399,0.6627648713066853
19629,0.0003179302148055,0.5541649460792542,0.0349803678691387,0.016400926419904538,0.06312266431976006,-0.0469395667314529,0.6691482663154602,1.479069709777832,-0.047427264514783095,2.2103766597529315,-0.0107046552002429,0.604572594165802,0.2460869252681732,-0.07195080988912453,0.4070428061790123
19639,-0.0010135051561519,0.393524557352066,0.0411165468394756,-0.06263794339068444,0.10448279801428188,-0.0906101167201995,0.636854887008667,1.3718069791793823,-0.10371538791284443,2.154033842187841,-0.0366515889763832,0.5818943381309509,0.2524913549423218,-0.24946071524347607,0.43391271988197366
19649,0.0005495676887221,0.6472006440162659,0.0342672578990459,0.02478009100557045,0.0529468847348438,0.0073695043101906,0.7582282423973083,1.4032150506973269,0.0069265039467920056,1.8506499392066278,-0.0128851644694805,0.6855385899543762,0.2445946633815765,-0.07684419797578924,0.35679196906749583
19659,-0.0009950792882591,0.288655936717987,0.0373930260539054,-0.0921905871121667,0.12954185692164677,-0.0533903501927852,0.6200228929519653,1.2697902917861938,-0.0678145746298481,2.0479732381181086,-0.034278891980648,0.4153729379177093,0.2493455708026886,-0.33096869617541363,0.6002932498507815
19669,-0.0009364727884531,0.443988025188446,0.0249443426728248,-0.0845574429915873,0.0561824672236091,-0.117379680275917,0.7333690524101257,1.3612616062164309,-0.11757872527483527,1.8561754163784452,-0.0268880352377891,0.5592652559280396,0.2251878827810287,-0.2134991798746867,0.40264951272067495
19679,-0.0010177557123824,0.5094038248062134,0.0304612014442682,-0.06558949973357564,0.05979774780029617,-0.1043879389762878,0.6941254734992981,1.4380772113800049,-0.1045755448603384,2.0717827918491727,-0.0313799045979976,0.5216757655143738,0.2584829330444336,-0.23271216354106627,0.4954857981366428
19689,-0.0006793453358113,0.2478167861700058,0.0301083326339721,-0.09104857898957454,0.1214943228797962,-0.1397052258253097,0.7399134039878845,1.4268579483032229,-0.1323277773614594,1.928412082566606,-0.0384193733334541,0.4592094719409942,0.2475788593292236,-0.337929325536103,0.5391414473284996
19699,-0.0010334883118048,0.2198387831449508,0.0391905605792999,-0.11995539419330538,0.1782695483419756,-0.1164149418473243,0.6455658674240112,1.284148097038269,-0.14042778732390915,1.9891821452121996,-0.0280575901269912,0.3480947613716125,0.2536956965923309,-0.3177165066723343,0.7288121648044429
19709,-0.0019243184942752,0.3106224536895752,0.0407764427363872,-0.15192693338921828,0.13127332635501518,-0.1469101309776306,0.6771296858787537,1.3664402961730957,-0.15877759926934445,2.0179890568522048,-0.0479608476161956,0.4259773194789886,0.2485793083906173,-0.4529344957802749,0.5835505718817466
19719,-0.000774881162215,0.4006054401397705,0.0365874767303466,-0.052867138124773616,0.09133045401875046,-0.0812464654445648,0.5473824143409729,1.708485126495361,-0.08687652344462564,3.1211911119802975,-0.0317342877388,0.4082838594913482,0.2594267725944519,-0.2996068585246674,0.6354078579487645
19729,-0.0001987080322578,0.4831948280334472,0.0361619815230369,-0.011372106694994133,0.07483933896853245,-0.0453436709940433,0.7239659428596497,1.3804913759231567,-0.0453695887990343,1.9068457425914898,-0.0234535634517669,0.5410717725753784,0.2471624463796615,-0.17537653064541592,0.45680159067109444
19739,-0.0014132383512333,0.4323913753032684,0.0329578593373298,-0.09916979052008766,0.0762222866129418,-0.0957167446613311,0.7574753761291504,1.4364506006240845,-0.08796880757242048,1.8963660679831367,-0.0292788110673427,0.6376068592071533,0.2209956794977188,-0.20778618698122062,0.3466017912237031
19749,-0.0010149974841624,0.5816459059715271,0.0486015155911445,-0.035905127865824636,0.0835585965484706,-0.0797231718897819,0.7317491769790649,1.3135634660720823,-0.08294138166669923,1.7951007085446478,-0.0391758903861045,0.6046030521392822,0.2537585198879242,-0.2553453233195532,0.4197109475217567
19759,0.0005000937962904,0.5899364948272705,0.036454290151596,0.023253994087995108,0.06179358366745826,-0.0462157800793647,0.7450159788131714,1.2725437879562378,-0.04874745704344151,1.7080758321229983,-0.0228894986212253,0.6717806458473206,0.2489426136016845,-0.13687040346935264,0.370571279688613
19769,-0.0008983226143755,0.2216023206710815,0.0362453535199165,-0.11184219673431742,0.16356035176055095,-0.0618060752749443,0.6767852902412415,1.3556283712387085,-0.06736582088791457,2.003040537059386,-0.0398664027452468,0.4522111117839813,0.2365276515483856,-0.3727210324187073,0.5230469694017017
19779,-0.0003647878183983,0.6261835098266602,0.0300139617174863,-0.019409545968181,0.047931574764392554,-0.0197417773306369,0.6939730048179626,1.3362376689910889,-0.02128923038050287,1.925489406236486,-0.0184781737625598,0.6492372751235962,0.2443202286958694,-0.11649201948662016,0.37631885607516574
19789,-0.0017735332949087,0.835899829864502,0.0464239045977592,-0.04570286692604024,0.05553764092198037,-0.0469641499221324,0.9118348956108092,1.3345890045166016,-0.03859248240607738,1.4636301055605059,-0.0390708930790424,0.7205783724784851,0.2624736130237579,-0.20657914038339445,0.3642540812333287
19799,-0.0005918662063777,0.3851316571235657,0.0313216932117939,-0.049064693943249284,0.08132723610862413,-0.0978351086378097,0.5920873284339905,1.3092236518859863,-0.12621039399278686,2.211200255456821,-0.0339820384979248,0.5329845547676086,0.2399972528219223,-0.2656614465994987,0.4502893201596914
19809,-8.58417042763e-05,0.4650031626224518,0.0362945981323719,-0.00508628197002085,0.0780523683488158,-0.023772619664669,0.4805007576942444,1.279718995094299,-0.038660578563620956,2.6633027619669623,-0.0175315476953983,0.4909198880195617,0.2488481402397155,-0.14350770912784183,0.5069017294117032
19819,-0.0001440431806258,0.2604824304580688,0.024430276826024,-0.022635280406693575,0.09378857830473394,-0.0478777475655078,0.2957271337509155,1.301365852355957,-0.12440651657017707,4.400562896781967,-0.0117707671597599,0.2638539671897888,0.2190429270267486,-0.20366289192593093,0.8301672677492552
19829,-0.000653909810353,0.2996587455272674,0.0255538299679756,-0.08539548219264344,0.08527643644443654,-0.071261927485466,0.6274357438087463,1.398446559906006,-0.08121615669694945,2.2288283281678605,-0.0333195701241493,0.4594977498054504,0.2251433134078979,-0.3220749495675807,0.4899769661619077
19839,-0.0012352721532806,0.2549765408039093,0.0305109452456235,-0.1587840093518756,0.1196617741750919,-0.1115612462162971,0.6219165921211243,1.4218031167984009,-0.12616583070758852,2.286163666978499,-0.0358945354819297,0.4111988544464111,0.2468505203723907,-0.3536245389622333,0.600319085773526
19849,-0.0020932031329721,0.4371936023235321,0.0412801019847393,-0.11598366191029279,0.09442064514519402,-0.1062797307968139,0.6994422674179077,1.3566324710845947,-0.11200473031958069,1.939591778021651,-0.0439697206020355,0.4629091322422027,0.2531418204307556,-0.37522698040596303,0.5468499167527917
19859,-0.0017556776292622,0.5322737097740173,0.0340922065079212,-0.09675081878742493,0.06405014165060946,-0.0739602744579315,0.7303591370582581,1.4891648292541504,-0.06800162276773537,2.0389487222029032,-0.0316367968916893,0.7508746981620789,0.2394408732652664,-0.17596518410020326,0.31888259632578836
19869,-6.62027377984e-05,0.3669092357158661,0.0329783409833908,-0.005471274470374073,0.08988146869360676,-0.0771897062659263,0.4283022880554199,1.45654559135437,-0.12373281992103946,3.40074202724292,-0.0238488055765628,0.3390012085437774,0.2472418248653412,-0.284540077982017,0.7293243169468325
19879,-0.0018298940267413,0.4181623756885528,0.0338477939367294,-0.12928573735469062,0.08094414013454723,-0.1157703399658203,0.7239530086517334,1.332542061805725,-0.12000684130271011,1.8406471772075486,-0.0436820313334465,0.4927429854869842,0.2560073733329773,-0.3462819877291906,0.5195555916031193
19889,-0.0008232632535509,0.442762017250061,0.035084705799818,-0.052996908267093724,0.07924055007636988,-0.1577054262161255,0.7032923102378845,1.368708252906799,-0.1638324333222345,1.946144203459073,-0.0282687917351722,0.4511134922504425,0.2496027052402496,-0.25105688833553474,0.5533035688980875
19899,-0.0010910123819485,0.5416914224624634,0.0293843559920787,-0.06854275301974551,0.05424556264616669,-0.0851678699254989,0.723975658416748,1.4867534637451172,-0.07912484313354161,2.0535959275156803,-0.0434813871979713,0.6957881450653076,0.2434479892253875,-0.2566966342452066,0.34988809589812303
19909,-0.0012273486936464,0.4886625111103058,0.0351174101233482,-0.07152147504894811,0.07186434261870592,-0.0316498950123786,0.624764084815979,1.3195682764053345,-0.038390551570489796,2.112106487033432,-0.0338888056576252,0.6051089763641357,0.2466651499271392,-0.22704653231114014,0.4076375654006226
19919,-0.0002713423746172,0.2975813746452331,0.0275433771312236,-0.033105083460395444,0.09255746319493256,-0.0785852000117302,0.5942208766937256,1.4012361764907837,-0.09438033529629743,2.3581066089218057,-0.0219943076372146,0.3769007921218872,0.2311761677265167,-0.2524295453378689,0.61336079031576
19929,-0.0011895443312823,0.3735415339469909,0.0344471409916877,-0.09244609080764614,0.09221769966971351,-0.0500949323177337,0.5361580848693848,1.1971646547317505,-0.07804535291069421,2.2328576002419056,-0.0228838585317134,0.514059841632843,0.2405312061309814,-0.18507346122051396,0.4679050698980217
19939,-0.0017376197502017,0.4379667043685913,0.0319301225244998,-0.12425476830714843,0.07290536519330364,-0.097127616405487,0.7442152500152588,1.4439661502838137,-0.0903830834360062,1.9402533746173674,-0.0448368042707443,0.5896629691123962,0.2370543926954269,-0.32076190831784235,0.4020167538284768
19949,-0.0021776761859655,0.3988504111766815,0.0375567376613616,-0.14537689781502475,0.09416246444515969,-0.1296322494745254,0.8092687129974365,1.453340768814087,-0.11021808227419837,1.7958692155922882,-0.0517492108047008,0.4784230589866638,0.2547106742858886,-0.4246630571529606,0.5323963164011891
19959,-0.0007812950061634,0.3170298933982849,0.0359520427882671,-0.06854744342675517,0.11340269020972266,-0.115173652768135,0.5631852746009827,1.569340467453003,-0.13031207977619988,2.7865438572854773,-0.0347239598631858,0.4173001945018768,0.2521159946918487,-0.3300503969778188,0.6041597823667317
19969,-0.0006298617227002,0.4861029684543609,0.0367397181689739,-0.03526802362141089,0.0755801148176352,-0.093715026974678,0.6515765190124512,1.257609486579895,-0.11436628253067868,1.9301025280744701,-0.0190412625670433,0.5544609427452087,0.2410199791193008,-0.14248585021446294,0.4346924382553969
19979,-0.0002904537250287,0.4651741683483124,0.025019958615303,-0.024955988322992707,0.053786216685550337,-0.0745237097144126,0.7749233245849609,1.317423701286316,-0.0729978821057778,1.7000697481804554,-0.0219563022255897,0.5201446413993835,0.2202962785959243,-0.1916142972301676,0.42352888228021524
19989,-0.0009605071390978,0.2689245641231537,0.0343074388802051,-0.1041074539408408,0.12757272282681492,-0.0720126703381538,0.5108597874641418,1.4215344190597534,-0.09916303664566978,2.782631269758208,-0.0291131418198347,0.4316668808460235,0.2309460043907165,-0.29203163093459356,0.5350097833266375
19999,-0.0012919721193611,0.5769681334495544,0.0392892807722091,-0.056993750351892476,0.06809610183721566,-0.0547026097774505,0.7815330028533936,1.2517064809799194,-0.05591884894878951,1.6016041247265471,-0.0307443961501121,0.6814873218536377,0.2426860481500625,-0.18589314582684505,0.3561123448195034
20009,-0.0005466032307595,0.1687076985836029,0.0316965207457542,-0.102217604736628,0.18787833046069932,-0.226887360215187,0.5528077483177185,1.3020837306976318,-0.31520802665813463,2.3554006517818875,-0.01937354542315,0.3189538419246673,0.2275211215019226,-0.26696820888071865,0.7133355727242191
20019,-0.0021065308246761,0.2226698845624923,0.0379982888698577,-0.24896729141430068,0.17064853176942965,-0.1678800731897354,0.6462466716766357,1.4689494371414185,-0.176845487814591,2.273047586195447,-0.052143670618534,0.439881682395935,0.2549547553062439,-0.4649460962957553,0.5795984818407613
20029,0.0001944542018463,0.3462316393852234,0.0307529345154762,0.018262659268054666,0.08882184935519409,-0.0134213864803314,0.4892008304595947,1.2280473709106443,-0.02234061257095403,2.51031334054956,-0.0226050317287445,0.3883453011512756,0.2315322756767273,-0.2514059349502194,0.5962020783831667
20039,0.0002835260820575,0.4608963429927826,0.0407181940972805,0.01510780066771694,0.08834566538949112,-0.0457212105393409,0.7890008091926575,1.381975173950195,-0.04193146446639625,1.7515510223168171,-0.0210954025387763,0.4879671335220337,0.253751665353775,-0.17036812516343638,0.5200179436722598
20049,-0.0003469969669822,0.364704817533493,0.0328797958791255,-0.028937104049150033,0.090154542244581,-0.0750877037644386,0.6107290387153625,1.241653323173523,-0.09901931055206614,2.033067439834329,-0.0176540873944759,0.481765478849411,0.2179763168096542,-0.1681126077884326,0.45245316731751273
20059,-8.87649366632e-05,0.6274163722991943,0.0316086672246456,-0.004475890115652496,0.05037909213113818,-0.0286997407674789,0.8040583729743958,1.2385547161102295,-0.02881875386710351,1.5403791039803894,-0.0305230319499969,0.7156766057014465,0.2504755854606628,-0.17027286747481815,0.34998431339692526
20069,-0.0009210427524521,0.2373024821281433,0.0364106819033622,-0.10659791154439133,0.15343573980697106,-0.0803278237581253,0.6755543947219849,1.5315817594528198,-0.07763641846141481,2.267147947550724,-0.0378986522555351,0.6102684736251831,0.2345169186592102,-0.26480650639959563,0.3842848333064091
20079,-0.0009782692650333,0.4252995252609253,0.0434804446995258,-0.05290168851474989,0.10223487710890374,-0.0579807683825492,0.6247481107711792,1.190403699874878,-0.07796231867190667,1.9054138449581903,-0.0280378963798284,0.4867332577705383,0.2461879998445511,-0.23398473458650834,0.5057965444403884
20089,-0.0011206682538613,0.3184641003608703,0.0365932695567607,-0.09616463158557494,0.11490547761990982,-0.1178687065839767,0.6966870427131653,1.275574803352356,-0.13263399546705196,1.8309150668064398,-0.0284045524895191,0.3497207164764404,0.2321265339851379,-0.349898278047511,0.6637483084327822
20099,-0.0001622763375053,0.242467314004898,0.0237418562173843,-0.028189496917388458,0.0979177598218649,-0.0798175483942031,0.3764475882053375,1.59168541431427,-0.13320993874614567,4.228172697034434,-0.0217835810035467,0.3081356883049011,0.2181687653064727,-0.3240370724983204,0.7080282277805942
20109,-0.0003109405806753,0.7021346688270569,0.0399696230888366,-0.011079672793322512,0.056925864600315776,0.0706048309803009,0.7550708055496216,1.3041038513183594,0.07170254346395555,1.727127895468151,-0.0255607217550277,0.7403833866119385,0.2737247049808502,-0.12612536942839647,0.36970670861948873
20119,-0.0004400700563564,0.4454560279846191,0.0358510725200176,-0.027555914344601907,0.0804817316811694,-0.0683131068944931,0.6669101715087891,1.4088035821914673,-0.07270867813984755,2.1124337915018603,-0.0328170247375965,0.5779971480369568,0.2674775719642639,-0.21226878627605622,0.46276624871367283
20129,-0.0022672689519822,0.636488676071167,0.0411470979452133,-0.0865711425005987,0.06464702278632929,-0.1040704399347305,0.9814084768295288,1.4204777479171753,-0.07465229280578235,1.4473868745316667,-0.0418599173426628,0.8161476254463196,0.2741861343383789,-0.18706138968617542,0.33595164133258015
20139,-0.0002278761239722,0.6644489765167236,0.0283638164401054,-0.012091286752503169,0.0426877268873203,-0.0567100495100021,0.8079032897949219,1.4537291526794434,-0.04828554638382761,1.7993851133450118,-0.0116851115599274,0.6882323622703552,0.2278382331132888,-0.07451971216205594,0.3310484156276687
20149,-0.000185772893019,0.5715970396995544,0.0289498250931501,-0.011226552955673274,0.05064726211382558,-0.1038376241922378,0.7774689793586731,1.378162503242493,-0.0969105913057873,1.772626998416485,-0.044982623308897,0.6084113121032715,0.2515687644481659,-0.29389404217072135,0.41348469274592436
20159,-9.09023656276e-05,0.4811955392360687,0.0325907431542873,-0.005796413096636818,0.06772868926845697,-0.1110230907797813,0.7048859596252441,1.3386551141738892,-0.11765916227579992,1.8991087790790886,-0.0243147164583206,0.5887637138366699,0.2401025891304016,-0.1720011418835006,0.4078080620250468
20169,-0.0006024299655109,0.353945255279541,0.0331416949629783,-0.05135653984426995,0.09363508754144324,-0.0491134338080883,0.5620905756950378,1.368763446807861,-0.0638359898176472,2.435129685487706,-0.0212924592196941,0.4268549680709839,0.2307194620370865,-0.21620276971703034,0.5405101950194919
20179,0.0014162029838189,0.6910062432289124,0.0304117109626531,0.06739112084674545,0.04401076149550576,-0.0498007051646709,0.6667413115501404,1.3059624433517456,-0.057193600770080476,1.9587243519011113,-0.0161048248410224,0.5390138030052185,0.2300861477851867,-0.12985708390156453,0.42686503852473534
20189,-0.000415305403294,0.4280838966369629,0.0402463898062706,-0.024105256722439728,0.09401519216781379,-0.0621042102575302,0.5869755148887634,1.3481638431549072,-0.07847988944135509,2.2967974114054743,-0.0322359129786491,0.3842517435550689,0.242916390299797,-0.3453562412643299,0.6321803202565912
20199,-8.17617037682e-05,0.3233394920825958,0.024367781355977,-0.01037708064411836,0.07536283674792296,-0.0577182173728942,0.5323441028594971,1.3154748678207395,-0.08242100517256762,2.4710987888372196,-0.0170767027884721,0.5504453182220459,0.2261814773082733,-0.13716168170511053,0.4109063513135981
20209,-0.0008402718813158,0.5020999312400818,0.027554165571928,-0.060735471173806684,0.05487785171345269,-0.1710977256298065,0.8174435496330261,1.3352892398834229,-0.15675128727040202,1.6334941299406822,-0.0331275500357151,0.5680209398269653,0.2274817079305648,-0.2563766640672475,0.400481200569581
20219,-0.0008837066125124,0.3604462742805481,0.0307276081293821,-0.07978822583639539,0.08524878829921187,-0.0954200103878974,0.6413818001747131,1.3783433437347412,-0.10793577494170802,2.1490216020462056,-0.0402729138731956,0.4200619459152221,0.23655366897583,-0.40529386055906774,0.5631399637032863
20229,-0.0002948374312836,0.4027368128299713,0.0253043249249458,-0.0289312057859243,0.06283092113466385,-0.0163272656500339,0.610106348991394,1.480607509613037,-0.018074569692600042,2.42680233054569,-0.0191158801317214,0.5601564049720764,0.2174830287694931,-0.15691325079325516,0.38825411409931937
20239,-0.0007696013199165,0.6283528208732605,0.0254021864384412,-0.04821599523919036,0.04042662910805146,-0.0443143397569656,0.6730030179023743,1.2974926233291626,-0.05074840229559674,1.9279150149626472,-0.0194539725780487,0.6336339116096497,0.218457743525505,-0.14054080719823364,0.3447696525120423
20249,-0.0004717417468782,0.1916451752185821,0.0313756801187992,-0.07845367141621307,0.16371755815409114,-0.0333293825387954,0.2242763191461563,1.2746968269348145,-0.11658346084901677,5.683599729956868,-0.0187359377741813,0.2810279130935669,0.2283622771501541,-0.2919453833842543,0.8125964237371751
20259,-0.001169876079075,0.3496243953704834,0.0305050034075975,-0.10969000460214523,0.08725078630532213,-0.1133746281266212,0.749815046787262,1.2522739171981812,-0.12074311872142479,1.6701104126461697,-0.037199966609478,0.4971387684345245,0.2220528870820999,-0.3369833891504071,0.44666177973071375
20269,-0.0012938048457726,0.3867616653442383,0.0364978909492492,-0.09165529985857865,0.0943679123854329,-0.0458032675087451,0.5660237669944763,1.4900782108306885,-0.05430661447163135,2.6325364723513984,-0.0391632840037345,0.521140992641449,0.2523976564407348,-0.2977409351729694,0.48431741122768923
20279,-0.0007204606081359,0.1994205117225647,0.0274183005094528,-0.13176494404407618,0.1374898713909497,-0.1224128454923629,0.6550697088241577,1.5071780681610107,-0.12398664539453372,2.300790355375121,-0.030601616948843,0.4681048095226288,0.226638063788414,-0.288448589801042,0.4841609382726456
20289,-0.0004738816642202,0.5365354418754578,0.0341228619217872,-0.025883681120598412,0.06359852352439357,-0.0633672177791595,0.7103394865989685,1.326617956161499,-0.06724388719210603,1.8675830095173334,-0.0337853953242301,0.709198534488678,0.2489412426948547,-0.1913657986860239,0.35101770602830956
20299,-0.0008935995865613,0.4802153408527374,0.0369089767336845,-0.050416759049039785,0.07685922042420337,-0.0196680817753076,0.61868816614151,1.4567506313323977,-0.021822524067497535,2.3545797560950943,-0.0257671847939491,0.4379031956195831,0.245386004447937,-0.23979441754105946,0.5603658683073637
20309,-0.0007219450199045,0.5922754406929016,0.0386207401752471,-0.03156165785091045,0.0652073976426657,-0.0828846395015716,0.6609969139099121,1.285264015197754,-0.09756235449843874,1.9444327018036938,-0.0415124110877513,0.5173081159591675,0.2528579831123352,-0.31735986071936084,0.4887957008822455
20319,-0.0010767503408715,0.2300813645124435,0.0406429022550582,-0.1151460013281792,0.17664578068364206,-0.0810430645942688,0.4661324620246887,1.316849946975708,-0.1320292681256398,2.8250552241220244,-0.0365703664720058,0.3241287469863891,0.2624445557594299,-0.42990668070255444,0.8096923157835504
20329,-0.0006162131321616,0.3585613071918487,0.0354713648557662,-0.04844953658690138,0.09892691750141126,-0.0734159797430038,0.6540425419807434,1.350985765457153,-0.08308714341805838,2.065593105558154,-0.0384655818343162,0.5307455062866211,0.2258611321449279,-0.32088135248850974,0.4255544879224187
20339,-0.000225709634833,0.5526281595230103,0.0214454270899295,-0.019045061855198026,0.03880625103946872,-0.0620410069823265,0.7230488061904907,1.1939319372177124,-0.07186735397728031,1.6512466751838675,-0.0185720138251781,0.5397864580154419,0.2118722349405288,-0.16239137743103427,0.39251120844989346
20349,-0.0005540861748158,0.4589705169200897,0.028203060850501,-0.04280517541899634,0.06144852405718115,-0.0184308644384145,0.6698874831199646,1.2867227792739868,-0.021382518295585008,1.9208043316187149,-0.016866834834218,0.4387908577919006,0.2186943590641021,-0.17576744534002636,0.4984022688271671
20359,-0.0012071697274222,0.2648258805274963,0.0357773005962371,-0.12740906867134363,0.13509744789660927,-0.0379453524947166,0.597809374332428,1.1997864246368408,-0.05290441627399228,2.0069715801573684,-0.0364873334765434,0.4731718897819519,0.2498995214700698,-0.30857288808284267,0.5281368713285758
20369,-0.0002105390740325,0.6207525134086609,0.0283255465328693,-0.011973908184526526,0.045630981624752126,-0.0305800773203372,0.8969433903694153,1.329326629638672,-0.02564731114099026,1.4820630197087192,-0.0222184062004089,0.672078549861908,0.2299286872148513,-0.1437804067925945,0.3421157947416932
20379,-0.0008451673202216,0.4483648240566253,0.0247404966503381,-0.0761908378174499,0.055179388129728814,-0.0387073680758476,0.9127811193466188,1.3859078884124756,-0.030597970904926983,1.5183354026916414,-0.0255651045590639,0.5678418874740601,0.2167066484689712,-0.2077532910442485,0.3816320233664881
20389,-0.0002171784144593,0.382132351398468,0.0321978405117988,-0.017651276037020706,0.08425834764831137,-0.1031521633267402,0.6391327381134033,1.3887395858764648,-0.1162161439489024,2.172850024825448,-0.0385942980647087,0.4957830905914306,0.2500584125518799,-0.3113077742073979,0.5043705953213928
20399,-0.0016597253270447,0.3535353243350982,0.0482637733221054,-0.09727072095624197,0.1365175415296227,-0.1083593219518661,0.5525387525558472,1.417372703552246,-0.13836284116092784,2.5652005347968547,-0.0382498875260353,0.3804462850093841,0.2653281390666961,-0.37892521332303375,0.6974128793507643
20409,-0.0006040496518835,0.5820435881614685,0.0264151152223348,-0.0392884250442608,0.04538339698195732,-0.0581503137946128,0.8908470273017883,1.3365116119384766,-0.048840060264033085,1.500270608733493,-0.0288149490952491,0.7231608629226685,0.2339093834161758,-0.17034731718919907,0.3234541516403785
20419,-0.0004168912128079,0.3423971831798553,0.0315447375178337,-0.038598074497486236,0.09212908010771748,-0.0809847638010978,0.6139516830444336,1.5568872690200806,-0.08472507428355894,2.535846569065279,-0.0267452634871006,0.4454428255558014,0.2307608872652053,-0.2601912647951385,0.5180482747191479
20429,0.0004928924608975,0.4350783228874206,0.0316430665552616,0.03580190739845028,0.0727295865839987,-0.0440746620297431,0.6243883967399597,1.2077935934066772,-0.05844420364346398,1.9343626494546942,-0.0232737325131893,0.5081747770309448,0.2431077510118484,-0.18838838699664542,0.4783939738847853
20439,-0.0012691423762589,0.1203421950340271,0.0379122570157051,-0.27817159242847705,0.3150371073502964,-0.1236556768417358,0.6063764095306396,1.2984774112701416,-0.15704979103658626,2.1413719116731746,-0.0377349071204662,0.3063505589962005,0.2402597218751907,-0.5126767685431713,0.784264023093134
20449,-0.0001584399142302,0.5127971768379211,0.0362384393811225,-0.008526081637144625,0.07066817256011594,-0.0690944194793701,0.6944008469581604,1.444332242012024,-0.06889149735957813,2.079969009742652,-0.0317219793796539,0.5530291199684143,0.2507285475730896,-0.22877496297749597,0.4533731380861277
20459,0.0007301467703655,0.6518617272377014,0.0280930418521165,0.03987088900786079,0.043096627211360074,-0.0840789079666137,0.6571959257125854,1.40593683719635,-0.09099685651570594,2.139296337955715,-0.0166628547012805,0.536450207233429,0.2172812819480896,-0.14295444869467394,0.40503532111330254
20469,-0.0026983693242073,0.402928352355957,0.044419702142477,-0.15076409360257212,0.11024218544749,-0.1598849892616272,0.7561942934989929,1.1522070169448853,-0.1835032585581378,1.5236917639427012,-0.0436686910688877,0.4928902387619018,0.2490739822387695,-0.3557063291114195,0.5053335664841366
20479,-0.0009493097313679,0.6962479948997498,0.0278450287878513,-0.048966188956161505,0.039992975192496755,-0.0136264711618423,0.7489107847213745,1.5732792615890503,-0.01156504957456936,2.10075658367555,-0.0213576965034008,0.7149567008018494,0.2274390608072281,-0.13134381199006354,0.3181158531029181
20489,-0.0004171406035311,0.1718884408473968,0.0277860146015882,-0.08733926510143361,0.1616514436026372,-0.0782565325498581,0.5262986421585083,1.4688061475753784,-0.10123341086830845,2.790822605111358,-0.029519110918045,0.4390038251876831,0.2279346287250518,-0.2950017950145744,0.5192087531984604
20499,-0.0010223714634776,0.2939550578594208,0.0353033207356929,-0.09851723705293408,0.12009768089303005,-0.0557610318064689,0.6475755572319031,1.3570857048034668,-0.06345021202722922,2.0956407165897417,-0.0445266664028167,0.5115196704864502,0.2577589750289917,-0.337710097780918,0.5039082363809498
20509,-0.0011040830286219,0.4253612756729126,0.0369544848799705,-0.07023872694603546,0.08687787768529066,-0.0708709061145782,0.640018105506897,1.2973129749298096,-0.08535539251754416,2.0269941799573505,-0.035657200962305,0.4727638363838196,0.2454820573329925,-0.3072438836929835,0.5192488055150112
20519,-0.0002214060077676,0.2970331907272339,0.0240834932774305,-0.030950305468228464,0.08108014198166297,-0.054717369377613,0.4808136522769928,1.700152039527893,-0.0669361390992944,3.5359895283265574,-0.0319159850478172,0.5098382234573364,0.2363465428352356,-0.2648662402053096,0.4635716428488089
20529,-0.0007961066439747,0.4954685568809509,0.0354256778955459,-0.045356233253457466,0.07149934623209163,-0.0677560567855835,0.7094447016716003,1.391469955444336,-0.0686365965457604,1.961350831383674,-0.0356876850128173,0.5935431718826294,0.2479783445596695,-0.24246681484529098,0.41779327318873805
20539,-0.0008427369175478,0.4138523936271667,0.0287359207868576,-0.07086330933560119,0.06943519290780122,-0.0729884132742881,0.740200400352478,1.5049010515213013,-0.06552343565442992,2.0330994833354294,-0.0250348001718521,0.5544437170028687,0.230146586894989,-0.19619237483602125,0.41509458911191566
20549,0.0001262539153685,0.5016294717788696,0.0304290410131216,0.00827129566659526,0.06066039322852118,-0.0296437256038188,0.6135286092758179,1.577758550643921,-0.0306236831792353,2.5716136571141117,-0.0236164592206478,0.4670338332653045,0.2335448861122131,-0.2165190334686281,0.5000598874804536
20559,-0.000632865645457,0.1866549700498581,0.0319237895309925,-0.10620807166592164,0.17103101793895562,-0.0670895725488662,0.5128337740898132,1.3922319412231443,-0.09396515022175704,2.714782082545369,-0.0255908444523811,0.3601827323436737,0.234901875257492,-0.3024650820414388,0.6521741720626321
20569,-0.0001983487600227,0.6436235308647156,0.0302040968090295,-0.010203090122391163,0.04692820470446435,-0.1017336845397949,0.7904474139213562,1.4207794666290283,-0.09058684183464598,1.7974370484440418,-0.0237786434590816,0.6909759640693665,0.2232261002063751,-0.15416264834771665,0.32305913926691326
20579,-0.0012849572813138,0.5770701169967651,0.0346874184906482,-0.06419306678815152,0.06010953863140802,-0.0814894437789917,0.8347541689872742,1.1972386837005615,-0.08153836822751172,1.4342410354812059,-0.0364723540842533,0.5464040637016296,0.2322847098112106,-0.28736194310785906,0.42511526769693353
20589,-0.0003716808278113,0.5104568004608154,0.0304372236132621,-0.02392247617807496,0.059627423095911083,-0.049955204129219,0.6641902327537537,1.2980585098266602,-0.05794206706664679,1.9543474833179473,-0.0077193900942802,0.6404862403869629,0.2356721013784408,-0.05114050471425421,0.3679581020133308
20599,-0.0014184328028932,0.5475910902023315,0.0319023542106151,-0.08119506997556186,0.058259447206906484,-0.0846894457936286,0.7521926164627075,1.3088841438293457,-0.08601991681092133,1.740091720102969,-0.0476431176066398,0.7079437971115112,0.2385020852088928,-0.2821689429465864,0.33689409552284744
20609,-0.000148742517922,0.406105637550354,0.029154809191823,-0.01256278441609162,0.07179119543300609,-0.0670687034726142,0.6701216101646423,1.4820632934570312,-0.06753043331717178,2.2116333378547557,-0.0358585231006145,0.4351574182510376,0.2471187859773636,-0.3334573121356401,0.5678836568397955
20619,-0.0002434019988868,0.4768971502780914,0.0327152609825134,-0.015600877401101427,0.06860024423177254,-0.0409939512610435,0.6031198501586914,1.307476282119751,-0.05198551355051769,2.1678548331243466,-0.0284298732876777,0.4734019041061401,0.2316471338272094,-0.25924953887823643,0.4893244657826143
20629,-0.0002146846381947,0.8234696984291077,0.0287279281765222,-0.009075050288345045,0.03488644236858386,-0.2188299000263214,0.988591730594635,1.541232705116272,-0.1436221660843804,1.5590184071125348,-0.0370775908231735,0.7922979593276978,0.2383566200733184,-0.1963341070786385,0.30084214816806454
20639,-0.0002071567578241,0.697081446647644,0.0313271544873714,-0.00948625146144979,0.0449404508440553,-0.0795868933200836,0.7794957756996155,1.4233360290527344,-0.07173322287229371,1.8259701635653605,-0.0150209665298461,0.7580977082252502,0.2185483276844024,-0.09066198156106563,0.28828517130863834
20649,-0.0008978337864391,0.2703004777431488,0.0282679442316293,-0.11750460994418488,0.10457970502919614,-0.1275462359189987,0.6080286502838135,1.4993901252746582,-0.13990362143084853,2.465985977099563,-0.0308707188814878,0.3250153362751007,0.2378269582986831,-0.3993758568374176,0.7317407265279959
20659,-0.0009566329536028,0.4610762000083923,0.0468121580779552,-0.044321450905388304,0.1015280295905604,-0.0928008109331131,0.6752015352249146,1.3957889080047607,-0.09846879139564864,2.0672182084713615,-0.033489029854536,0.4456941485404968,0.2567121386528015,-0.29269764588140446,0.575982743981383
20669,-0.0011541347485035,0.2666477560997009,0.0330850705504417,-0.13082372730425115,0.12407781349591042,-0.0579289719462394,0.6120882034301758,1.355751395225525,-0.06980744641315527,2.2149608302003205,-0.028236711397767,0.3290021419525146,0.240186795592308,-0.35732735237633717,0.730046297470533
20679,-0.0012119917664676,0.5788096189498901,0.0327251367270946,-0.0639856314138907,0.056538688466280906,-0.1178515926003456,0.8674933314323425,1.457896113395691,-0.0931842968861724,1.6805848074803271,-0.024778589606285,0.5955376625061035,0.2453661561012268,-0.1695714334602544,0.41200778984941544
20689,-0.0009517093421891,0.3905292451381683,0.042063120752573,-0.057936103019196876,0.107707991850114,-0.1562246978282928,0.6100322604179382,1.4871234893798828,-0.17220662584592591,2.4377784354569085,-0.0369631573557853,0.4734079241752624,0.2561640441417694,-0.3048002837953429,0.5411063716097279
20699,-0.0005401197122409,0.3430350720882416,0.0292879473417997,-0.053760409453555036,0.08537887150578509,-0.0828821212053299,0.62281334400177,1.5229591131210327,-0.0873805360349419,2.4452897931433926,-0.023213529959321,0.4415792524814605,0.2314001768827438,-0.2271793432988715,0.5240286439690892
20709,-0.00095563265495,0.650618851184845,0.0247782915830612,-0.05927792321590856,0.03808418944200178,-0.0525808632373809,0.8701078295707703,1.335461139678955,-0.04525049976235372,1.5348225751947855,-0.0315981172025203,0.697999119758606,0.2226830869913101,-0.2032914425015718,0.3190306129158475
20719,-0.0002014643687289,0.1842665821313858,0.0292864348739385,-0.03733233549106411,0.1589351391618947,-0.0357230156660079,0.5102763772010803,1.3736848831176758,-0.05096306408757939,2.692040910560042,-0.0243605971336364,0.4139415025711059,0.2337071150541305,-0.25181234850881307,0.5645897152194466
20729,-0.001311067957431,0.4695974886417389,0.0333376601338386,-0.08374604822259839,0.07099198982146232,-0.1205255016684532,0.744315505027771,1.507840633392334,-0.10739064216063648,2.0258084417253612,-0.0400757677853107,0.7276985049247742,0.2465744316577911,-0.22334813379974677,0.33884147073145454
20739,-0.0009435311658307,0.3969907760620117,0.0348819755017757,-0.06813570611015088,0.08786595962704932,-0.0934157371520996,0.7294350266456604,1.2681671380996704,-0.10098501544550231,1.7385607926334354,-0.0367051661014556,0.4605938494205475,0.2442574948072433,-0.3262579935044244,0.5303099359979139
20749,-9.12014947971e-05,0.4526225924491882,0.0273770913481712,-0.007360010326240434,0.060485472455166,-0.0667701289057731,0.5405714511871338,1.4366135597229004,-0.08597835814578837,2.6575831124044633,-0.018427163362503,0.480821430683136,0.2335905581712722,-0.16406630044254975,0.4858156131672294
20759,-2.26425818254e-05,0.2707361280918121,0.0364070162177085,-0.002297177982084735,0.13447417038246978,-0.0632775276899337,0.5561875700950623,1.479411244392395,-0.07690229637287842,2.6599142518405032,-0.0258181933313608,0.3327276408672333,0.2333802431821823,-0.33248562991247443,0.7014152553538734
20769,-0.0008272720733657,0.4607283473014831,0.0411480739712715,-0.043636902776092445,0.08931092304669017,-0.0928176939487457,0.6133994460105896,1.580702781677246,-0.09572760141753053,2.576955020024516,-0.0329106077551841,0.5477079153060913,0.245891660451889,-0.2443672972634049,0.4489466987426507
20779,-0.0010876031592488,0.2773212492465973,0.0390436463057994,-0.10044699358442849,0.14078851300385328,-0.100673496723175,0.576036810874939,1.7939984798431396,-0.09741881562835898,3.1143816609883763,-0.0347885377705097,0.3719386756420135,0.2485118061304092,-0.37637243502445206,0.6681526348434892
20789,-0.001046399353072,0.501643180847168,0.0332722105085849,-0.06269326592098406,0.06632644831809585,-0.1293035298585891,0.7735940217971802,1.4526042938232422,-0.11506677795014444,1.8777346423239087,-0.0317147597670555,0.5613270998001099,0.2447977811098098,-0.230801134601492,0.4361054030653125
20799,-9.6475763712e-05,0.4161370396614074,0.0381101928651332,-0.006083320602636815,0.09158087176316197,-0.07341168820858,0.4190205037593841,1.4322717189788818,-0.12232198503277832,3.4181423250861758,-0.019756194204092,0.3790267705917358,0.2423203140497207,-0.21510156901562016,0.6393224248287549
20809,-0.0017637381097301,0.2929820120334625,0.0343447513878345,-0.17528016154590734,0.11722477823625521,-0.1483236700296402,0.7383909225463867,1.2970000505447388,-0.15487599902951288,1.756522203810353,-0.0503033734858036,0.4871892035007477,0.2469698339700698,-0.418076297089924,0.5069279700688005
20819,-0.000203512259759,0.5361366868019104,0.0277910120785236,-0.013658741552321793,0.051835684374256806,-0.0349576249718666,0.7368548512458801,1.4055286645889282,-0.03375361284107534,1.9074701920092525,-0.0152332363650202,0.6583325862884521,0.2235700041055679,-0.1034983184010606,0.3396003915984336
20829,-0.0009553805575706,0.3688606023788452,0.0321639813482761,-0.08052752033868753,0.08719820208730635,-0.0265252832323312,0.6025647521018982,1.3307026624679563,-0.03308074493301002,2.208397782688299,-0.0325180031359195,0.4512912034988403,0.2397885918617248,-0.3004958529843175,0.5313389447936381
20839,-0.0010939724743366,0.396932989358902,0.0359101742506027,-0.07674881652913697,0.09046910993364968,-0.0683448910713195,0.6115710735321045,1.4217772483825684,-0.07860090739407587,2.324794794775283,-0.0251588206738233,0.4067547023296356,0.2570787966251373,-0.2405976820159389,0.6320241539993301
20849,-0.0001072687664418,0.4834932088851928,0.0263663511723279,-0.008414588372507584,0.054533033117717865,-0.074745312333107,0.5561899542808533,1.2452008724212646,-0.10792483768914954,2.2388050392447196,-0.0150098819285631,0.4670476615428924,0.2147647589445114,-0.14964184534247593,0.45983478053403765
20859,-0.0004190529289189,0.4506384134292602,0.0333392173051834,-0.027892360612341644,0.07398219129052762,-0.0902939066290855,0.5262776613235474,1.5831153392791748,-0.1083754591524927,3.008137064563529,-0.0280966088175773,0.423593133687973,0.2476756423711776,-0.26780685857513853,0.5847017401222095
20869,-0.000460511771962,0.5679449439048767,0.0275931414216756,-0.02938551808609268,0.04858418358645884,-0.0377730652689933,0.6260142922401428,1.4297066926956177,-0.04220374889500025,2.2838243637849303,-0.0216492861509323,0.5847055315971375,0.232948362827301,-0.1589449432962099,0.39840287159760035
20879,-0.0010304418392479,0.2741095721721649,0.0300130527466535,-0.12525328095696536,0.10949290281553052,-0.0863004326820373,0.5781874060630798,1.4500490427017212,-0.10293466476363822,2.5079222195018236,-0.0291064288467168,0.3711595833301544,0.2345343977212906,-0.33436568319920706,0.6318963816506583
20889,-0.0004587963339872,0.3945582211017608,0.0312214903533458,-0.037243905149153274,0.07913024918391814,-0.0864949822425842,0.6859287023544312,1.3881183862686155,-0.09084173725885493,2.0237065186278658,-0.0306202061474323,0.4876959919929504,0.2204426974058151,-0.28481522899739,0.4520084253819367
20899,-0.0013629852328449,0.3626963794231415,0.0318401679396629,-0.11802461175587858,0.08778738842197378,0.008446242660284,0.610045313835144,1.3756568431854248,0.010064480118031278,2.255007639575404,-0.030086800456047,0.5231658816337585,0.2194147408008575,-0.2621022752009194,0.4193980313006314
20909,-0.0019274910446256,0.4151937365531921,0.044101808220148,-0.10526528709762337,0.1062198302562735,-0.0863969102501869,0.6838895082473755,1.3240267038345337,-0.09541475202303279,1.9360242961288547,-0.0373665653169155,0.442500352859497,0.2532773315906524,-0.3334058659630314,0.5723776940604456
20919,-0.0012793084606528,0.5526556372642517,0.039007656276226,-0.05934317941295467,0.07058221005275755,-0.0647162273526191,0.6455186009407043,1.3949799537658691,-0.07186814976013146,2.16102208632406,-0.0407905280590057,0.6277298331260681,0.2388700395822525,-0.27203505822714846,0.38053000984944396
20929,-0.0005635251873172,0.2963256537914276,0.0351802073419094,-0.05405622156905194,0.11872143667544699,-0.0799515470862388,0.5641877055168152,1.32786762714386,-0.10672065222346072,2.3535919236798826,-0.0288749746978282,0.3776431977748871,0.2363900244235992,-0.3234527146183503,0.6259612931371034
20939,-5.5507694924e-05,0.4750800430774688,0.0275923535227775,-0.004234456344143185,0.05807937825390438,-0.0785522386431694,0.7731572985649109,1.5004702806472778,-0.06771163623585925,1.9407050588959873,-0.0161681286990642,0.6975380778312683,0.2296767830848693,-0.10091941876834411,0.3292677351736305
20949,-0.0011656857095658,0.3012463748455047,0.0393835455179214,-0.09825277651866866,0.1307353342861616,-0.1131322681903839,0.5830224752426147,1.570137619972229,-0.12358435013290349,2.6930996430606613,-0.0454240813851356,0.539291262626648,0.2381503731012344,-0.35368081525194023,0.44159879754274123
20959,-0.0011753101134672,0.354525089263916,0.0350351296365261,-0.09462410165223702,0.09882270873767471,-0.1396141499280929,0.6542541980743408,1.407831788063049,-0.15157659652180994,2.1518116233823257,-0.0366092137992382,0.4924778640270233,0.2246366441249847,-0.33092005302286837,0.4561355149815595
20969,-0.0010674740187823,0.3003855049610138,0.0291438940912485,-0.12193566790819613,0.09702163922666976,-0.0172554105520248,0.6049830317497253,1.2379406690597534,-0.02303998924990471,2.0462403143430237,-0.0196514744311571,0.4320936501026153,0.21316659450531,-0.2133526833774435,0.49333424468211085
20979,-0.0002561843139119,0.5827282071113586,0.0222505200654268,-0.019758152242907865,0.03818335854329899,-0.049474649131298,0.9170113801956176,1.4121228456497192,-0.03820634723242647,1.5399185616960218,-0.0204730778932571,0.643473207950592,0.2157984226942062,-0.14743629328365668,0.3353650471035243
20989,-0.001084299525246,0.2322390526533126,0.0422709919512271,-0.11045148952582502,0.18201500336952117,-0.0865330249071121,0.5146336555480957,1.2581632137298584,-0.13364315445039687,2.444774452984207,-0.0328739322721958,0.3106890916824341,0.257874071598053,-0.4103155473621828,0.8300068412496273
20999,-0.0007048867410048,0.1298688352108001,0.0336316488683223,-0.1613861406225259,0.25896627788901155,-0.0769748389720916,0.5377060770988464,1.5278583765029907,-0.09369593396778032,2.841437806964054,-0.0305284392088651,0.3538079559803009,0.244327500462532,-0.3531544268753787,0.6905653090405223
21009,-0.0027522365562617,0.397457867860794,0.0420303493738174,-0.16475236611688243,0.10574793650465147,-0.1315208971500396,0.6838812232017517,1.5121604204177856,-0.1271792373395349,2.2111448145019232,-0.0421259701251983,0.5327668190002441,0.2563864886760711,-0.3084023026272925,0.48123584189644064
21019,-0.0002113285736413,0.4057295620441437,0.0379790477454662,-0.01371442166498028,0.09360680438004182,-0.0525878518819808,0.7347326278686523,1.33240008354187,-0.053718200201754565,1.8134489105335638,-0.0302193760871887,0.4937853813171386,0.2562246918678283,-0.2388505720281432,0.5188989013493404
21029,-0.0004588618758134,0.4615860879421234,0.0393626801669597,-0.0252548389791138,0.08527700724787711,-0.0341504476964473,0.5028896331787109,1.2433867454528809,-0.054615697578059265,2.4724843453096614,-0.0249389670789241,0.4759243130683899,0.2632752060890198,-0.19903552962764845,0.5531871326170037
21039,-0.0004790360690094,0.5781680941581726,0.0381954684853553,-0.02169213266763502,0.06606291296818942,-0.0907462686300277,0.6453115940093994,1.4709190130233765,-0.09560278565180245,2.2793934382681362,-0.0227622687816619,0.5842592120170593,0.2460672706365585,-0.1583274169656513,0.4211611311819141
21049,-0.0011733390856534,0.3763923645019531,0.0389400720596313,-0.08005454293554788,0.10345606269446318,-0.1004367992281913,0.7508981227874756,1.487741231918335,-0.0899051243224421,1.981282396066671,-0.0259358808398246,0.5999850034713745,0.2496013194322586,-0.17318637819428873,0.4160125969617958
21059,-0.0009428288904018,0.367159754037857,0.0377369672060012,-0.0680472873574146,0.1027807835444574,-0.0484768860042095,0.5776482224464417,1.2586549520492554,-0.06667523949098626,2.178929845431932,-0.0314655900001525,0.4547368288040161,0.2389151602983474,-0.28962232925009823,0.5253921502832923
21069,0.0001235985546372,0.4329675436019897,0.0250980332493782,0.011374134516042828,0.05796747035720038,-0.0596193820238113,0.7206783890724182,1.4458483457565308,-0.05721675566458269,2.0062324161231966,-0.0304058939218521,0.4501111805438995,0.228562518954277,-0.2955513596398222,0.5077912498820616
21079,-0.0001817113952711,0.3399176895618438,0.0245195869356393,-0.02180194538129005,0.07213389502395481,-0.0395328924059867,0.6319062113761902,1.092452883720398,-0.057266844147010824,1.728821246021955,-0.0222456753253936,0.4315263330936432,0.2066672444343567,-0.24944031290530014,0.47892151320811505
21089,-0.000899885315448,0.1892084777355194,0.0356101170182228,-0.13355900424717332,0.188205715961626,-0.0893693640828132,0.6484510898590088,1.6161119937896729,-0.08527858582180838,2.4922650590980737,-0.0355786569416523,0.4724322855472564,0.2524430155754089,-0.2983229199840197,0.5343475103167087
21099,-0.0004811026738025,0.5887274742126465,0.0289410222321748,-0.028236417854683487,0.04915860648575982,0.0107392575591802,0.7050904035568237,1.4443116188049316,0.010545533346927616,2.0484062916175168,-0.035343512892723,0.6495092511177063,0.2253113240003585,-0.24151346691193012,0.3468947110647494
21109,-0.0006870155921205,0.2275453805923462,0.028454054147005,-0.10610953632072619,0.12504782155073155,-0.1139235869050026,0.5333805680274963,1.4708276987075806,-0.14521606386610844,2.7575577118357972,-0.0348332151770591,0.3580935001373291,0.2365324646234512,-0.4112504322463894,0.6605326947647495
21119,0.0004221753915771,0.4447273910045624,0.0587129518389701,0.016168328364851266,0.1320200937170694,-0.0450517199933528,0.5830241441726685,1.356603741645813,-0.05696024196983697,2.3268397290319442,-0.0234034266322851,0.4623323678970337,0.2825053930282593,-0.17918366166721195,0.6110439429392843
21129,-0.0015831452328711,0.3379778265953064,0.0379425846040248,-0.12345413404120321,0.11226353215608173,-0.1327576786279678,0.7041868567466736,1.4313387870788574,-0.1317131980498945,2.0326121871851006,-0.0477086417376995,0.5030952095985413,0.2454490810632705,-0.3863540417365817,0.4878779928338682
21139,-0.0025932071730494,0.3629732131958008,0.0390224009752273,-0.183083265935725,0.10750766050104424,-0.0750932395458221,0.7779972553253174,1.6212214231491089,-0.05953610813876886,2.083839514923738,-0.0549988448619842,0.6663453578948975,0.251020222902298,-0.3288103509618238,0.37671189560818
21149,-0.000540055159945,0.2415111362934112,0.0335160866379737,-0.06671871208642012,0.13877656803889615,-0.0793816000223159,0.5892007350921631,1.311633825302124,-0.10271738637287954,2.226123877963183,-0.0317777283489704,0.5060563683509827,0.2235179394483566,-0.2809387000332857,0.44168585443693603
21159,-0.0008134352974593,0.3743414580821991,0.0300048254430294,-0.07242091067916125,0.08015362657598252,-0.0661701261997222,0.6276162266731262,1.2548363208770752,-0.0840196211006492,1.9993688301029484,-0.0199510529637336,0.4371936023235321,0.2221463918685913,-0.20542474649470932,0.5081190362529562
21169,-0.0002975509560201,0.4774379730224609,0.0331866405904293,-0.018779373530689702,0.06950984727992729,-0.0181091167032718,0.619006335735321,1.210588812828064,-0.024166041507998053,1.9556969661546337,-0.0352709516882896,0.6953064799308777,0.2523030638694763,-0.2010566197678721,0.3628659751517898
21179,-0.0002743418444879,0.2825143933296203,0.0337615497410297,-0.028762663588899087,0.11950382188718722,-0.0787475109100341,0.4780262410640716,1.546125888824463,-0.10654675943317789,3.2343954285497687,-0.020120671018958,0.2989453971385956,0.2397676110267639,-0.28071141484309997,0.802044832674256
21189,-0.000986038823612,0.3122995793819427,0.0288002211600542,-0.10962933830314822,0.0922198525436741,-0.0897987782955169,0.6438859701156616,1.4186179637908936,-0.09830961855360484,2.2032130371408254,-0.0357927866280078,0.5532949566841125,0.2390780597925186,-0.2705821087875725,0.4320987511350355
21199,-0.0011481072288006,0.366426408290863,0.0336628668010234,-0.09307747367600602,0.09186801507576495,-0.1334851235151291,0.6657688617706299,1.5027660131454468,-0.13341910532967038,2.2571887924418705,-0.036436166614294,0.6320565938949585,0.2452230751514434,-0.23507983575950284,0.38797645261524955
21209,-0.0002684963692445,0.4483280479907989,0.0346143245697021,-0.01730161508655576,0.07720758209268339,-0.1283764541149139,0.720707893371582,1.4309406280517578,-0.12448140535024511,1.985465458630678,-0.0256161391735076,0.5144663453102112,0.2493559569120407,-0.19968109822480137,0.48468856939842175
21219,-0.0001379539171466,0.4098013043403625,0.026742773130536,-0.012587928289910816,0.06525790144465879,-0.0808230340480804,0.6333542466163635,1.40290105342865,-0.09096229756427116,2.215033783895062,-0.0306510329246521,0.4884413480758667,0.2284937351942062,-0.27463658885014774,0.4678017864259838
21229,-0.0011515798978507,0.2710058391094208,0.0313420966267585,-0.13557742515260832,0.11565100120999193,-0.1179583892226219,0.6016180515289307,1.3827048540115356,-0.14180073671876808,2.2983101163563475,-0.0405441001057624,0.4636614918708801,0.2321157455444336,-0.37672291287318677,0.5006146717249336
21239,-0.001555394846946,0.4425106942653656,0.0382391735911369,-0.0919196552879244,0.08641412306344298,-0.1064681336283683,0.8803672194480896,1.480899691581726,-0.08166390349484996,1.682138610874353,-0.0445748716592788,0.7086697220802307,0.2495438605546951,-0.25205733141024356,0.3521299877497002
21249,-0.000481153052533,0.2059718370437622,0.0320765934884548,-0.07282611836427325,0.15573290964841752,-0.0454462692141532,0.4132927358150482,1.241713285446167,-0.08855623355684872,3.0044401409509494,-0.0222447048872709,0.2583540081977844,0.229248508810997,-0.3755821341226578,0.8873425669304672
21259,-0.0005728596588596,0.2780691385269165,0.0358317382633686,-0.05749466813440598,0.1288590976085617,-0.0748951956629753,0.5322269797325134,1.297957420349121,-0.10841681082734045,2.438729094495451,-0.0333697758615016,0.3972569704055786,0.2346320003271103,-0.3580094745700108,0.5906302917417995
21269,-0.000811809906736,0.589351236820221,0.0306939613074064,-0.04487735023148485,0.05208093135260436,-0.1075832173228263,0.8052359223365784,1.5117950439453125,-0.08837480523600817,1.8774560374287443,-0.0212467145174741,0.5520640015602112,0.2310808002948761,-0.16654764286784018,0.41857610646919374
21279,-9.04943372006e-05,0.3379581272602081,0.0251074880361557,-0.010664862099180463,0.07429171252574848,-0.1050984114408493,0.578639805316925,1.3422213792800903,-0.1353205311126234,2.3196146669255606,-0.0213251449167728,0.3796796202659607,0.2168432772159576,-0.2590172823266605,0.5711217185269561
21289,-0.0004276087274774,0.4552531242370605,0.0303857550024986,-0.030911750103949573,0.06674474788815739,-0.0706105381250381,0.5905954241752625,1.2872333526611328,-0.09287998990197509,2.1795518555848803,-0.0342602655291557,0.4929306507110595,0.22776560485363,-0.3051523785838273,0.46206419609954236
21299,-0.0006986180669628,0.176126554608345,0.0314457863569259,-0.12613990911413173,0.1785408590252181,-0.1629560887813568,0.5996914505958557,1.580245018005371,-0.17195638444960726,2.635096792584309,-0.0278648138046264,0.2790998816490173,0.2300863116979599,-0.43391604627907965,0.8243869912754227
21309,7.18252485967e-05,0.3348853886127472,0.0350846834480762,0.00611312640568531,0.10476624135025259,-0.0667832791805267,0.5630868673324585,1.320282220840454,-0.08983086183029201,2.3447220978445076,-0.0190013088285923,0.350104957818985,0.2394977509975433,-0.22661247613916194,0.684074148762472
21319,-0.0014526327140629,0.4148712158203125,0.0470219030976295,-0.07446330604091822,0.11334096294112497,-0.076693370938301,0.6285417079925537,1.4139758348464966,-0.08629422609217952,2.2496133778655274,-0.0301226191222667,0.4758698940277099,0.2859440743923187,-0.22137236225562626,0.6008870869558901
21329,-0.0007486033719033,0.4042840003967285,0.037595197558403,-0.04925301867937283,0.09299204895942062,-0.066571831703186,0.6561276912689209,1.3797104358673096,-0.07353840231610347,2.1028078135202812,-0.0354147367179393,0.4243002533912658,0.2528311908245086,-0.33012626333608996,0.5958780104506841
21339,-0.0004624455468729,0.5604561567306519,0.0410518869757652,-0.020099526793743605,0.07324727631726993,-0.0663191452622413,0.7926576137542725,1.412124514579773,-0.05924890007112228,1.7815062772077757,-0.0269313883036375,0.5983456969261169,0.2482882589101791,-0.1812802062182538,0.4149578749971983
21349,-0.0010428439127281,0.1988410055637359,0.0286460109055042,-0.18308350022131098,0.1440649066538848,-0.1201247870922088,0.5830404162406921,1.621509313583374,-0.12706165928046018,2.7811267768339043,-0.0405340194702148,0.4522930681705475,0.2377155572175979,-0.37700068129239,0.5255785992456594
21359,0.0018767915898934,0.5450037717819214,0.0358565747737884,0.0960390244403302,0.06579142499611196,-0.0885664895176887,0.6899482607841492,1.5649755001068115,-0.08202483469183726,2.268250518275334,-0.0319801494479179,0.4545264840126037,0.2455342710018158,-0.2865557828420409,0.5401979414581424
21369,-0.0004095135082025,0.4854599237442016,0.0286265108734369,-0.029467712980706075,0.05896781479436966,-0.0350394695997238,0.6411974430084229,1.2268072366714478,-0.044544020412940595,1.913306501840389,-0.0184545628726482,0.554721474647522,0.2338805496692657,-0.1422442363200416,0.4216179837239522
21379,-0.0009819318074733,0.5956218838691711,0.0293669234961271,-0.05613739173764392,0.04930464157119111,-0.0194626413285732,0.960363507270813,1.42897629737854,-0.014182118344585763,1.4879535577517347,-0.0491456761956214,0.6983363032341003,0.2335926741361618,-0.3012738774229116,0.33449882678926907
21389,-0.0003851356450468,0.499817281961441,0.0260983649641275,-0.029524948362613934,0.05221581146956197,-0.0621346607804298,0.695668637752533,1.445579171180725,-0.061785935229573444,2.0779708797149405,-0.0245833732187747,0.4527603983879089,0.2354478985071182,-0.2306100461341484,0.5200275893065075
21399,-0.0004622871347237,0.6426988840103149,0.0460886023938655,-0.01560668708832134,0.07171103535497318,-0.0733052045106887,0.7889994382858276,1.2523239850997925,-0.0741893245676823,1.587230515424167,-0.0507131479680538,0.6948630213737488,0.2597995400428772,-0.28092021462599986,0.3738859775977887
21409,-0.0008875373168848,0.4315381944179535,0.0376455448567867,-0.05463284222305489,0.08723571944208078,-0.0358695946633815,0.6414793133735657,1.2624183893203735,-0.04429355123279323,1.967979891169466,-0.035754133015871,0.4836954176425934,0.2512571215629577,-0.29419541385730297,0.5194531773476789
21419,-9.73560745478e-05,0.3151993751525879,0.0304381214082241,-0.010147518732986246,0.09656783549614911,-0.0530127845704555,0.7214042544364929,1.1951857805252075,-0.061484620948162726,1.6567490047016666,-0.034235518425703,0.518970251083374,0.2359468340873718,-0.27958913523985407,0.4546442374968932
21429,-0.0007495422614738,0.4997842311859131,0.0296976678073406,-0.050499982804827856,0.05942097800259221,-0.0530887357890605,0.586449921131134,1.1906123161315918,-0.07603281687344157,2.030202875354063,-0.0265392661094665,0.4213661551475525,0.2316615730524063,-0.2718787463787307,0.5497868545500145
21439,-0.0006737692165188,0.310490608215332,0.0286649353802204,-0.07570276282934464,0.09232142493772515,-0.1001932099461555,0.705466628074646,1.4445191621780396,-0.09831923910089657,2.047608072008183,-0.0256657060235738,0.4438715279102325,0.2311128377914428,-0.25019110034686987,0.5206750675798753
21449,-0.0005242201732471,0.2666333019733429,0.0333325378596782,-0.05898355679121219,0.12501265825755958,-0.0698840990662574,0.4874403774738312,1.4566444158554075,-0.09842452350979496,2.988354028865016,-0.0249869935214519,0.2872922420501709,0.2527896761894226,-0.3440572961451748,0.8799042897415831
21459,-0.0010574667248874,0.4436540007591247,0.0387515798211097,-0.061508182698291884,0.0873464000207434,-0.1138326674699783,0.7234736680984497,1.3357418775558472,-0.1177935856538291,1.8462895561446757,-0.0292055085301399,0.3510508239269256,0.2339616417884826,-0.35559047206147876,0.6664608821347869
21469,-0.0008289821562357,0.3507620394229889,0.0406613424420356,-0.058123382892276296,0.11592287041358404,-0.1337795257568359,0.6388919353485107,1.2788442373275757,-0.16373615780510514,2.0016596963772533,-0.045422650873661,0.4757992625236511,0.2313328981399536,-0.41267799594387805,0.4861985218576384
21479,-0.0015635894378647,0.3787902891635895,0.0438904054462909,-0.09404902522233254,0.11586993305241729,-0.0302552375942468,0.7065780162811279,1.3554073572158811,-0.03159152624506382,1.9182699234681566,-0.0372928231954574,0.5068811178207397,0.2623530328273773,-0.2804355453452674,0.5175829669002572
21489,-0.0021531302481889,0.4030242264270782,0.0406093224883079,-0.13155683152132153,0.10076149230114732,-0.1874250769615173,0.6460615396499634,1.5261361598968506,-0.19009055000084668,2.3622148452355054,-0.046415090560913,0.4264533519744873,0.2631808817386627,-0.41355505354224076,0.6171387339790627
21499,-0.0001898775226436,0.5283603668212891,0.0357837975025177,-0.010042848152598252,0.06772611980304173,-0.0360056981444358,0.6664679050445557,1.4370677471160889,-0.03759367250913683,2.156244488652482,-0.0238116048276424,0.5256959795951843,0.2339565902948379,-0.19360596221583418,0.4450416198255838
21509,-0.0011256338329985,0.2929953634738922,0.0346275903284549,-0.1109466311084914,0.11818477233869418,-0.0679665654897689,0.7276294827461243,1.3823635578155518,-0.06757137561439855,1.8998179576209797,-0.0395464226603508,0.5173388123512268,0.2669364809989929,-0.2863678184138525,0.5159800011636608
21519,-0.0006503712502308,0.414004385471344,0.032615553587675,-0.04816500826562692,0.07878069588693412,-0.0942838788032531,0.6774706244468689,1.3959399461746216,-0.09969657462333766,2.0605173062881623,-0.0313667133450508,0.4732349514961242,0.2404147684574127,-0.27569637760484345,0.5080241171902995
21529,-0.0004448213730938,0.3502248525619507,0.0297569409012794,-0.04268255442595218,0.08496524642269854,-0.0549518316984176,0.6361364126205444,1.193295121192932,-0.0723909128004617,1.8758478488555455,-0.0331175550818443,0.388842761516571,0.2476462721824646,-0.3439160575156138,0.636880242328777
21539,-0.0006953178672119,0.2998935282230377,0.0285145789384841,-0.08131100570859472,0.09508234174789244,-0.1456027925014495,0.682664155960083,1.450977802276611,-0.14699475392788933,2.1254635820683885,-0.022170290350914,0.4425017237663269,0.221481591463089,-0.22621363505081835,0.5005214207482893
21549,0.0003495775454211,0.5209701061248779,0.030162202194333,0.02224680653068554,0.05789622444690337,-0.0608963891863822,0.6426471471786499,1.476115345954895,-0.0641946245148203,2.2969297419825763,-0.0231295246630907,0.573445200920105,0.2284622639417648,-0.17654698651720355,0.3984029573796978
21559,-0.0012847568141296,0.648118257522583,0.0295265037566423,-0.06713587429593801,0.04555727818794471,-0.0432515479624271,0.7429793477058411,1.190478801727295,-0.04889936807782364,1.6023040282387861,-0.0299245361238718,0.7012701034545898,0.2195567786693573,-0.19435479164688554,0.3130844700034678
21569,-0.0010594649938866,0.3740016520023346,0.0335549153387546,-0.08442225408619164,0.08971862867211383,-0.0812303200364112,0.6743951439857483,1.3796714544296265,-0.08730277553643717,2.0457909086883674,-0.0300045385956764,0.414118081331253,0.2333917617797851,-0.31043968716966314,0.5635874700991264
21579,-0.0008010386954993,0.2856936156749725,0.0349249839782714,-0.08028173413216172,0.12224628784846495,-0.0707906186580658,0.5104883313179016,1.4290858507156372,-0.09703570576761414,2.7994486123242805,-0.0229533836245536,0.3536364436149597,0.225741758942604,-0.28752644593180027,0.6383441611249553
21589,-0.0014090342447161,0.3088677823543548,0.0308437384665012,-0.14790468346542873,0.09986065309691348,-0.0909939110279083,0.7486086487770081,1.3689041137695312,-0.08879417224984773,1.828597780704099,-0.0346250534057617,0.534085750579834,0.2203474342823028,-0.294219506588577,0.4125693936658693
21599,-0.0013502042274922,0.4495505094528198,0.0362800695002079,-0.08278522984870529,0.08070298829016338,-0.1196215599775314,0.8336117267608643,1.4860368967056274,-0.09656417928340608,1.782648742814438,-0.0468590930104255,0.5812097191810608,0.2582870423793793,-0.31214644339519715,0.44439560085697166
21609,-9.43894629017e-05,0.2857634127140045,0.0300332233309745,-0.010998031152373178,0.1050982105992418,-0.0603760033845901,0.4353302717208862,1.3767932653427124,-0.10073415795342194,3.162640769042244,-0.0220185555517673,0.3242713809013366,0.2359863966703415,-0.28773535956170654,0.7277435215355719
21619,-0.0025055683217942,0.426044762134552,0.0381434671580791,-0.15418099791746842,0.08952924797613815,-0.1412752568721771,0.8775667548179626,1.5729093551635742,-0.10234868044626319,1.7923529424150182,-0.0727410167455673,0.6718723773956299,0.2590956091880798,-0.4178616622979378,0.3856321794213489
21629,-0.0008913396159186,0.3403175473213196,0.032715868204832,-0.08005720371803851,0.09613335680849414,-0.0432093515992164,0.6147736310958862,1.4282550811767578,-0.04921038243019175,2.3232211157638165,-0.0277217794209718,0.463141530752182,0.2490204870700836,-0.2403655917088793,0.5376768666494942
21639,-0.0004352459800429,0.3503978550434112,0.0351238138973712,-0.03536483712678755,0.1002398085257105,-0.0749748349189758,0.6301746368408203,1.3143601417541504,-0.09051909803934634,2.0857077783124947,-0.0400833263993263,0.6028769612312317,0.2522414922714233,-0.2635836941694117,0.41839630387646676
21649,-0.0014796794857829,0.6154320240020752,0.0268345009535551,-0.08959711768627973,0.04360270494059408,-0.0913619250059127,0.8469902873039246,1.4244825839996338,-0.07572332362307768,1.6818169055207695,-0.0372641384601593,0.6739077568054199,0.2283393591642379,-0.24216415067913227,0.3388288038805988
21659,0.0005882594268769,0.5485034584999084,0.0356974527239799,0.030043622616188027,0.0650815453773221,-0.0478218011558055,0.6649249792098999,1.2622824907302856,-0.0569766253300411,1.8983833217248034,-0.0292100757360458,0.4979703724384308,0.2451659739017486,-0.2392593857225083,0.49233044267520354
21669,-0.0009536920697428,0.3363891243934631,0.0279120411723852,-0.10157214591023508,0.0829754565422199,-0.1174693554639816,0.6940187811851501,1.4578940868377686,-0.11609870836481806,2.100655092284645,-0.0339506492018699,0.4300409853458404,0.2317762225866317,-0.340619380208781,0.5389630999943795
21679,-0.0004824560310225,0.3363785147666931,0.0326468758285045,-0.04393269685055534,0.09705398649241276,-0.0356736443936824,0.5794652700424194,1.7422716617584229,-0.03533492665007108,3.0066886694191024,-0.0270708091557025,0.3589131534099579,0.2562103569507599,-0.2943846636035353,0.7138505638942444
21689,-0.0013633028138428,0.2931553423404693,0.0348110795021057,-0.13359094654181747,0.1187461883661539,-0.1201562136411666,0.6220288276672363,1.469660997390747,-0.13143727701523236,2.3626895282367273,-0.03616389259696,0.477850079536438,0.2454998195171356,-0.3082707584616129,0.5137590847641896
21699,-5.77364407945e-05,0.3831645250320434,0.029809545725584,-0.005054862617634984,0.07779829232127133,-0.069152794778347,0.7273954153060913,1.578578233718872,-0.060224481128558646,2.1701789707522408,-0.0237192399799823,0.4651064276695251,0.2455892860889434,-0.2076533830976503,0.5280281489969936
21709,-0.0004787161888089,0.4546168446540832,0.0237779058516025,-0.044285238490673506,0.05230317822845972,-0.0278470143675804,0.7149518728256226,1.291420578956604,-0.03016019381688293,1.8063042115725498,-0.0198040809482336,0.4929043650627136,0.2186129540205001,-0.1837875701091178,0.4435200203444848
21719,0.0019566158298403,0.8892132043838501,0.0357962697744369,0.06146981233792016,0.040256115853835865,0.0019631320610642,0.8986331820487976,1.3392013311386108,0.0016312525088238233,1.490264724128437,-0.0130586205050349,1.0323089361190796,0.2337530255317688,-0.05411658383482835,0.22643708424200326
21729,-0.0004663772997446,0.6448903679847717,0.0328464955091476,-0.022017219544122574,0.050933456506398356,-0.0079143531620502,0.6912990212440491,1.241794466972351,-0.00921933855269209,1.7963203025192203,-0.0443176366388797,0.6847854852676392,0.2211393266916275,-0.2926550771969747,0.32293226338639197
21739,0.0002989511704072,0.4365919828414917,0.0334152989089489,0.02049175483047157,0.0765366754823819,-0.0981232449412345,0.5800394415855408,1.3475831747055054,-0.12553325680366098,2.3232612786156057,-0.0295256990939378,0.4792383015155792,0.2420194745063781,-0.25456480244212554,0.5050086225182702
21749,-0.0009016441181302,0.4651489555835724,0.0385006442666053,-0.050347174954228795,0.08277057016779213,-0.0532480031251907,0.7051084041595459,1.4410667419433594,-0.05240386744274436,2.0437520435755396,-0.0210655648261308,0.5856145620346069,0.2445048540830612,-0.14712069076082693,0.4175183985069896
21759,-0.0013471264392137,0.2883781492710113,0.0343744866549968,-0.1358969745891638,0.11919934551869404,-0.0228743907064199,0.5726708173751831,1.3419437408447266,-0.029765293773563902,2.3433073593578233,-0.0379624739289283,0.4937123358249664,0.2348603904247284,-0.3273940252992922,0.47570290102695023
21769,0.0002453266060911,0.5209084153175354,0.0223112348467111,0.021108611633265974,0.042831396442521694,-0.0682738199830055,0.5708001255989075,1.4152333736419678,-0.08451661239147781,2.479385182610192,-0.0147449616342782,0.4384452700614929,0.2174975275993347,-0.15462294228871443,0.49606539846770425
21779,-0.0006971526890993,0.5947787761688232,0.0278166383504867,-0.042137406294643055,0.04676804127017331,-0.1105916649103164,0.7765244245529175,1.3206169605255127,-0.10784261375888578,1.700676654550635,-0.0146425310522317,0.7744022607803345,0.2477689236402511,-0.07631373460265516,0.3199486057679948
21789,-0.0003815596282947,0.3258403539657593,0.0240695271641016,-0.04865080036694709,0.07386907996862455,-0.0178922228515148,0.5166208148002625,1.3497357368469238,-0.02565923190750628,2.6126236074494265,-0.0195674784481525,0.4912872612476349,0.2288641780614853,-0.17402896560970804,0.46584594414330965
21799,-0.0009556080331094,0.3897320926189422,0.0308580826967954,-0.07945929069264179,0.07917767943982656,-0.1531151533126831,0.6718388199806213,1.478813648223877,-0.1541131257432204,2.2011434949033344,-0.0327578410506248,0.5360414981842041,0.2274494916200637,-0.2686778649264043,0.4243132152837605
21809,-0.0006583559443242,0.1292432099580764,0.0271286349743604,-0.18776951447902354,0.20990375419459423,-0.0563633069396019,0.5189582109451294,1.6272027492523191,-0.06674556427084265,3.13551787973226,-0.0242907255887985,0.3571844100952148,0.2307581752538681,-0.29470730204780593,0.6460477241779808
21819,-0.0004413455899339,0.4373757541179657,0.0429961793124675,-0.02346898036544848,0.0983048989516481,-0.0545245371758937,0.661573588848114,1.2524677515029907,-0.06580323976094753,1.8931646798109045,-0.0391851142048835,0.3722687363624573,0.2570971250534057,-0.4094183762116912,0.6906223916775127
21829,-0.0020130469929426,0.4027153849601745,0.0415261648595333,-0.12037432592627753,0.10311541701750462,-0.1289522647857666,0.7461341023445129,1.436584711074829,-0.12030421507205777,1.9253706626741396,-0.046226680278778,0.5815858840942383,0.2513554394245147,-0.316220893273203,0.43218971831817343
21839,0.0005935635417699,0.3223339915275574,0.0275655202567577,0.06680283873461842,0.08551850248905889,-0.0571992173790931,0.4451938271522522,1.5016615390777588,-0.08555962945068701,3.3730511240089687,-0.0258578993380069,0.3451076745986938,0.2319370657205581,-0.3230490472829898,0.6720715961772354
21849,-0.0023444234393537,0.4598197340965271,0.0370523408055305,-0.13760455138683889,0.08058014490903152,-0.12142214179039,0.9150709509849548,1.4620624780654907,-0.09075638498660174,1.5977585961960334,-0.0561890639364719,0.8394173383712769,0.2534907460212707,-0.26406555327278297,0.30198416739058465
21859,0.000570990901906,0.4244553744792938,0.0331748835742473,0.040549709186237515,0.07815870776744203,-0.0982218757271766,0.7338482141494751,1.390795350074768,-0.09623626332627133,1.895208468534178,-0.0367926582694053,0.4910522103309631,0.2461470812559127,-0.3043959053364322,0.5012645826194584
21869,-0.0004464385274332,0.2767203748226166,0.028631018474698,-0.0563486781290378,0.10346552361043551,-0.1353237479925155,0.722700834274292,1.4152048826217651,-0.1323110583588018,1.9582167551291936,-0.0298494081944227,0.4384149312973022,0.2309950441122055,-0.29474586831321264,0.526886808870022
21879,-9.49496170505e-05,0.2856630086898803,0.0277682524174451,-0.011969903880706782,0.09720632904063087,-0.0744971483945846,0.5642139911651611,1.3083735704421997,-0.10091693109074179,2.3189314531890126,-0.0304989367723464,0.3317307531833648,0.2252542078495025,-0.4081558751719188,0.6790272101332517
21889,0.0001873731380328,0.4129248857498169,0.0263335742056369,0.017231634087472435,0.06377327963127874,-0.031015858054161,0.6907703876495361,1.4510579109191897,-0.03094320848684411,2.1006371101932455,-0.0201443117111921,0.5278257131576538,0.2186992764472961,-0.17450767954750418,0.41433994402992225
21899,-0.0010263852309435,0.5087873339653015,0.0311028454452753,-0.06485955739179222,0.061131328099053,-0.0762005448341369,0.8550980687141418,1.328226089477539,-0.06709190825826564,1.55330264220438,-0.0330517292022705,0.6103583574295044,0.2261270880699157,-0.2394730800735731,0.3704824965815809
21909,-3.81240679416e-05,0.4986946880817413,0.0237431395798921,-0.0032197811012072506,0.04761057245510574,-0.0658712238073349,0.5763474702835083,1.485065460205078,-0.07696012130217694,2.5766842690826186,-0.0216807387769222,0.4131515324115753,0.2347983866930008,-0.22349592052490946,0.5683105792261668
21919,-0.0002963092993013,0.5372048020362854,0.03573464974761,-0.01543532810533613,0.06651960223020552,-0.0531787611544132,0.7471385598182678,1.5073869228363037,-0.047218514678169746,2.0175466826433865,-0.0262887757271528,0.6340866684913635,0.2321099787950515,-0.17861911249373535,0.3660540275153457
21929,-0.0013366634957492,0.7581929564476013,0.0336556509137153,-0.05238227397104045,0.04438929513590283,-0.0686978697776794,0.9287955164909364,1.4744389057159424,-0.05016448731970646,1.5874741851537897,-0.0439456030726432,0.7965043783187866,0.2306817919015884,-0.23917398799602455,0.2896177324078213
21939,-0.0011788232950493,0.2519025206565857,0.0375612936913967,-0.124587839384408,0.14911043205718197,-0.0703199356794357,0.4563084840774536,1.3573956489562988,-0.11353073995459115,2.9747324372033703,-0.0280484817922115,0.3329826891422272,0.2515458762645721,-0.3348655727241633,0.7554322926292697
21949,-0.0002781493822112,0.3910108804702759,0.0266757570207119,-0.026666898277021366,0.0682225440597164,-0.0376177057623863,0.518767774105072,1.198624610900879,-0.06049731841362383,2.3105224933615625,-0.0206368342041969,0.3538267314434051,0.2247341573238372,-0.2595274793563704,0.6351531338716381
21959,-0.0014208400389179,0.546814501285553,0.0417529940605163,-0.06223254185275328,0.07635677905826495,0.0108119472861289,0.7538660168647766,1.1833335161209106,0.012119999105624989,1.569686774106398,-0.0291199348866939,0.7539483904838562,0.2558558881282806,-0.1509570377700885,0.33935464463831766
21969,-0.0008608365315012,0.3947453498840332,0.0273343753069639,-0.07978008839646562,0.0692455916579995,-0.0803213343024253,0.6842930316925049,1.5760841369628906,-0.07447480914479568,2.3032298503240094,-0.0281404424458742,0.4096300303936004,0.231144517660141,-0.29720460657539194,0.5642762993671182
21979,-0.0008724904619157,0.2096929550170898,0.0388830006122589,-0.10700820421503543,0.18542826395426573,-0.1222059056162834,0.4996638000011444,1.4739775657653809,-0.1659294347435548,2.9499386702859103,-0.0327799879014492,0.3060803413391113,0.2537290751934051,-0.422088107017706,0.8289623374155043
21989,-0.0005444103153422,0.3567507266998291,0.0337843708693981,-0.045169537435220605,0.09470021597972623,-0.0525046922266483,0.4683227837085724,1.5129534006118774,-0.07410154767409963,3.2305782533812346,-0.020045606419444,0.3260537981986999,0.2356776595115661,-0.2608624199535068,0.7228183226620234
21999,-0.0013280936982482,0.3095547258853912,0.0368847846984863,-0.11631722285070727,0.11915432592084682,-0.0837487131357193,0.5808793902397156,1.5273948907852173,-0.09439322865661355,2.629452716776363,-0.0508990250527858,0.4482266902923584,0.2547304630279541,-0.4457905572819158,0.56830721718469
22009,-8.9085242507e-06,0.3327206373214721,0.0217227302491664,-0.0012325700711160084,0.06528819619979888,-0.1008422821760177,0.4597468376159668,1.687872052192688,-0.1299524264232069,3.6713075851597092,-0.0127566307783126,0.3052818477153778,0.217363953590393,-0.19224164733923063,0.7120107376742788
22019,-0.0011455455096438,0.3533637821674347,0.0290470942854881,-0.11160601928983438,0.08220167360480846,0.037909809499979,0.6669580340385437,1.2934082746505735,0.043945808479537656,1.9392648542199389,-0.0259259082376956,0.4880031049251556,0.2232682704925537,-0.2379492751270662,0.45751403677399977
22029,-0.0010074378224089,0.2344957292079925,0.0304728746414184,-0.14098401975685412,0.12995065941857575,-0.0711214691400528,0.5052391886711121,1.456864356994629,-0.09662390203470797,2.883514164501958,-0.027793725952506,0.295141190290451,0.2350137382745742,-0.40070401672188616,0.796275633513896
22039,-0.0004372842086013,0.2421346306800842,0.0292316619306802,-0.06178077886593145,0.12072482919348278,-0.0781111270189285,0.5592811703681946,1.3296102285385132,-0.10504088173566095,2.3773556110662257,-0.0302699189633131,0.3182746767997741,0.2316451668739318,-0.4105687865856976,0.7278152607147544
22049,-0.0003709847514983,0.3383288085460663,0.0276008732616901,-0.03972777632382871,0.08158002678016706,-0.1053397133946418,0.5938519835472107,1.4324307441711426,-0.12383411003160176,2.4121006308927577,-0.0253243595361709,0.4520875215530395,0.2153339684009552,-0.26013776623282253,0.4763103561479123
22059,-0.0001970955781871,0.3469130396842956,0.0230696331709623,-0.024627230083386083,0.06649975795650855,-0.0630107372999191,0.6248902678489685,1.3047107458114624,-0.07728524021851654,2.0879037695731912,-0.0333735793828964,0.5631041526794434,0.2141128033399582,-0.27680340002883147,0.3802365909062041
22069,-0.0005657102447003,0.2061647176742553,0.0361766554415226,-0.07584924924085991,0.17547452274875905,-0.0460045970976352,0.3180690705776214,1.3471641540527344,-0.10736414583780177,4.235445312573934,-0.0200171507894992,0.2137309163808822,0.2384611368179321,-0.3927510030614036,1.115707268072435
22079,-0.0011889120796695,0.3583107888698578,0.0363548137247562,-0.09126997482824101,0.10146167755490233,-0.0739139020442962,0.6051575541496277,1.3336533308029177,-0.09158296868028645,2.2038117539108937,-0.0451673418283462,0.4776943027973175,0.2511793076992035,-0.376435533319275,0.5258160003758244
22089,-0.0010690347990021,0.3745590150356293,0.0297022145241498,-0.09609100989483287,0.07929915802807318,-0.0624999739229679,0.6774550080299377,1.373560667037964,-0.06716631664807331,2.0275304643954515,-0.0280259158462286,0.4593815803527832,0.228033572435379,-0.26753921291361193,0.4963925028518994
22099,-0.0005256806616671,0.2741940915584564,0.0264742895960807,-0.0724168439207328,0.09655310019850137,-0.0449124462902545,0.6871803998947144,1.7488059997558594,-0.03737268603748636,2.544900873226013,-0.0311426557600498,0.4820572733879089,0.2256098687648773,-0.2863511373205382,0.46801465556008787
22109,2.29390097956e-05,0.3148980140686035,0.0289896801114082,0.002512819664175362,0.09206053647925681,-0.1043315529823303,0.5059586763381958,1.4227558374404907,-0.14493398988359982,2.81200007822276,-0.0298437662422657,0.3420316576957702,0.2411719709634781,-0.3617932764817856,0.7051159316310871
22119,-0.000528291799128,0.4473798871040344,0.033958364278078,-0.034773679790734834,0.07590498647110899,-0.0730830430984497,0.7263205051422119,1.4755524396896362,-0.06819203782998177,2.0315445168393342,-0.0308555103838443,0.507547914981842,0.2378289401531219,-0.25561773717072295,0.4685842127075439
22129,-3.961567927e-06,0.55327969789505,0.0373396500945091,-0.00019175739824831922,0.06748783704980973,-0.00522774271667,0.6054386496543884,1.3133312463760376,-0.006574606834928883,2.169222673718875,-0.0217657051980495,0.6332843899726868,0.2476595640182495,-0.13877743476354698,0.39107163849235405
22139,-0.0002086622698698,0.4311730861663818,0.0345142558217048,-0.01402147717232033,0.08004733349332102,-0.0751691982150077,0.6273325085639954,1.2260257005691528,-0.09773329712204047,1.9543474693756981,-0.0184992980211973,0.3468226492404938,0.2242229878902435,-0.2378853307942363,0.6465061851677477
22149,-0.0008844831609167,0.5038160085678101,0.0360691770911216,-0.048672244278787746,0.07159196309314364,-0.0999755710363388,0.781410813331604,1.2627209424972534,-0.1013227791048458,1.6159501774918463,-0.0082333302125334,0.6669315695762634,0.2575822174549103,-0.0479267942694578,0.3862198600353643
22159,-7.93253348092e-05,0.5978824496269226,0.0418702997267246,-0.003168765045899947,0.07003098979214321,0.0002774719614535,0.7604207992553711,1.294967770576477,0.0002817773997715825,1.7029620597497488,-0.0242242384701967,0.72027188539505,0.2482838034629821,-0.13545819375461787,0.3447084475979581
22169,-0.0008509559556841,0.4636746346950531,0.0320656076073646,-0.057234022509178785,0.06915540598517605,-0.0682884082198143,0.7783337235450745,1.184052348136902,-0.07409864020637555,1.521265637500457,-0.0354471765458583,0.6274663805961609,0.2267819792032241,-0.24910511523457451,0.36142490851502945
22179,-0.0004112469614483,0.4017754197120666,0.036079503595829,-0.02836996402373194,0.08980017648089442,-0.1352630704641342,0.8543545603752136,1.4013381004333496,-0.11297911531932521,1.6402301403037083,-0.0385021418333053,0.5077676177024841,0.2412954568862915,-0.3142467129706401,0.4752084388092538
22189,-0.000501504400745,0.3056409657001495,0.0371969938278198,-0.04411185716207727,0.12170159763306104,-0.0146698206663131,0.6065616011619568,1.1974934339523315,-0.020196529604271908,1.9742321829445832,-0.0308359339833259,0.4303736984729767,0.2280510812997818,-0.3141805163417545,0.529890841631209
22199,-0.0003389027260709,0.4231261312961578,0.0320801623165607,-0.02496713203786322,0.0758170198996925,-0.0935077369213104,0.5884231925010681,1.3046956062316897,-0.12180035792150128,2.2172742727664008,-0.0266350004822015,0.4899773597717285,0.2203845530748367,-0.24665819244624154,0.44978517615081204
22209,-0.0008112470386549,0.5939026474952698,0.0227045249193906,-0.06016244037372668,0.03822937145531319,-0.0852085351943969,0.7055445909500122,1.4062628746032717,-0.08588001690816144,1.993159458156636,-0.0224872548133134,0.6186848878860474,0.2245225012302398,-0.16188516841347955,0.3629028373351727
22219,-0.0012064268812537,0.3244886100292206,0.0334041453897953,-0.11130154248401758,0.1029439689324911,-0.0961544513702392,0.5665721893310547,1.4479811191558838,-0.11720637720328779,2.5556868946665006,-0.0459420382976532,0.5151149034500122,0.244630366563797,-0.36458246608508804,0.4749044629176341
22229,3.30883813148e-05,0.5486022233963013,0.0263314470648765,0.002290568224895361,0.047997339314199416,-0.0558276921510696,0.7280917167663574,1.397233963012695,-0.05487751676694874,1.9190356528407857,-0.0221964698284864,0.5823639631271362,0.2299836277961731,-0.1657267049828908,0.39491390669371695
22239,-0.0008843404939398,0.1982723325490951,0.0336202941834926,-0.13266485500936365,0.16956624129676653,-0.0773584321141243,0.5948184728622437,1.3413316011428833,-0.09695876048085723,2.255026806226187,-0.0374516956508159,0.3068754971027374,0.2687563300132751,-0.4540990261325213,0.8757829561194956
22249,-0.0003659969952423,0.1937230974435806,0.0378933660686016,-0.04985777922750219,0.19560582382096986,-0.0882839933037757,0.5958919525146484,1.3781272172927856,-0.10750412752330238,2.3127132552757677,-0.0255394168198108,0.2715222537517547,0.2422011792659759,-0.38835535049576325,0.8920122602083796
22259,-0.0008891004836186,0.2205721884965896,0.0313374809920787,-0.12862814623009247,0.14207358237533751,-0.0458746328949928,0.483938455581665,1.394376516342163,-0.06798332595872157,2.881309596829221,-0.0289082359522581,0.429051399230957,0.2320093363523483,-0.2904068167398728,0.5407495157181819
22269,0.0010033344151452,0.7369389533996582,0.0331854745745658,0.04102666008460971,0.045031510984015775,-0.078640416264534,0.910625696182251,1.4443830251693726,-0.059789307968395766,1.586143495867589,-0.0142040960490703,0.7656310796737671,0.2341213822364807,-0.07924155077642334,0.30578876491826723
22279,-0.002495594555512,0.398432046175003,0.037912517786026,-0.1652103079234869,0.09515428829079103,-0.1229214295744896,0.9714284539222716,1.3089677095413208,-0.09666913868255307,1.347466922814737,-0.0368021689355373,0.7292447090148926,0.2403495609760284,-0.20996978066973332,0.32958697952119115
22289,-6.7789122113e-05,0.1939664483070373,0.0239666141569614,-0.014582322944080519,0.12356061765395468,-0.0662699192762374,0.5376489162445068,1.520364761352539,-0.08107181049386566,2.8278021500951414,-0.0217234604060649,0.3613612055778503,0.2290403395891189,-0.26246747988463237,0.6338265869543523
22299,-0.0011031978065147,0.274454265832901,0.0376978181302547,-0.1066269997730501,0.13735555545420697,-0.0384316444396972,0.5422971844673157,1.2200627326965332,-0.058085730628775596,2.2498046599577477,-0.0293603800237178,0.3689001500606537,0.2403851300477981,-0.3310893730438968,0.6516265444952368
22309,-0.0010688523761928,0.4556061327457428,0.035377811640501,-0.06631277471724442,0.07764998997553896,-0.1595773547887802,0.7201943397521973,1.8326048851013184,-0.12090735431649759,2.5445977341780783,-0.0452324673533439,0.5363324284553528,0.2580099701881408,-0.326873514984695,0.48106352795264357
22319,-0.0013467994285747,0.4899519085884094,0.039208672940731,-0.07010795936622737,0.08002555404609876,-0.0812094807624816,0.7712537050247192,1.557446837425232,-0.06760771207829085,2.019370315213351,-0.0431054085493087,0.6113378405570984,0.2557225227355957,-0.2757284039615911,0.41829984301734296
22329,-0.0019070807611569,0.5270416736602783,0.0400213599205017,-0.09041329284762273,0.07593585464040317,-0.0759971439838409,0.6998831033706665,1.4017603397369385,-0.07746365674842655,2.0028492372311915,-0.0549848787486553,0.665223240852356,0.2598533928394317,-0.31808813243936696,0.3906258484091437
22339,-0.0006119100144132,0.527695894241333,0.0364505536854267,-0.03181264037570971,0.06907492380214851,-0.1110160052776336,0.8683644533157349,1.3684203624725342,-0.0934251988162988,1.5758594876234304,-0.0396824441850185,0.7097674608230591,0.2349974066019058,-0.23791359490119343,0.33109070163543225
22349,0.0006148429820314,0.5139498710632324,0.0448229685425758,0.02668964781968138,0.08721272455978714,-0.0785329043865203,0.634147047996521,1.3499678373336792,-0.09173567534255177,2.128793064004116,-0.0309421122074127,0.5212287902832031,0.2659595012664795,-0.22320609559326918,0.5102548175091666
22359,-0.0004887070972472,0.6219777464866638,0.0256928633898496,-0.030581676636828318,0.041308332227285714,-0.0634036064147949,0.9051100611686708,1.3736207485198977,-0.05099712893592088,1.517628416091508,-0.0267412699759006,0.7643651366233826,0.2252313494682312,-0.15532891885715316,0.2946646029189673
22369,-0.0016337689012289,0.4983144402503967,0.0335038639605045,-0.09785708078590191,0.06723438306076227,-0.1547958552837371,0.870487630367279,1.5543465614318848,-0.11440601728813786,1.7856044212553253,-0.0384909287095069,0.5639668107032776,0.245736226439476,-0.2777382267410482,0.43572817012589476
22379,-0.0006912306416779,0.4830961525440216,0.0255684796720743,-0.05596087518453818,0.05292627469175384,-0.096279039978981,0.5852256417274475,1.369051218032837,-0.12016796556658917,2.3393561737857587,-0.0359885096549987,0.5662524104118347,0.2280155420303344,-0.2787336153980587,0.40267473981170154
22389,-0.0002420537639409,0.3660784661769867,0.0268281083554029,-0.02464606590315035,0.07328513101459622,-0.0996002703905105,0.5716214776039124,1.2971619367599487,-0.1343252887222757,2.2692673168917867,-0.040478728711605,0.4425661265850067,0.2308764904737472,-0.3961585028729267,0.5216768220723761
22399,-0.0008926025475375,0.4923831522464752,0.0361431688070297,-0.050156671894952404,0.07340456033503213,-0.1063722372055053,0.773080587387085,1.4101555347442627,-0.09757453922281942,1.8240731403053476,-0.0457562208175659,0.6317076086997986,0.2657079994678497,-0.2726022334883474,0.42061864667854587
22409,-0.0009969363454729,0.3233277797698974,0.0367486402392387,-0.0839040907258876,0.1136575405472168,-0.0733736902475357,0.5434178113937378,1.466631531715393,-0.09206307467151081,2.698902209248223,-0.0347658842802047,0.4199018478393554,0.2676718831062317,-0.3093162527293698,0.6374629797024296
22419,-0.0019502001814544,0.4936631917953491,0.0308592673391103,-0.12801558195611404,0.06251077222687323,-0.1025306582450866,0.7524275183677673,1.264504075050354,-0.10776279370425906,1.6805659604175944,-0.0430402904748916,0.6089065074920654,0.2398362159729004,-0.2947201399621545,0.39388019839158256
22429,-0.0005528191104531,0.4365944564342499,0.0365846753120422,-0.03461032087644967,0.08379555620297201,-0.0600348748266696,0.8791308999061584,1.4538357257843018,-0.04697153227389695,1.653719287923436,-0.035325288772583,0.6512883901596069,0.2562862038612366,-0.2116348359658688,0.3935064830472876
22439,-0.0006064213812351,0.2342312783002853,0.0272154156118631,-0.09512937552305178,0.11619035599922246,-0.0451961308717727,0.6062976717948914,1.2867443561553955,-0.05793260866978973,2.122298032822889,-0.025347463786602,0.4518316090106964,0.2297395020723343,-0.24418682383848106,0.5084626606256216
22449,-0.0017893565818667,0.3022646307945251,0.038889292627573,-0.15222273471040895,0.12865975263248497,-0.0378663465380668,0.6830409169197083,1.1350969076156616,-0.048839785073019455,1.6618285661927523,-0.043678693473339,0.5188347101211548,0.2515197992324829,-0.334709808043717,0.4847782816491782
22459,-0.0007254754891619,0.3477416932582855,0.0255731120705604,-0.0815797551708764,0.07354054048263331,-0.0721528232097625,0.6521003842353821,1.3086133003234863,-0.08455271215461288,2.0067666450739727,-0.0246486607939004,0.3950516879558563,0.2360770404338836,-0.26429299622816466,0.597585196143405
22469,-0.0002551266225054,0.7336086630821228,0.0313325859606266,-0.011099287187029964,0.042710218045938095,-0.1151482388377189,0.9622986912727356,1.358020544052124,-0.08811321846999469,1.4112255959280242,-0.0112926848232746,0.8798246383666992,0.2419272065162658,-0.05305378545429796,0.2749720750777995
22479,-0.0004650533956009,0.3308638334274292,0.0296820644289255,-0.047354299770266686,0.08971081584060739,-0.0933012440800666,0.4675494134426117,1.380388855934143,-0.1445634398704587,2.9523913756413593,-0.0267655830830335,0.3682231605052948,0.2217401713132858,-0.3278092686178005,0.6021896368740155
22489,-0.00066321430495,0.5449583530426025,0.0375259146094322,-0.03243092121875565,0.0688601512389307,-0.1232373490929603,0.7667316794395447,1.6172144412994385,-0.09938739998131943,2.109231279554757,-0.0345496088266372,0.597472071647644,0.2564064264297485,-0.225526001132398,0.42915215387835365
22499,-0.0001998477964662,0.382247120141983,0.0251550544053316,-0.02078403576204321,0.06580835558941016,-0.0730287134647369,0.6053440570831299,1.400920033454895,-0.08611484433204525,2.314254211407103,-0.01813630387187,0.4924778640270233,0.2184249758720398,-0.16860085504905517,0.4435224237003561
22509,-0.0010724691674113,0.3910210430622101,0.0341058783233165,-0.08041840353215718,0.08722261609304328,-0.1220547407865524,0.5931750535964966,1.6326990127563477,-0.12602759376935063,2.7524741690620393,-0.0257548224180936,0.4754860997200012,0.2471126914024353,-0.2191924967323193,0.5197053952743355
22519,-0.0015557913575321,0.2905302047729492,0.0383614338934421,-0.13959351156705027,0.13203939990825309,-0.0947126820683479,0.6970533132553101,1.4692792892456057,-0.0924778623549931,2.1078434910292896,-0.0460955053567886,0.3959558010101318,0.2537338733673095,-0.4588105771853312,0.6408136279857582
22529,-0.0009882617741823,0.5691221952438354,0.0429859869182109,-0.04039611240955788,0.07553032947483963,-0.0942115783691406,0.7863947153091431,1.2970834970474243,-0.09236251704018557,1.6494051546843396,-0.0240491665899753,0.5731201767921448,0.2273002117872238,-0.1846096896623845,0.3966013080528125
22539,-0.0014849966391921,0.2546042203903198,0.0306468028575181,-0.1903157355301085,0.1203703646802679,-0.0751654505729675,0.4944290518760681,1.2522825002670288,-0.12139812306754921,2.532785028540195,-0.023711685091257,0.3848570585250854,0.2247608602046966,-0.2741209806571077,0.584011271785071
22549,-0.0011314417934045,0.2084252685308456,0.0409681648015975,-0.13250593690290427,0.1965604510929752,-0.0373313650488853,0.4598391652107239,1.3666635751724243,-0.05940271472976119,2.9720469211145666,-0.0316864810883998,0.3177375495433807,0.2473584413528442,-0.40316120462048627,0.7784992416172467
22559,-0.001045039971359,0.3725203275680542,0.0333330556750297,-0.08416040138062252,0.08947983024883446,-0.0242340881377458,0.6514922380447388,1.181015968322754,-0.03149645440958013,1.812785938735393,-0.0356973558664321,0.4505975842475891,0.2344738095998764,-0.3378725037019476,0.5203618878503362
22569,-0.0008491377811878,0.3158499896526336,0.0320103429257869,-0.08398601416750007,0.10134666447509252,-0.0874815508723259,0.6344258785247803,1.410749077796936,-0.09774303246125807,2.223662567292064,-0.0332107134163379,0.4158037006855011,0.2389476001262664,-0.3342621341677029,0.5746644383691951
22579,-1.5773366612e-06,0.4886676967144012,0.0269074868410825,-0.00011996032396095636,0.055062953868236585,-0.1099998131394386,0.846196174621582,1.5603677034378052,-0.08330938664192934,1.8439786780359766,-0.0430546700954437,0.6321709156036377,0.241104319691658,-0.282475485094183,0.38139103483024994
22589,-4.57611313322e-05,0.6301928758621216,0.0430067107081413,-0.001688445457068899,0.06824372720701882,-0.0641904324293136,0.7301449775695801,1.4849395751953125,-0.05920418641352532,2.0337598981207856,-0.0120458072051405,0.7905139327049255,0.2599897980690002,-0.05860977747930779,0.32888705348858965
22599,-0.0015539772575721,0.482298880815506,0.034020610153675,-0.09470792163908515,0.07053843893676569,-0.0718651413917541,0.5788124799728394,1.229001760482788,-0.10102477523153297,2.1233159322004576,-0.0264025498181581,0.3568531572818756,0.2325675189495086,-0.3181319352624669,0.6517177001345831
22609,-0.0011709837708622,0.2268109619617462,0.0354023464024066,-0.14583265692993877,0.1560874575734904,-0.0692552328109741,0.6456067562103271,1.2175259590148926,-0.08810616484395488,1.8858631005686755,-0.0371320657432079,0.3302138745784759,0.247816801071167,-0.45375669617618664,0.7504736177046155
22619,-0.0003270758897997,0.4334849715232849,0.0286393649876117,-0.02634578247683783,0.06606772291775592,-0.0845467448234558,0.6602820158004761,1.2803068161010742,-0.10001228854193696,1.9390302711015488,-0.0299702752381563,0.5252719521522522,0.2252921909093856,-0.2532563721933114,0.4289058077178348
22629,-0.0012952699325978,0.5433721542358398,0.0297550372779369,-0.08011289148713957,0.05475995971818298,-0.0340766236186027,0.8998393416404724,1.387752652168274,-0.027288490612059756,1.5422226923733966,-0.0438450090587139,0.657528817653656,0.2426017224788665,-0.27485996863615336,0.36895983258129
22639,-5.45081638847e-05,0.4307795464992523,0.0322047397494316,-0.003929042118302775,0.07475921271366003,-0.0198949240148067,0.6209133863449097,1.2049497365951538,-0.026591469054670636,1.940608405446455,-0.0248114801943302,0.437030553817749,0.2208286672830581,-0.25709014073196135,0.5052934293814806
22649,-0.0003778140817303,0.3598100244998932,0.0273892655968666,-0.03833756227375511,0.07612146336093738,-0.0449973419308662,0.6159260869026184,1.3222671747207642,-0.0552508603031141,2.1467952126694425,-0.0156456734985113,0.6008384227752686,0.2246482521295547,-0.11591336710651452,0.3738912885962019
22659,-0.0006631134892813,0.4667254686355591,0.029713736847043,-0.047815542698842105,0.06366427127687961,-0.0224925801157951,0.4946881234645843,1.4203532934188845,-0.0320118969031024,2.8712096087355743,-0.0149193713441491,0.5835305452346802,0.2497181892395019,-0.10238509845118715,0.4279436462731733
22669,-0.0009052101522684,0.4385776221752167,0.0361603461205959,-0.05707821311119585,0.08244913623556797,-0.0254530329257249,0.6437035202980042,1.3926286697387695,-0.028393460324950378,2.1634628766579507,-0.0341116115450859,0.4134890735149383,0.2451763451099395,-0.33648029258355344,0.5929451606200228
22679,-0.0002495838270988,0.3960379064083099,0.0208051092922687,-0.0302907259855104,0.05253312613671608,-0.0963475555181503,0.6836802959442139,1.3822176456451416,-0.10195562799306855,2.0217309959711436,-0.0236961208283901,0.5999263525009155,0.2192870527505874,-0.18012181968983626,0.3655232877109741
22689,-0.0007350770756602,0.4001336693763733,0.0408221818506717,-0.045001974488559054,0.1020213617971588,-0.1355390697717666,0.8607633709907532,1.3735980987548828,-0.11463600478973066,1.5957906029084954,-0.0392836034297943,0.6103201508522034,0.256268173456192,-0.2511648932258059,0.4198913850351478
22699,-0.0007584528648294,0.2888324558734894,0.0351655632257461,-0.07467324518051406,0.12175073303101663,-0.1137132048606872,0.5348215103149414,1.3447185754776,-0.15811411062275102,2.514331509751231,-0.0238881185650825,0.4031104445457458,0.2277534306049347,-0.2601914178722009,0.5649901501847312
22709,-0.000216727334191,0.3587769567966461,0.0270408522337675,-0.022339259463184526,0.0753695345297613,-0.1190029233694076,0.7851811051368713,1.2433605194091797,-0.12189635437350654,1.583533418309193,-0.0282821226865053,0.4662465453147888,0.2232960015535354,-0.2716535773483385,0.4789225867674278
22719,-0.0006252792663872,0.5455225706100464,0.0283452160656452,-0.040437242494988264,0.051959749408621796,-0.022305691614747,0.7033272981643677,1.1837102174758911,-0.026792474330918175,1.683014750835475,-0.0270972121506929,0.5959069132804871,0.228177934885025,-0.19928405082357017,0.3829086889240771
22729,-0.0004926997935399,0.6257367730140686,0.0390499345958232,-0.020163707615966742,0.06240632847535273,-0.0535404458642005,0.7277181148529053,1.5955650806427002,-0.04611097173863731,2.192559245230846,-0.0393993221223354,0.6000247001647949,0.2378671914339065,-0.2760482996276538,0.3964289992871577
22739,-0.0016388786025345,0.2643677294254303,0.0415018796920776,-0.14937247496569206,0.156985422472995,-0.0074444888159632,0.8279080390930176,1.353904366493225,-0.006641478839058731,1.6353318274049402,-0.0503590032458305,0.5891340970993042,0.2619093954563141,-0.32637124521677635,0.4445666899028028
22749,-0.0009133463026955,0.3574241399765014,0.0331684350967407,-0.0770418339447676,0.09279853089643396,-0.0641204863786697,0.4983072280883789,1.5780960321426392,-0.08153915252876277,3.1669137897047537,-0.0294006783515214,0.4127606153488159,0.2510883808135986,-0.2836824594842787,0.6083147749002378
22759,-0.0018184853252023,0.5673561096191406,0.0322877466678619,-0.09926961275336388,0.056909137172306605,-0.1598873883485794,0.8287808895111084,1.413362979888916,-0.13649626528287712,1.7053517977744976,-0.0401524230837821,0.7220165729522705,0.2254613488912582,-0.24665645845185014,0.3122661685858041
22769,-0.0004290424694772,0.244294211268425,0.0289325192570686,-0.06070170036815862,0.11843309387825894,-0.0904795229434967,0.6142670512199402,1.3692537546157837,-0.10757445162054755,2.22908546355601,-0.0213657282292842,0.4184511005878448,0.2394887804985046,-0.21320030071349996,0.5723220231995282
22779,-0.0011410706210881,0.3172080814838409,0.0340198948979377,-0.10573902778929732,0.1072478820173777,-0.1374014317989349,0.5795117020606995,1.4344875812530518,-0.16528454837803722,2.4753384205221796,-0.0344158448278903,0.3649215698242187,0.2512796819210052,-0.37531984373319655,0.6885854460234994
22789,-0.0005762425716966,0.3057993352413177,0.0331588312983512,-0.056828944230698945,0.10843330078590369,-0.0681140571832656,0.6030185222625732,1.4672824144363403,-0.07698256635727212,2.4332294287263028,-0.0266038831323385,0.3050116598606109,0.2380887418985366,-0.36634454534114347,0.7805889847205914
22799,-0.002142267068848,0.5677056908607483,0.0339320823550224,-0.11120897852344017,0.05977055171593401,-0.1719758212566375,0.8781514763832092,1.298152208328247,-0.15085938738113525,1.478278227891696,-0.0494770593941211,0.5815359950065613,0.2445154339075088,-0.34795333359935,0.42046483108023264
22809,-0.0012920406879857,0.4499429166316986,0.0251933503895998,-0.11398110009632435,0.055992325822570625,-0.1127973198890686,0.7939692735671997,1.3286607265472412,-0.10692542547750887,1.6734409891931246,-0.0445092990994453,0.5918186902999878,0.2293358892202377,-0.3279367249983481,0.3875103861690974
22819,-0.001169781666249,0.4845680892467499,0.0312139950692653,-0.0773393721908299,0.0644161176972812,-0.0854005292057991,0.6380036473274231,1.4584338665008545,-0.09178055083243107,2.2859334309610726,-0.0171437039971351,0.4604250490665436,0.222923070192337,-0.16702854609808745,0.4841679892184118
22829,-0.0006463833851739,0.3631661832332611,0.0321655571460723,-0.055334208811678685,0.0885698025617446,-0.1223379373550415,0.6953625679016113,1.4875879287719729,-0.11826798564385063,2.1392982559602713,-0.0343194007873535,0.5191320180892944,0.2393780201673507,-0.2761707061808492,0.46111203282818125
22839,-0.0006997986929491,0.3543677031993866,0.0327903814613819,-0.06022440586866868,0.09253208225618756,-0.2269692867994308,0.7858476638793945,1.482262134552002,-0.1948514814788687,1.8861952547325858,-0.0452351942658424,0.563279926776886,0.2377849966287613,-0.33772851947731686,0.422143565437132
22849,-0.0007075233152136,0.349955141544342,0.0291534755378961,-0.06934865470546295,0.0833063215166454,-0.1060862392187118,0.7574084401130676,1.3265280723571775,-0.10558749057758894,1.7514038689074425,-0.0322596840560436,0.5685137510299683,0.239288330078125,-0.23713606942027898,0.4209015694776243
22859,-0.0009505374473519,0.1462429910898208,0.0369085147976875,-0.17610334304698821,0.25237800815369477,-0.1148151904344558,0.7524062991142273,1.2816026210784912,-0.11906758380811634,1.7033385055218995,-0.0362253114581108,0.3855395317077636,0.2416976690292358,-0.38875031200788146,0.6269076168625972
22869,-0.0004319786094129,0.4738414287567138,0.0365782976150512,-0.024923310253670075,0.07719522902635796,-0.0108756460249423,0.6227471828460693,1.254256248474121,-0.013923775717140529,2.0140697268865013,-0.022231001406908,0.5716506242752075,0.2280416339635849,-0.17053526480480233,0.39891784296171734
22879,-0.0007760560838505,0.3119994401931762,0.0311618410050869,-0.07982082013907438,0.09987787473526513,-0.065745323896408,0.5647868514060974,1.368128776550293,-0.08508506089930536,2.422380714324687,-0.0272669792175292,0.5502158999443054,0.2362878918647766,-0.20973090131244956,0.4294457719028011
22889,-0.0009776845108717,0.4376749694347381,0.0292059481143951,-0.07648490215417633,0.06672976558863966,-0.0940007269382476,0.8547062277793884,1.201926827430725,-0.09150320686523736,1.4062455477286626,-0.0381167083978652,0.5575711131095886,0.2310393452644348,-0.29588924452680654,0.41436749471457074
22899,-0.0002049656613962,0.4429005086421966,0.03371337428689,-0.013726907498593326,0.0761195203641679,-0.0408473834395408,0.637813925743103,1.4823696613311768,-0.043202982279560466,2.3241412604845535,-0.039709810167551,0.5319949388504028,0.2422154992818832,-0.3081685963527628,0.45529662331993404
22909,0.00074990442954,0.7552539706230164,0.0373700447380542,0.02656986109410765,0.049480103636167956,-0.169980838894844,1.0232625007629397,1.4382907152175903,-0.11549581090164214,1.4055931045505992,-0.0437325946986675,0.8443884253501892,0.2586120963096618,-0.2002691889710581,0.30627148424305894
22919,0.0006220703362487,0.4935301542282104,0.0260102413594722,0.04845977766703896,0.05270243598417485,-0.0426737777888774,0.5718566179275513,1.259207248687744,-0.05926205741745839,2.201963235559291,-0.0089375646784901,0.396928459405899,0.2311742752790451,-0.09740190575769966,0.5824079120581432
22929,-0.0012924275361001,0.3152639865875244,0.043880995362997,-0.093423335563751,0.13918810022664813,-0.1484903693199157,0.7036179304122925,1.3852094411849976,-0.1523512235267048,1.9686954827505876,-0.0484736934304237,0.4031902551651001,0.2613414824008941,-0.4600316740195852,0.648184024918655
22939,-0.001672706217505,0.4598725140094757,0.0381630100309848,-0.09531024733823915,0.08298606432955559,-0.0320290103554725,0.639449954032898,1.3303381204605105,-0.037650861992573066,2.0804413419225427,-0.0347364246845245,0.4481931030750274,0.2492941617965698,-0.310890777275049,0.5562204328584637
22949,-4.10119500884e-05,0.5875523090362549,0.0267161726951599,-0.002612700574114868,0.045470287979944575,-0.087364986538887,0.7824702262878418,1.396142840385437,-0.07997232818719144,1.7842759934891732,-0.0147337336093187,0.8231286406517029,0.2193685173988342,-0.08159636277559795,0.26650575203549187
22959,-0.0004459978372324,0.2679077386856079,0.0387861393392086,-0.04292110958596801,0.14477424030189914,-0.0570969991385936,0.4701713323593139,1.2871692180633545,-0.09434556567392938,2.7376599326129805,-0.0237617399543523,0.3244827091693878,0.2435534447431564,-0.3006715960033067,0.750589901590151
22969,-0.0005435890052467,0.2349207252264022,0.0335721410810947,-0.06892397109549601,0.1429083834503743,-0.0866203606128692,0.4795743823051452,1.433668851852417,-0.12598393282725334,2.9894608735380643,-0.028758430853486,0.3308293223381042,0.2574430108070373,-0.33766036433123736,0.7781747064848538
22979,0.0023558163084089,0.6835179924964905,0.0347994714975357,0.09904186835938032,0.050912297671102454,-0.0471669696271419,0.7245765924453735,1.42523992061615,-0.045673647563883785,1.9669969130607818,-0.0118517559021711,0.5812150239944458,0.2372210323810577,-0.08595926128736567,0.4081467659778262
22989,-0.0010504306992515,0.4205254018306732,0.0379193276166915,-0.06587407703880736,0.0901713129613985,-0.1259256899356842,0.5700201988220215,1.3758469820022583,-0.16056613670991687,2.413681102609211,-0.0250865239650011,0.4559923112392425,0.2391290366649627,-0.23006505331766533,0.5244146244814651
22999,-0.000778617511969,0.5020548701286316,0.0331694409251213,-0.04675572886397511,0.06606736215231405,-0.0289860386401414,0.7323635220527649,1.2591983079910278,-0.031431711584742096,1.7193624068844677,-0.0294342748820781,0.5104373097419739,0.226215586066246,-0.2549108999103621,0.44317995912289015
23009,-0.0008436869247816,0.2615010440349579,0.0411178991198539,-0.07846517989600746,0.15723799219079673,-0.0948676243424415,0.5861260294914246,1.3260455131530762,-0.12205865674980397,2.2623897360498937,-0.0329831093549728,0.3571070432662964,0.2538574337959289,-0.36383401015754735,0.7108721000683994
23019,-0.0005314549198374,0.3506172597408294,0.0242475979030132,-0.06251214756802032,0.06915688611831783,-0.0907847061753273,0.5839359760284424,1.5476659536361694,-0.10045469298926796,2.6504034982780125,-0.0210020039230585,0.4168071150779724,0.2151373028755188,-0.23421240392051912,0.5161555431587892
23029,-0.0017935968935489,0.5010026097297668,0.0326241813600063,-0.10973501623554276,0.06511778726582539,-0.0603482164442539,0.6617910861968994,1.421067476272583,-0.06416952523202774,2.1473052537455604,-0.0375167950987815,0.529144287109375,0.2422979325056076,-0.2926185886683671,0.45790522246633314
23039,-0.0009895137045532,0.3591020107269287,0.0277583673596382,-0.09926817955597578,0.07729939273647356,-0.0739948600530624,0.7046029567718506,1.2351300716400146,-0.08502456060522762,1.7529447751664033,-0.035338744521141,0.5364718437194824,0.2363230437040329,-0.2787392399474563,0.44051341458211674
23049,0.0004336180281825,0.659697949886322,0.0423178300261497,0.015532408572242034,0.06414728139361633,-0.0210394654422998,0.562272310256958,1.3641047477722168,-0.027430914351787277,2.426057130839009,-0.016130618751049,0.5957123041152954,0.2518980503082275,-0.10749534313308375,0.42285185074752896
23059,-0.0003455290279816,0.200633555650711,0.0261791124939918,-0.0657848743138435,0.13048222371918586,-0.0920632183551788,0.3782324492931366,1.654174566268921,-0.1471451760094832,4.373433768996661,-0.0250044837594032,0.2791153490543365,0.2387251406908035,-0.3752632321429264,0.8552920557741521
23069,-0.0014549400657415,0.6683851480484009,0.0290814843028783,-0.07485171297750505,0.04351006958756117,-0.0690746754407882,0.6519425511360168,1.6071032285690308,-0.06592737011820664,2.4650994566448166,-0.0236107371747493,0.6329044699668884,0.2342229038476944,-0.1592729496091372,0.3700762357705393
23079,-0.0015988491941243,0.514132559299469,0.0477849878370761,-0.06507900653150903,0.09294293265959562,-0.1109916046261787,0.5843638777732849,1.30359947681427,-0.1457010193816829,2.2308009211343247,-0.0427212677896022,0.518197238445282,0.2717588543891907,-0.30336490310412273,0.5244313057409057
23089,4.17187548009e-05,0.6623262763023376,0.0234934315085411,0.002681099284661074,0.03547108479479509,-0.0112361125648021,0.7784669995307922,1.4101392030715942,-0.010235613725636212,1.8114309327454237,-0.005269565153867,0.6965379118919373,0.2230258733034134,-0.03392147828058552,0.32019200892831545
23099,-0.0009477757848799,0.2961920201778412,0.0301155671477317,-0.10625300179117618,0.10167582208882452,-0.0774964839220047,0.6103639006614685,1.26741361618042,-0.10017856128829443,2.076488492859568,-0.0375718139111995,0.48047935962677,0.2339654713869094,-0.33422248015561634,0.48694177325046945
23109,-0.0015726309502497,0.4396528601646423,0.0339175164699554,-0.10546123946462957,0.07714612946508272,-0.070729486644268,0.746269702911377,1.486655592918396,-0.06375207525284277,1.992115701761168,-0.0318584740161895,0.6568197011947632,0.2333561480045318,-0.20785455755280974,0.35528189483362643
23119,-0.0012497553834691,0.4743073284626007,0.0353983230888843,-0.07443590833961083,0.07463161744437492,-0.0605539605021476,0.6980053782463074,1.1835707426071167,-0.07329756769200574,1.6956470243549704,-0.0324584022164344,0.437393456697464,0.23999884724617,-0.30920442474287013,0.5487024178602933
23129,-0.0014427654678002,0.2973839342594147,0.0368267931044101,-0.13173899149334573,0.1238358527878149,-0.0584533214569091,0.5007961392402649,1.2760249376296997,-0.09147218637202968,2.547992761217168,-0.0278171636164188,0.3152658641338348,0.2502950727939605,-0.35251986504853383,0.7939174559276317
23139,0.0002288006653543,0.3189335167407989,0.0193850249052047,0.037007586087423994,0.0607807705609039,-0.0581081435084342,0.6257909536361694,1.46225106716156,-0.063501761525587,2.336644623360444,-0.0193656980991363,0.4410414397716522,0.2145753055810928,-0.20463222208549503,0.48651960163241914
23149,-0.0012089372612535,0.2502481043338775,0.0303161405026912,-0.1593525640696965,0.12114433627135025,-0.0791306644678115,0.4633302986621856,1.4993342161178589,-0.11390837581265767,3.2359943229420107,-0.0249906256794929,0.2919798195362091,0.2432964444160461,-0.351794083827139,0.8332645893216408
23159,-0.0012434190139174,0.5339328646659851,0.0270011238753795,-0.0862479953192588,0.05057026016233468,-0.0847501456737518,0.7847029566764832,1.337523341178894,-0.08074837564814054,1.7044963699943434,-0.026043938472867,0.6099967360496521,0.2217972129583358,-0.19249660076645242,0.3636039340057749
23169,-0.0003572743735276,0.5455396175384521,0.0241861697286367,-0.027077494433702075,0.0443343965334139,-0.0571297518908977,0.8449150323867798,1.2076232433319092,-0.05599095017748002,1.4292836522514267,-0.0306988693773746,0.5737700462341309,0.2215893417596817,-0.24145468773990786,0.3861988669747682
23179,-0.0006786342710256,0.498943954706192,0.026264613494277,-0.051786076499873324,0.05264040829945153,-0.069525808095932,0.7668436169624329,1.388020157814026,-0.0653195922594381,1.810043308845882,-0.0219696070998907,0.6434025168418884,0.2385650873184204,-0.14313065124886976,0.37078668651998153
23189,-0.0007921955548226,0.2882464826107025,0.0373828932642936,-0.07351830302984372,0.12969071790819342,-0.1432033777236938,0.4497019648551941,1.5640531778335571,-0.2035996193228846,3.4779771939337394,-0.038677230477333,0.3563492596149444,0.261115550994873,-0.4156681706989729,0.7327517707684398
23199,-0.0010279327398166,0.2099735587835312,0.0434665419161319,-0.1126276439824362,0.20700959762720894,-0.0583745315670967,0.4827001392841339,1.4505386352539062,-0.08337132115058507,3.00505120509209,-0.0279821641743183,0.2540687918663025,0.2474167048931121,-0.44514444609029885,0.9738177722485063
23209,-0.0003091813123319,0.4085337817668915,0.0348918624222278,-0.02169007783842032,0.08540753293723216,-0.1043549105525016,0.6616644263267517,1.4722305536270142,-0.10712708255922808,2.2250411160837866,-0.0312338788062334,0.4413752555847168,0.226398766040802,-0.31256754616805993,0.5129394164629317
23219,9.25144340726e-05,0.4377825856208801,0.0252514518797397,0.008368828360015092,0.05768034798352501,-0.055806390941143,0.6346823573112488,1.4536443948745728,-0.06048801503471562,2.290349460843299,-0.0279114432632923,0.6009673476219177,0.2285246402025222,-0.203234944813058,0.38026132552261765
23229,-0.0004283461021259,0.34067103266716,0.0254622232168912,-0.04938138781290553,0.07474138032090366,-0.0419340059161186,0.6739670634269714,1.1689547300338743,-0.053226754550876706,1.734438956245134,-0.0282867811620235,0.4816339015960693,0.218572735786438,-0.2687017492125666,0.45381509703141254
23239,0.0003810624766629,0.3216869533061981,0.026067778468132,0.04544213385960978,0.08103461517545399,-0.0324109122157096,0.4713413417339325,1.3612364530563354,-0.05051520852691327,2.8880056394983913,-0.0202696733176708,0.2793538570404053,0.2213275134563446,-0.3278360228070565,0.7922837214462808
23249,-0.0011187904747202,0.6982038617134094,0.035161055624485,-0.04557268413994773,0.05035929697982321,-0.1302107870578766,0.8109294176101685,1.5909408330917358,-0.10092758465274045,1.961873374603036,-0.0385044068098068,0.6777965426445007,0.2418923825025558,-0.23484909763069797,0.35688051986630825
23259,-0.0004346201021689,0.1735690683126449,0.0284438580274581,-0.08803370398775316,0.16387630759314217,-0.086671307682991,0.4488148987293243,1.3062448501586914,-0.14783711972935987,2.9104311239598006,-0.0173939913511276,0.2426737844944,0.2241864800453186,-0.3197179124313464,0.9238182876341634
23269,-0.0014638061402365,0.2579963803291321,0.0432592667639255,-0.13115679566020452,0.16767392902465775,-0.0594969540834426,0.506269097328186,1.436591863632202,-0.08180501178581964,2.837605279906981,-0.0347657464444637,0.3418404161930084,0.2452577203512191,-0.4146727173165404,0.7174626192028235
23279,-0.0004467591061256,0.348511129617691,0.0279290862381458,-0.04589866295465189,0.08013829075927473,-0.0625970587134361,0.6937535405158997,1.3891886472702026,-0.06495124635347985,2.0024238668924887,-0.0207429230213165,0.5733832716941833,0.2233416438102722,-0.16197770041522025,0.3895154512449615
23289,-2.70274576905e-05,0.4962642788887024,0.030657835304737,-0.0017764406132768917,0.061777235656352084,-0.0394296385347843,0.6408717036247253,1.5165767669677734,-0.040568345905555366,2.3664280360485908,-0.0212013535201549,0.6729322671890259,0.2444210201501846,-0.12890022695652972,0.3632178631754138
23299,-0.0010977339698001,0.3249207437038421,0.0324844010174274,-0.10400274500341454,0.09997638392406302,-0.0521122813224792,0.5498942136764526,1.5954638719558716,-0.05939829262080697,2.9014014555436156,-0.0237531773746013,0.3671662807464599,0.2209649533033371,-0.2927760348620232,0.6018116719599328
23309,8.02820723038e-05,0.4522241652011871,0.0338523797690868,0.005244156023192005,0.07485752061486241,-0.052653182297945,0.6533066034317017,1.3650089502334597,-0.05904349779743694,2.089384896866669,-0.0260809212923049,0.5219365954399109,0.2392714023590088,-0.20884033691616247,0.45843001707389464
23319,-0.0006063595646992,0.4117993116378784,0.0380293130874633,-0.03871917857876344,0.0923491419551107,-0.0322627909481525,0.6156036257743835,1.1375726461410522,-0.04607036196782403,1.847897898115968,-0.0293632261455059,0.4370425343513489,0.2314639687538147,-0.2902663344480438,0.5296142836471274
23329,-0.0008014867198653,0.5499457120895386,0.0320212468504905,-0.04551329436743434,0.0582261960527424,-0.0535694733262062,0.7643604278564453,1.3324964046478271,-0.052596050761012286,1.7432828232417124,-0.0343215577304363,0.6878265738487244,0.2362623363733291,-0.21119982098922271,0.34349114348886867
23339,-0.0007823085761629,0.4063014388084411,0.031198801472783,-0.06171515448482146,0.07678732707489204,-0.0858839377760887,0.662172257900238,1.4830185174942017,-0.08745696318312281,2.2396264715119356,-0.0418669208884239,0.5080926418304443,0.2460822314023971,-0.3348481162406363,0.4843255169290903
23349,-0.0008346554823219,0.2476664185523986,0.040579754859209,-0.08304829241952041,0.16384843410098238,-0.0755655914545059,0.5650007724761963,1.1902521848678589,-0.11236629388064841,2.106638154938106,-0.0302695371210575,0.2993189096450805,0.2379535287618637,-0.4249907480836797,0.7949832806888771
23359,-0.0015177649911493,0.4315281808376312,0.0341956987977027,-0.10285463932391668,0.07924325760446531,-0.0440293960273265,0.6587466597557068,1.1517105102539062,-0.05803379507597484,1.7483360153674448,-0.0405541881918907,0.4606300592422485,0.2445263713598251,-0.36004578722253483,0.530851963421751
23369,-0.0017063242848962,0.3189184665679931,0.0358377061784267,-0.14929377515547856,0.11237262791361796,-0.1149831190705299,0.7385330200195312,1.29499089717865,-0.12022573812867886,1.75346377490935,-0.0378001891076564,0.5715752243995667,0.2616276741027832,-0.2527766167000927,0.4577309563717009
23379,-0.0005942534189671,0.3869865834712982,0.0334645807743072,-0.045887076745572054,0.08647478285714053,-0.0417008623480796,0.7459920048713684,1.3650785684585571,-0.0409499348067338,1.8298836442542543,-0.0464089661836624,0.5284621715545654,0.2460561841726303,-0.35690588111870614,0.46560794209510264
23389,-0.0012435722164809,0.4578050076961517,0.0331935174763202,-0.08183464357394489,0.07250579814179525,-0.1333296447992324,0.7452512383460999,1.5275318622589111,-0.11712072118929177,2.049687117124272,-0.0356488972902298,0.5450505614280701,0.2465867102146148,-0.2652403807438879,0.45241070767552394
23399,-0.0007165983552113,0.3242730498313904,0.0262178219854831,-0.0842885029663529,0.08085106671404042,-0.0817415416240692,0.6209749579429626,1.5135836601257324,-0.08696856551126529,2.437431076350678,-0.0282456465065479,0.3950133025646209,0.2311937808990478,-0.30928841356174896,0.5852810004068822
23409,0.0005795566830784,0.5410955548286438,0.0382461249828338,0.02800493133271049,0.07068275583033708,-0.0895900353789329,0.6458356380462646,1.4864273071289062,-0.09332414648335675,2.3015566493443114,-0.0340892672538757,0.6181886196136475,0.2413511276245117,-0.228479546559197,0.39041664625814393
23419,-0.0003811282513197,0.4195808172225952,0.0321719162166118,-0.028234401664760954,0.0766763276490403,-0.0751026794314384,0.5577813982963562,1.331501841545105,-0.10112292739248924,2.387139201149303,-0.0152578512206673,0.5183755159378052,0.2472988963127136,-0.11902185565869183,0.4770651558751177
23429,-0.0004049504932481,0.5604948997497559,0.0336618311703205,-0.02146310398988069,0.060057337159266734,-0.1130119413137435,0.791153073310852,1.4928674697875977,-0.09568471356067203,1.886951489097022,-0.0261996649205684,0.7435919642448425,0.2493471354246139,-0.14130471902963856,0.335327904838024
23439,-0.0009284552652388,0.4223808646202087,0.0321436785161495,-0.06838505061966488,0.07610117126175227,-0.0738201439380645,0.6353774666786194,1.2701371908187866,-0.09147289963238073,1.999027755041926,-0.0313225574791431,0.4693312346935272,0.2395139038562774,-0.27864228785718664,0.5103302021070039
23449,-0.0005235343705862,0.3143356442451477,0.0294834021478891,-0.056490311797092636,0.09379592384023507,-0.0581381618976593,0.516085684299469,1.564394235610962,-0.07201007737773828,3.0312684176358418,-0.0243435408920049,0.4938230514526367,0.241328552365303,-0.2042695736015968,0.4886943848720865
23459,0.0001972724567167,0.5176659822463989,0.0433862209320068,0.00878344735853245,0.0838112265823096,0.0195348374545574,0.6318455338478088,1.3014733791351318,0.023755468097488217,2.0597967531865384,-0.0119119454175233,0.5767894983291626,0.2536082565784454,-0.08143328635070811,0.43968944877307053
23469,-0.0008284348296001,0.2941436767578125,0.027758864685893,-0.10146053146547519,0.09437178793664386,-0.0830723196268081,0.5286116003990173,1.5195249319076538,-0.1034217346351522,2.874558429593023,-0.0303712151944637,0.4437145590782165,0.2331218272447586,-0.29361318326011937,0.5253869238121274
23479,-0.0002188970975112,0.5294221043586731,0.0289839971810579,-0.014265258776132137,0.05474648100718856,-0.0837412029504776,0.5936799049377441,1.2973278760910034,-0.1087269226676945,2.185231242123728,-0.0196573864668607,0.476460337638855,0.2194742709398269,-0.18798162816391883,0.460634922997899
23489,-0.0011822914239019,0.4557351171970367,0.0353718064725399,-0.07334234710461336,0.07761483620154497,-0.0766487121582031,0.7635526061058044,1.420038819313049,-0.0706912533494811,1.8597786294717673,-0.0305317863821983,0.6303991675376892,0.2445242255926132,-0.19806817134452545,0.38788792591163124
23499,-0.0009811081690713,0.4746073484420776,0.0350779630243778,-0.0589315776446924,0.07390943932815827,-0.0679448843002319,0.6558515429496765,1.436765432357788,-0.07210499452979185,2.1906869745186084,-0.03413887321949,0.4849990308284759,0.2299419194459915,-0.3061189110146998,0.47410799781023155
23509,-0.0011455721687525,0.4505018591880798,0.0328289903700351,-0.07745836754927024,0.07287204192497981,-0.0432506538927555,0.6670711040496826,1.438754320144653,-0.04506443274254242,2.1568230304239,-0.0231031235307455,0.5623109340667725,0.2371152341365814,-0.17327452401597815,0.42167992790342007
23519,-0.0009633817826397,0.4632052481174469,0.0345083363354206,-0.06026996455954543,0.07449901847111828,-0.0773149877786636,0.670830488204956,1.1972880363464355,-0.09626141830866773,1.7847847666408285,-0.0292266216129064,0.4344049990177154,0.2394556999206543,-0.2809691407247478,0.551226851583467
23529,-0.0008118966361507,0.2448460161685943,0.0422147437930107,-0.07854952119489214,0.17241343948983337,-0.0807889774441719,0.5315040349960327,1.466338038444519,-0.10366005729823836,2.7588464844965177,-0.032879814505577,0.4369377493858337,0.2464956194162368,-0.3052815694771965,0.5641435645299926
23539,-0.0006607385585084,0.324231743812561,0.0298705212771892,-0.06822307931612091,0.09212707221677038,-0.0923400670289993,0.6221703290939331,1.471969723701477,-0.10082819953034183,2.3658629395668984,-0.0272003822028636,0.3441797494888305,0.2387603819370269,-0.3309995683467213,0.6937083959519101
23549,-0.0020074630156159,0.4904235303401947,0.0459105037152767,-0.08915879613470076,0.09361399051026306,-0.0767205953598022,0.6274316310882568,1.308261513710022,-0.09346542595072532,2.085106087879075,-0.0382111817598342,0.6048975586891174,0.2547571659088135,-0.24796034318555732,0.42115753692394053
23559,0.0004469646082725,0.4809839725494385,0.0271421074867248,0.03423725717093245,0.05643037821584579,-0.0942917987704277,0.7416586875915527,1.3488155603408811,-0.09425779260561808,1.8186472873674508,-0.0201797317713499,0.5191342830657959,0.2247894704341888,-0.172925768715719,0.4330083328472811
23569,-0.0003640665963757,0.1885053664445877,0.024813212454319,-0.07783485508913476,0.1316313318942726,-0.0538168996572494,0.4546195566654205,1.2967126369476318,-0.0912907589227936,2.852302805578498,-0.0254145208746194,0.2956206798553467,0.2316615879535675,-0.371101821679434,0.7836447303582561
23579,-0.0010501147480681,0.2783052027225494,0.0378047041594982,-0.09980897343745039,0.13583901339130486,-0.0684760808944702,0.6820263862609863,1.515438675880432,-0.06625205482003524,2.221964877617696,-0.0270832180976867,0.433696448802948,0.2379085123538971,-0.2624849573563323,0.5485599732498431
23589,-0.0006566469091922,0.4064252376556396,0.0392209403216838,-0.041193930731252694,0.0965022264560139,-0.0874713957309722,0.5588480234146118,1.3185597658157349,-0.11870595805633809,2.359424585165777,-0.0191273614764213,0.4910154044628143,0.2448873966932296,-0.1590719165698764,0.49873668823311934
23599,-0.0007012157002463,0.4167622327804565,0.0442681759595871,-0.03800770510335079,0.10621925999447951,-0.0871352031826973,0.51834636926651,1.4005286693572998,-0.12002772758001422,2.7019166186870924,-0.0398010350763797,0.4791994094848633,0.2667919993400574,-0.31131875912825413,0.5567452589869785
23609,-0.0006995046278461,0.7236120104789734,0.0333981662988662,-0.02894424346319672,0.0461547981725169,-0.0493618473410606,0.9384881854057312,1.302838683128357,-0.04037122708360723,1.3882313100884782,-0.0207885224372148,0.8317293524742126,0.2270997166633606,-0.11005885790901647,0.27304521114685765
23619,-0.0016795456176623,0.3819785416126251,0.0313939526677131,-0.14005765114157318,0.08218773896349017,-0.1108987778425216,0.8302431702613831,1.3966120481491089,-0.09564134261019872,1.6821722817779008,-0.0556123219430446,0.5819234848022461,0.2419443130493164,-0.3949932966934236,0.4157665386739562
23629,-0.0016751062357798,0.3444482386112213,0.0416675247251987,-0.11671339046608423,0.12096890056165689,-0.1061843410134315,0.742915689945221,1.5433610677719116,-0.09260904483541484,2.077437707481601,-0.051181249320507,0.4672581255435943,0.2590727210044861,-0.42279742517022223,0.5544531102655272
23639,-0.0008481091936118,0.4219333529472351,0.0306415501981973,-0.06559899428745945,0.07262177778590824,-0.0808997526764869,0.6538634300231934,1.3365312814712524,-0.09257229223906753,2.044052657026321,-0.0314053334295749,0.5470859408378601,0.2349210679531097,-0.24435762075531756,0.42940432282600605
23649,-0.0018937035929411,0.5832116007804871,0.0309559144079685,-0.10489196272489097,0.05307835846636372,-0.0539606101810932,0.9066714644432068,1.355507254600525,-0.04390611982371599,1.4950368548688706,-0.0396980084478855,0.7032510638237,0.2308061718940735,-0.24457434780155568,0.32819882367349673
23659,-0.0004276524414308,0.5199186205863953,0.0229364112019538,-0.035861637643546954,0.04411538708901164,-0.0781203061342239,0.7442956566810608,1.425601601600647,-0.07362414718311219,1.9153700398543823,-0.0261073168367147,0.529523491859436,0.2255287617444992,-0.2186125410725156,0.42590888829605816
23669,-0.0016054271254688,0.3984843492507934,0.0427344515919685,-0.09427600975686855,0.10724248435933627,-0.2058127224445343,0.6857092380523682,1.4054303169250488,-0.21356146895045822,2.0496009663176142,-0.0518119186162948,0.4329937696456909,0.2568203806877136,-0.46592771220805074,0.5931271964902959
23679,-0.000704442965798,0.5871430039405823,0.0258255582302808,-0.04645711416137764,0.04398512467483015,-0.0287698376923799,0.916448414325714,1.1172922849655151,-0.02809717055602123,1.2191545836080409,-0.0149106802418828,0.7955552935600281,0.2270907461643219,-0.08253300345036746,0.28544935594371346
23689,-5.86129353905e-05,0.4239405393600464,0.0258819162845611,-0.00534185500427851,0.061050816993417974,-0.1583801358938217,0.5041142106056213,1.3624972105026243,-0.23058770634835177,2.702755014316653,-0.0277103204280138,0.4301986992359161,0.2229622304439544,-0.28889575112472554,0.5182773235715538
23699,-0.0006349183386191,0.5831273198127747,0.031860776245594,-0.034174182137282634,0.054637769768399076,-0.0624455586075782,0.7389705777168274,1.5939207077026367,-0.05301609000265249,2.1569474560507134,-0.0406010895967483,0.6614984273910522,0.2423290908336639,-0.2532814126445526,0.3663335856887961
23709,-0.0009303191327489,0.3657337427139282,0.0300418566912412,-0.08467206513361958,0.08214133174673882,-0.1244907826185226,0.6706452965736389,1.320371150970459,-0.14058801118857361,1.968806994869423,-0.0219075363129377,0.419447124004364,0.2312643378973007,-0.22584352915089861,0.551355164125275
23719,0.0019619560334831,0.6950162053108215,0.0327279791235923,0.08625318689952509,0.047089519457975605,-0.021321402862668,0.7625592350959778,1.2414319515228271,-0.022522638808496264,1.627981007097209,-0.009558355435729,0.6543298363685608,0.2394685000181198,-0.06100115504346658,0.3659752111368428
23729,-0.0020498312078416,0.4656306207180023,0.0339311882853508,-0.1297410771117099,0.07287147102359573,-0.1325797438621521,0.9160395860671996,1.3503029346466064,-0.10718443482444993,1.4740661377351763,-0.0466226562857627,0.5849096179008484,0.2488850802183151,-0.3202649322849502,0.42551032262305033
23739,-0.0004348245274741,0.2769519686698913,0.0292581003159284,-0.05366157958635081,0.10564322924457038,-0.0757343918085098,0.6086023449897766,1.4805755615234375,-0.08404830203159949,2.4327470534940323,-0.0280073508620262,0.4203311204910278,0.2209102809429168,-0.3016230717871167,0.5255625152971091
23749,-0.0005514156655408,0.288972795009613,0.0378113575279712,-0.05046611483444544,0.13084746447053386,-0.1217985525727272,0.6935546398162842,1.3837497234344482,-0.126912353747086,1.9951560324086217,-0.0407032817602157,0.4886891543865204,0.25502410531044,-0.32659948298904806,0.5218534174972359
23759,-0.0002593942917883,0.6595115065574646,0.0271537341177463,-0.014484665705558048,0.04117249486591079,-0.0027314620092511,0.902029275894165,1.3626717329025269,-0.002222200721985862,1.5106735106260663,-0.0147804068401455,0.6934764385223389,0.2325811386108398,-0.09163896722791692,0.33538434140087614
23769,-0.0002793756138999,0.7692203521728516,0.0343267023563385,-0.010580486663875784,0.04462531738711061,-0.0592223554849624,0.8066906929016113,1.1851439476013184,-0.06194518118010635,1.4691429540837226,-0.0096816616132855,0.6733391880989075,0.2507783472537994,-0.057335812677375274,0.37243985154323483
23779,-0.0010264550801366,0.5642368793487549,0.0361313000321388,-0.05034946862662997,0.06403569379201468,-0.0850329771637916,0.5640925168991089,1.4371111392974854,-0.10489304442295608,2.547651486670086,-0.0168910436332225,0.4553740918636322,0.2537583410739898,-0.14617322847366904,0.5572524779252946
23789,-0.0005038051167502,0.2375311404466629,0.0255581233650445,-0.08298757191081976,0.10759904287490052,-0.006265006493777,0.5216584801673889,1.2314444780349731,-0.009752600134306393,2.360633488867715,-0.0108667854219675,0.504423975944519,0.2135561108589172,-0.1008772808498749,0.42336629708974416
23799,-0.0010710749775171,0.3729607760906219,0.037951223552227,-0.07567125406086456,0.10175660816140522,-0.0493502244353294,0.5447440147399902,1.3055996894836426,-0.06938836059587761,2.396721495153671,-0.0243871100246906,0.4395917356014251,0.2505492568016052,-0.2214204350677358,0.5699589790031371
23809,-0.0010978513164445,0.4242770969867706,0.0297884289175272,-0.08686530318637296,0.0702098442953569,-0.0716323032975196,0.5227439403533936,1.3662776947021484,-0.10029538052236893,2.613665294290157,-0.0261095911264419,0.4112105965614319,0.2259743064641952,-0.28098084300335235,0.5495342492479672
23819,-0.0008013846818357,0.2068131417036056,0.0260488167405128,-0.1487561413116806,0.1259533921584378,-0.1143061369657516,0.8093209266662598,1.3409326076507568,-0.10532751209109868,1.6568614049982648,-0.0321870483458042,0.4270117282867431,0.2225300073623657,-0.33872930148061325,0.5211332444080654
23829,0.0003961772308684,0.5932912826538086,0.0313027054071426,0.02133239766110987,0.05276110794536659,-0.0540991462767124,0.6688244342803955,1.261208176612854,-0.06413446896497456,1.885708882585635,-0.0072635421529412,0.5550537705421448,0.231874406337738,-0.05643656712351068,0.41775124977757805
23839,-0.0014102812856435,0.2366052269935608,0.0346022434532642,-0.17225710767523056,0.14624462820597747,-0.0936543345451355,0.5838427543640137,1.264502763748169,-0.12685634800648732,2.1658276210443095,-0.0367709547281265,0.4097295105457306,0.2507166862487793,-0.3579516941025271,0.6119078069696334
23849,-0.0002583460300229,0.3322151601314544,0.0355577990412712,-0.021869934085030535,0.10703243954069198,-0.0623657703399658,0.5633907914161682,1.238028883934021,-0.08941405064153064,2.1974602758807036,-0.0251959189772605,0.4892722070217132,0.2379325181245803,-0.2164341843131066,0.48629886331152505
23859,-0.0020724218338727,0.3482585847377777,0.0451031439006328,-0.13193788350949834,0.1295105013264593,-0.1095336079597473,0.5993640422821045,1.2489103078842163,-0.1463273334619435,2.083725782295742,-0.0401161015033721,0.3933528661727905,0.2675298452377319,-0.38120989426550667,0.6801268485487847
23869,-0.0001731592055875,0.562587559223175,0.0321499034762382,-0.009573611223527935,0.05714648848728724,-0.0182751622051,0.7435021996498108,1.2968759536743164,-0.018953112691534796,1.7442799150898873,-0.0285375248640775,0.7265933156013489,0.2463022619485855,-0.15946174211609862,0.3389822843948666
23879,-0.0012808939209207,0.4168501198291778,0.0358642004430294,-0.0856785446168618,0.08603620039194493,-0.0721755549311637,0.8347477912902832,1.2753689289093018,-0.06779521163244012,1.527849420167909,-0.032911792397499,0.5373045206069946,0.2398433089256286,-0.2553897324987175,0.44638245115577446
23889,-0.0009470121003687,0.1630313247442245,0.0394866168498992,-0.14710740855464197,0.24220263751060542,-0.0860286280512809,0.5238147974014282,1.4128832817077637,-0.1162408957504067,2.697295472974188,-0.0262351166456937,0.2352215200662613,0.2411541938781738,-0.4624993516142953,1.0252216455800527
23899,-0.0004704228485934,0.2793475985527038,0.028426643460989,-0.05924038642074012,0.10176082990606349,-0.0841662138700485,0.6265418529510498,1.4192826747894287,-0.09464960433763776,2.2652639534047436,-0.0261019580066204,0.4496617317199707,0.2324859946966171,-0.24968379835492333,0.5170241946259261
23909,-0.0002674573042895,0.3802948892116546,0.0279374346137046,-0.025173723053403117,0.07346255604859289,-0.0378397107124328,0.6660894155502319,1.3993821144104004,-0.04059559920046578,2.1008922852413474,-0.030169079080224,0.4458318948745727,0.2280146032571792,-0.29677564413629265,0.5114362742515927
23919,-0.0007458400796167,0.472601979970932,0.0314006134867668,-0.050258792207019565,0.06644198462456323,-0.0255391672253608,0.7144263386726379,1.312789797782898,-0.027230403800489585,1.8375439520076822,-0.0244093686342239,0.5598492622375488,0.2325595170259475,-0.18747843483686552,0.4153966660534251
23929,-0.0019403425976634,0.6381303071975708,0.0342473536729812,-0.08878549656914672,0.05366827634841972,-0.1195938289165496,0.9722050428390504,1.454116940498352,-0.08459633864207784,1.4956895679660476,-0.0441781096160411,0.7512816786766052,0.246590718626976,-0.2384666244765013,0.3282267165909723
23939,0.0002826244744937,0.6205297708511353,0.0315423607826232,0.014439526451844608,0.05083134164434827,-0.0129433283582329,0.6717149615287781,1.3636289834976196,-0.014130734081750085,2.030070880651656,-0.0260685831308364,0.6219134330749512,0.2456844002008438,-0.1706121312057296,0.39504597767907457
23949,0.0003667026758193,0.7307252287864685,0.0403563752770423,0.012435058283752881,0.0552278389841049,-0.077877327799797,0.6446034908294678,1.3354400396347046,-0.09046779282920982,2.071723251011683,-0.0015524043701589,0.6908428072929382,0.2626213431358337,-0.008556489036455414,0.38014630877451444
23959,-0.0008679592283442,0.439336359500885,0.0259430706501007,-0.07615190985079459,0.05905058866417005,-0.1099751815199852,0.7580018639564514,1.5577396154403689,-0.09313856644647417,2.055060402239148,-0.0302277002483606,0.4272717237472534,0.2139985412359237,-0.3305903263773135,0.5008488260330364
23969,4.18803065258e-05,0.2801009714603424,0.032150886952877,0.004650528157085958,0.11478320401837316,-0.1350682377815246,0.5360732674598694,1.4751211404800415,-0.17080532103241647,2.751715539686876,-0.0254813022911548,0.3237934410572052,0.246113896369934,-0.3197550681382258,0.7600953730451031
23979,-0.0012243530945852,0.3128897249698639,0.0361683517694473,-0.10818988615383084,0.11559456537900333,-0.0235993638634681,0.5070488452911377,1.490437388420105,-0.03122746727208316,2.939435524331634,-0.0283876936882734,0.4082331657409668,0.2431123852729797,-0.2860320779793409,0.595523356931857
23989,-0.0004206208686809,0.3157801628112793,0.0292173717170953,-0.045589499646773717,0.09252440513356935,-0.0648383721709251,0.4461431205272674,1.3919665813446045,-0.10440687415283667,3.1200001015358705,-0.0263884086161851,0.4330922961235046,0.2300932854413986,-0.2648065947113178,0.5312800239138474
23999,-0.0005566203035414,0.0576336123049259,0.0391676053404808,-0.246579054498344,0.6795965717584073,-0.0571001805365085,0.4421948790550232,1.2758116722106934,-0.1012132106074265,2.8851796631772877,-0.0232987441122531,0.216479405760765,0.2399716526269912,-0.44849332327494884,1.1085195461603765
24009,-0.0021101047750562,0.5159737467765808,0.0355116352438926,-0.11516108399718271,0.06882450021099487,-0.1207328289747238,0.8366213440895081,1.2660207748413086,-0.11398707369224699,1.5132542144488488,-0.0485150888562202,0.5773682594299316,0.2396549433469772,-0.35062068550073827,0.41508160421496343
24019,-0.001105994801037,0.3021847605705261,0.0386675409972667,-0.0946529103666984,0.12795993062079708,-0.160053014755249,0.747912585735321,1.6579868793487549,-0.12907196683678338,2.216819065450919,-0.0425562672317028,0.4082255959510803,0.2569336593151092,-0.4057348322432047,0.6293913509183751
24029,-0.0008817177731543,0.6042274832725525,0.0248440932482481,-0.05873621667389831,0.04111711886008589,0.0040901182219386,0.7684536576271057,1.4100425243377686,0.0037747306603732734,1.8349089894266541,-0.0229509752243757,0.6034448146820068,0.2334976345300674,-0.16288500258394206,0.3869411565879674
24039,0.0005599396536126,0.6995064616203308,0.0280412286520004,0.028546472831457288,0.0400871617212026,-0.1095157340168953,1.025004267692566,1.1813714504241943,-0.09044079544840451,1.1525527138376055,-0.0190017893910408,0.8440498113632202,0.2295167446136474,-0.09808713457987371,0.2719232224493436
24049,-0.0027602382469922,0.5493740439414978,0.0365646071732044,-0.13740974090090205,0.06655685243312683,-0.1020139530301094,0.8599500060081482,1.2138842344284058,-0.09772577020656348,1.4115753543199625,-0.0409376919269561,0.6837714910507202,0.2441064417362213,-0.24526361420702167,0.35700002841755535
24059,0.0001961518428288,0.7259916067123413,0.0296363830566406,0.00911665653606972,0.04082193620784295,-0.0267078094184398,0.752498984336853,1.4368047714233398,-0.02470214057593246,1.9093776886483613,-0.0071206707507371,0.7459893822669983,0.2502071559429168,-0.0381494720859957,0.33540310611735324
24069,-0.0005188566283322,0.3711002469062805,0.0371671952307224,-0.03761805498854585,0.10015405686353204,-0.0642064213752746,0.7594700455665588,1.6651268005371094,-0.050771559604462245,2.1924851549542517,-0.0269885919988155,0.5318216681480408,0.2416652590036392,-0.2099906596486936,0.454410328644917
24079,-0.0001223643048433,0.3279246091842651,0.0264826342463493,-0.01409027778541498,0.08075830085526874,-0.0471867397427558,0.5977545976638794,1.3866195678710938,-0.056929808374546406,2.3197137642942853,-0.0249908976256847,0.3838962614536285,0.2396221905946731,-0.27166953446045783,0.6241847463878403
24089,-0.0011866658460348,0.4603493809700012,0.0337684825062751,-0.07633598866899756,0.0733540304434028,-0.111172005534172,0.7430323362350464,1.3852466344833374,-0.10800916840259961,1.864315409881619,-0.0304259378463029,0.4398833513259887,0.2307650595903396,-0.2997342669115236,0.5246051229143343
24099,-0.0007637636736035,0.5943169593811035,0.0307277143001556,-0.041822560572969306,0.05170257017762734,-0.0593270361423492,0.7222719192504883,1.5736132860183716,-0.052198005427743416,2.178699246194331,-0.029505793005228,0.5848783850669861,0.2395890206098556,-0.21055948386501938,0.4096390407424878
24109,-0.0007675554952584,0.3675728738307953,0.0371002629399299,-0.05628456888654626,0.10093308179484499,-0.0348963774740695,0.506350576877594,1.4642382860183716,-0.04706708245898425,2.8917480356151324,-0.0321077965199947,0.4288210570812225,0.2455646842718124,-0.30490776866302177,0.5726507134310345
24119,-0.0009410312632098,0.3670511543750763,0.0370045378804206,-0.06928232805849094,0.10081575126339748,-0.0852838084101677,0.7277088761329651,1.2828314304351809,-0.09135647242552038,1.7628360358226347,-0.0303940288722515,0.4841041564941406,0.2408120185136795,-0.26071817183402685,0.49743844435798434
24129,-0.0005669638630934,0.328950434923172,0.0315975844860076,-0.05454702011507256,0.09605576138966763,-0.1285482347011566,0.5997700095176697,1.4323526620864868,-0.14963438798320372,2.388169864042341,-0.0324463248252868,0.3764819502830505,0.2392003983259201,-0.36029601071343714,0.6353568827033594
24139,-0.0013433705316856,0.4110424816608429,0.0315124951303005,-0.10371135700331711,0.07666481333747376,-0.1131504029035568,0.8138771057128906,1.4168496131896973,-0.09812360980131533,1.7408643187581145,-0.0363907217979431,0.4303974509239197,0.2263524234294891,-0.3735388957914878,0.525914879243792
24149,-0.0010735284304246,0.5853126645088196,0.0233441926538944,-0.07856819403857804,0.03988328643714602,-0.0630703419446945,0.8446521162986755,1.5584944486618042,-0.047911751922255094,1.8451317632296187,-0.0317081436514854,0.6665917038917542,0.2301904112100601,-0.2066444206867054,0.345324446533226
24159,-0.0007622063276357,0.3364747762680053,0.031091246753931,-0.07285878074980193,0.09240290490353587,-0.0737661346793174,0.6403988003730774,1.434940218925476,-0.0802735942909738,2.2406978559134125,-0.0225653834640979,0.516672670841217,0.2299060225486755,-0.18996643808201813,0.44497422744337456
24169,-0.000168651837157,0.5508368015289307,0.0310699325054883,-0.009854346268218194,0.05640496862092186,-0.1047737300395965,0.7788060903549194,1.442205548286438,-0.09328158232628463,1.85181596054185,-0.0312936529517173,0.6486663818359375,0.2432255446910858,-0.19834702310688634,0.37496246375937986
24179,-0.0012133747804909,0.2315747290849685,0.0427722297608852,-0.12250164153838301,0.18470162927489112,-0.051954299211502,0.4999947845935821,1.4012490510940552,-0.07415504203504869,2.802527334826207,-0.0300826020538806,0.3607231378555298,0.2505799531936645,-0.33280900963042476,0.6946600505954297
24189,-0.0015592764830216,0.3596040904521942,0.0630974099040031,-0.06872060489439623,0.17546354888416174,-0.1224123984575271,0.7387791275978088,1.1036376953125,-0.1501358007557851,1.493866913783899,-0.057337250560522,0.5353184342384338,0.2590528428554535,-0.41346266746000926,0.48392288829730434
24199,0.0008399575599469,0.6291656494140625,0.031893853098154,0.041858662788957265,0.05069229880534088,-0.041481576859951,0.6760139465332031,1.3034785985946655,-0.04707558182171392,1.9281829987077697,-0.0225140377879142,0.560092568397522,0.2420879304409027,-0.16604295076622066,0.43222842812133583
24209,-0.0013345608022063,0.4078751504421234,0.0334255583584308,-0.09788867437117696,0.08195046528870067,-0.1005816161632537,0.5852356553077698,1.4056804180145264,-0.1222647424211041,2.401904951049663,-0.0254344493150711,0.5125494003295898,0.2352391183376312,-0.2109488034627109,0.4589589182747322
24219,-0.0010546909179538,0.3063093423843384,0.0317549109458923,-0.10843115009522103,0.10366941699756635,-0.1004796028137207,0.5682815313339233,1.3295564651489258,-0.13298650771955864,2.339608788672169,-0.0274710580706596,0.3924569189548492,0.2358061522245407,-0.29684399322176674,0.6008459548949101
24229,-0.0005447483272291,0.4778326153755188,0.0288315042853355,-0.03954147020967197,0.060338083583259414,-0.0459537096321582,0.6313318610191345,1.3881078958511353,-0.05243721816999118,2.1986976763858657,-0.0259087421000003,0.5830365419387817,0.2400370389223098,-0.18512807794067435,0.4117015343911556
24239,-0.0012709451839327,0.6269644498825073,0.0420660562813282,-0.048189465028248585,0.06709480304539013,-0.0546067282557487,0.7484548687934875,1.3540934324264526,-0.053880535966516686,1.8091851478089214,-0.038329467177391,0.7969237565994263,0.2481003701686859,-0.19386017318076976,0.31132259280029667
24249,-0.0009727293509058,0.3954373002052307,0.0371659994125366,-0.06618637144742216,0.09398708567261502,-0.1174128726124763,0.7625710964202881,1.3269234895706177,-0.11603512946704525,1.7400652815187332,-0.0343696773052215,0.5879327654838562,0.2330304682254791,-0.2508621168801963,0.3963556411653635
24259,-0.0008470605243928,0.5491833090782166,0.0341319404542446,-0.045189354096377574,0.06215036016213561,-0.0674701854586601,0.6834626197814941,1.2707239389419556,-0.0776865661341092,1.8592442397920919,-0.0300763808190822,0.5053125023841858,0.2327012717723846,-0.2557801128544901,0.46050962656661787
24269,8.28577467473e-05,0.5509670972824097,0.033848863095045,0.004442867568407576,0.06143536204249064,-0.0795899629592895,0.8250519037246704,1.4639718532562256,-0.06589376230004833,1.7743997033970487,-0.0238506477326154,0.6259961128234863,0.2420424818992614,-0.15741167640038756,0.38665173303961187
24279,0.0007366017671301,0.82791668176651,0.0366934314370155,0.02424698790259068,0.04432019820970804,-0.0877379924058914,0.9490410089492798,1.3188432455062866,-0.07009863064709981,1.3896588588584062,-0.0204534456133842,0.9264325499534608,0.2368234694004058,-0.09322404341791818,0.2556294782737314
24289,-0.0004508906276896,0.5311998724937439,0.0312882103025913,-0.027128921188031046,0.058901012448868376,-0.1096909791231155,0.7635948061943054,1.3013107776641846,-0.11038928506402679,1.7041901897549723,-0.029327142983675,0.5855540037155151,0.235790878534317,-0.21241041193310903,0.40267998688106205
24299,-0.0002238497836515,0.3029281497001648,0.0245103389024734,-0.030148640318867208,0.08091139409372647,-0.1443696618080139,0.6554774045944214,1.3593363761901855,-0.16202844901048957,2.073811189618777,-0.0192083083093166,0.4423957765102386,0.2087274491786956,-0.20801688087037962,0.4718115774639745
24309,-2.12858649319e-05,0.4311121702194214,0.0297033842653036,-0.0016622451915632244,0.06889943341238915,-0.0941513180732727,0.6103813052177429,1.4665937423706057,-0.10517568594488617,2.4027501003613208,-0.0231457538902759,0.4612680077552795,0.223426803946495,-0.22458602245680676,0.4843752443048935
24319,-0.0015145486686378,0.7920196652412415,0.0357486009597778,-0.05349192395065692,0.0451360017038076,-0.0516844689846038,0.7785720825195312,1.6414352655410769,-0.04044245135178349,2.108263707875629,-0.0273578278720378,0.679913341999054,0.2394737005233764,-0.16802357622240666,0.3522120919399602
24329,-0.000762240961194,0.3846628367900848,0.0349436402320861,-0.056707944763772465,0.09084225688055035,-0.0639581903815269,0.5665172934532166,1.1828678846359253,-0.09544358750741544,2.0879643010114175,-0.0199214071035385,0.4529608786106109,0.238067165017128,-0.1847395221346633,0.5255799700569354
24339,-0.0004533145111054,0.4093027710914612,0.0321289785206317,-0.034471328281931855,0.07849685071751514,-0.0222149435430765,0.6470747590065002,1.265689253807068,-0.027124619945549575,1.9560170385109297,-0.0192842967808246,0.5297002196311951,0.2353857457637787,-0.1546655156281723,0.444375397706398
24349,-0.0008446553838439,0.4910883009433746,0.0246197823435068,-0.06986115432805223,0.05013310701194164,-0.1089712083339691,0.8589998483657837,1.5333187580108645,-0.08273442077872098,1.7850046899635061,-0.0336716100573539,0.6324531435966492,0.225374236702919,-0.23622793789147342,0.3563493026870822
24359,-0.0015645960811525,0.258785605430603,0.0395417623221874,-0.15289951264596505,0.1527973793457035,-0.0765419453382492,0.6587476134300232,1.4364041090011597,-0.08089167012337994,2.180507495916332,-0.0344613902270793,0.333527147769928,0.2461219877004623,-0.41980846385831966,0.737936894630961
24369,-0.0011557040270417,0.6757949590682983,0.0319544002413749,-0.05351813959795445,0.047284164838148,-0.0695521607995033,0.7692901492118835,1.4367523193359375,-0.0629272204062011,1.8676338450555365,-0.027785524725914,0.6426708102226257,0.2413429766893386,-0.17914115208767764,0.37553125620523464
24379,-0.0005665343487635,0.3406949937343597,0.0264837834984064,-0.06278855164364591,0.0777345836759076,-0.094393141567707,0.661081850528717,1.5197316408157349,-0.09395465468529052,2.2988554890749016,-0.0233852453529834,0.522775411605835,0.2252800911664962,-0.19856557829505364,0.4309309239975389
24389,-0.0009810709161683,0.401297926902771,0.0245071444660425,-0.09975640142540236,0.0610697011449557,-0.1212521269917488,0.6287890672683716,1.4869338274002075,-0.129685894526475,2.364757761867341,-0.0240663513541221,0.4708718955516815,0.2218401134014129,-0.23039200505360358,0.471126256413119
24399,-0.0003538343880791,0.7812923192977905,0.0261035040020942,-0.017349528423263406,0.03341067530979377,0.0288232676684856,0.902125597000122,1.192630171775818,0.026789858330449168,1.3220223167835208,-0.0169239342212677,0.8723364472389221,0.2282641679048538,-0.0849922971990799,0.26166987362197774
24409,-0.0004757414862979,0.3090457618236542,0.0329484827816486,-0.046721073399359485,0.10661360501183467,-0.0837404280900955,0.5423669219017029,1.2847763299942017,-0.12017508975954191,2.3688323865500247,-0.0347829237580299,0.4052004218101501,0.2392002344131469,-0.35886788495507665,0.5903257290418621
24419,-0.000439852126874,0.3478240370750427,0.0316011980175972,-0.0400169106487575,0.09085397974027674,-0.0555136948823928,0.5034769773483276,1.6367543935775757,-0.06736541700231773,3.25090216080565,-0.0210750568658113,0.3633246719837188,0.2456175535917282,-0.23616441741495842,0.6760277309291419
24429,-0.0007615833892486,0.3889313340187073,0.027302898466587,-0.07171925604166648,0.07019979127028565,-0.1239351034164428,0.562261700630188,1.4517483711242676,-0.15183240954521762,2.5819798316284657,-0.0265921372920274,0.4308448731899261,0.2310549169778823,-0.2671265775025393,0.5362833153083107
24439,0.0012212537694722,0.5567864775657654,0.0313622280955314,0.06993753623908955,0.05632720865033404,-0.0379571355879306,0.7611187696456909,1.4079087972640991,-0.03542146151891817,1.849788565744471,-0.0183971617370843,0.6507616639137268,0.2363781630992889,-0.11959733769067109,0.36323307933920673
24449,-0.0005632053362205,0.4530245065689087,0.0344909317791461,-0.036044593985505156,0.07613480347977543,-0.0538531169295311,0.592384397983551,1.3153094053268433,-0.06911611320507,2.220364698672172,-0.0251573510468006,0.4458222091197967,0.2299834489822387,-0.2453616185148445,0.5158635982633156
24459,-0.0009599048644304,0.445905327796936,0.0261774286627769,-0.0822353502209948,0.05870624778607271,-0.016169223934412,0.8359106183052063,1.250114679336548,-0.0154731764815476,1.4955123813011648,-0.0395596548914909,0.7721074819564819,0.2235365808010101,-0.229206077857771,0.28951484867699967
24469,-0.0007562056998722,0.3110995590686798,0.027118882164359,-0.08963317223156389,0.08717107232663132,-0.1828779727220535,0.8807657361030579,1.5799630880355835,-0.1314177558483923,1.793851671644403,-0.0416670367121696,0.617392361164093,0.2270282506942749,-0.29727025843869964,0.3677211850600374
24479,-0.0012588766403496,0.6102669835090637,0.0287271104753017,-0.07180775610157059,0.047073020909831086,-0.1096150502562522,0.8892830014228821,1.4810794591903689,-0.08322462320488255,1.6654759585200583,-0.0423402152955532,0.8397238850593567,0.2266438454389572,-0.22247059965520335,0.26990282100042523
24489,-0.001352914259769,0.4959694147109985,0.0367924496531486,-0.0741406987263441,0.07418290031974567,-0.0747617706656456,0.6380447745323181,1.1514744758605957,-0.10175929907160558,1.8046922752476384,-0.0316927507519722,0.5205726027488708,0.2436603903770446,-0.2498582486995511,0.4680622627668108
24499,-0.0010427215602248,0.1887502372264862,0.0381323061883449,-0.14487310750386387,0.20202520933835424,-0.066661350429058,0.3840283453464508,1.4458953142166138,-0.12005326507698401,3.7650744580122093,-0.0291480906307697,0.2965208888053894,0.2646713256835937,-0.3714051532767772,0.892589141864137
24509,-0.0003966173389926,0.2424610555171966,0.0331429131329059,-0.04935589440442799,0.13669375917797746,-0.0542540401220321,0.476741224527359,1.292613506317139,-0.08804013241885873,2.7113524902291286,-0.0153937507420778,0.2574623525142669,0.2349673062562942,-0.25446220073325837,0.9126278229096575
24519,-0.0010382113978266,0.4275321960449219,0.0391615144908428,-0.062009394111163185,0.09159898331195623,-0.0932182744145393,0.6059616208076477,1.277034878730774,-0.1204628633059232,2.1074517508694615,-0.0327605344355106,0.4418879151344299,0.2335329204797744,-0.317461265348852,0.5284890409567541
24529,-0.0011924564605578,0.1534573584794998,0.0362493395805358,-0.21436541248872432,0.2362176694536177,-0.0739311426877975,0.5330501794815063,1.23798668384552,-0.11203232566434053,2.3224580564810986,-0.0348192825913429,0.2815170884132385,0.2522787451744079,-0.4902689560014691,0.8961400765984348
24539,0.000239774439251,0.5004938840866089,0.0308701060712337,0.01551908055334283,0.061679287305520254,-0.0927380993962287,0.7311620116233826,1.4267029762268066,-0.0889018922363636,1.9512815949766456,-0.0253257658332586,0.5382976531982422,0.2339940369129181,-0.2010644594022008,0.4346926566048834
24549,-0.0012700732331722,0.5045928955078125,0.0367289744317531,-0.06852969989462773,0.07278932136923921,-0.0933688431978225,0.643079400062561,1.2308753728866575,-0.11795688567304802,1.9140332791983596,-0.0264219529926776,0.4793959558010101,0.224001258611679,-0.24604814266474642,0.4672572972323081
24559,-0.0007061457727104,0.4533454179763794,0.0326346606016159,-0.047729406331191104,0.07198630295479519,-0.0263160094618797,0.7163878679275513,1.213634967803955,-0.030268000355052425,1.6941031836774358,-0.0201555360108613,0.650720477104187,0.2208175659179687,-0.1402704726412627,0.33934319525434814
24569,-0.0008922147681005,0.7849810719490051,0.0321753174066543,-0.03532542396107205,0.040988653811444405,-0.1002843677997589,0.8749608993530273,1.5713270902633667,-0.07294205550324888,1.795882640498854,-0.0275031588971614,0.7399594783782959,0.2465890794992447,-0.15073038239855882,0.3332467340504541
24579,-0.0003812625946011,0.2027048021554947,0.0245081763714551,-0.07674483639230525,0.12090575117532192,-0.0560535229742527,0.3949295580387115,1.2112799882888794,-0.11717601706969917,3.067078580555746,-0.0174099169671535,0.2754766047000885,0.2180422991514206,-0.2898486123016663,0.7915093166942555
24589,-0.0014977001119405,0.5216003060340881,0.0292441565543413,-0.09818562852207509,0.056066218167498745,-0.0228892806917428,0.8703681230545044,1.3316045999526978,-0.01974939888377187,1.5299326396278299,-0.0314899049699306,0.674368143081665,0.2247963547706604,-0.2077232167160304,0.3333436744852846
24599,-0.0012013827217742,0.4365602433681488,0.0366378687322139,-0.07511159709467188,0.08392396991889477,-0.1174327284097671,0.7896575331687927,1.4802783727645874,-0.10046319238509456,1.8745827280649414,-0.0221071504056453,0.6611136794090271,0.2443948239088058,-0.13682473600657183,0.36967140678025534
24609,-0.0003537387237884,0.2922544181346893,0.0341276451945304,-0.03546624389671534,0.11677375285667102,-0.0544279217720031,0.5802451372146606,1.4355069398880005,-0.06534388413420543,2.4739663425338407,-0.0214646682143211,0.3030139505863189,0.239188551902771,-0.29615643030435645,0.7893648178242337
24619,-0.0001086930205929,0.4940850734710693,0.0249380208551883,-0.008821408634118186,0.05047313143866615,-0.116401121020317,0.8198578357696533,1.3375039100646973,-0.10615086825012736,1.6313851642450867,-0.0251985322684049,0.5169447660446167,0.2289610803127288,-0.21289694876616053,0.4429120775602698
24629,-0.0009853627998381,0.1484263241291046,0.0287075415253639,-0.23125398682429707,0.19341273654660765,-0.1798389703035354,0.6359097957611084,1.4610650539398191,-0.1935613929849713,2.297597967005836,-0.0401373878121376,0.3472847044467926,0.244332417845726,-0.473023106619863,0.7035507602758823
24639,-0.0018000658601522,0.4388423860073089,0.0384824313223362,-0.10659021164563928,0.08769078044729998,-0.0991535037755966,0.6244283318519592,1.384835958480835,-0.11466401210894264,2.2177660555113228,-0.03685899451375,0.4598765969276428,0.2561996281147003,-0.31284101038642,0.5571051665301656
24649,-0.0009115216089412,0.5192111730575562,0.0298319887369871,-0.05884922294279103,0.05745636897856228,-0.0576549433171749,0.7561519742012024,1.3603087663650513,-0.056051851441913304,1.7989885800431573,-0.0218474939465522,0.7061334848403931,0.2345335930585861,-0.1319197332467079,0.3321377587859292
24659,0.0003151529817841,0.5819858312606812,0.0298911370337009,0.01811617775467009,0.05136059235145222,-0.1574475914239883,0.8233804702758789,1.500583529472351,-0.12743105665589566,1.8224667497512674,-0.0312314964830875,0.602363646030426,0.2430238872766494,-0.21334628143466786,0.40345045534898366
24669,-0.000793858023826,0.3206382691860199,0.0327416732907295,-0.07561824827860768,0.10211405324089451,-0.0954360216856002,0.6286042332649231,1.27050518989563,-0.1194974347368495,2.021152774133769,-0.0433648899197578,0.441288560628891,0.2467293590307235,-0.3982857315663693,0.5591111600062859
24679,-0.0012152780545875,0.4958602488040924,0.030293870717287,-0.08090243512235727,0.061093565758395155,-0.092561662197113,0.6447619199752808,1.3707481622695925,-0.10473072085981652,2.1259756815696327,-0.022650184109807,0.5864262580871582,0.2439922392368316,-0.15830051052367444,0.41606636106763145
24689,-0.0010774196125566,0.2666739523410797,0.0315170399844646,-0.12819138996833152,0.11818567095804641,-0.0374629497528076,0.7237173318862915,1.1797385215759275,-0.04387804163293851,1.6301095325450694,-0.0338406525552272,0.4185213148593902,0.2290535420179367,-0.3530076653969469,0.547292417101603
24699,0.0007777877617627,0.4120985269546509,0.0310519617050886,0.060781442297311195,0.07535081946193342,-0.0331984758377075,0.5351841449737549,1.263158679008484,-0.049108537002826975,2.360231876955975,-0.0187503658235073,0.4135999679565429,0.2364301979541778,-0.19174599563330783,0.5716397878904566
24709,0.0005787452682852,0.6334195733070374,0.0255550239235162,0.035753592179098716,0.040344544122776764,-0.0356675758957862,0.7216507196426392,1.3795437812805176,-0.035827050605536745,1.911650253690132,-0.0243713650852441,0.5788800120353699,0.2183829396963119,-0.19278471310266987,0.3772507862699681
24719,0.0010587519500404,0.4340365529060364,0.0462289452552795,0.05276597079175591,0.10650933647352853,-0.0647770017385482,0.7118813395500183,1.5020962953567505,-0.06057807358699465,2.110037462572384,-0.0290179401636123,0.4749175608158111,0.2491115480661392,-0.24527568182043263,0.524536400882327
24729,-0.000759171845857,0.3355799913406372,0.0343444384634494,-0.0658699926927146,0.10234352270599885,-0.0551256909966468,0.4525626599788666,1.428511142730713,-0.08526910325413085,3.1564936064266114,-0.022036999464035,0.3075296282768249,0.2352607548236847,-0.30459026006262097,0.7650019158866641
24739,-0.0010059371124953,0.470760703086853,0.0279212798923254,-0.07653063310882634,0.05931098264838402,-0.1232959181070327,0.7777824997901917,1.559274435043335,-0.10166418258607313,2.004769245211807,-0.0293780080974102,0.5028927326202393,0.2361117005348205,-0.24741696628711013,0.46950708415410897
24749,-0.0007823430933058,0.2778466045856476,0.0261725913733243,-0.1075834418587208,0.0941979888951872,-0.1696039736270904,0.6925107836723328,1.4639739990234375,-0.1672923643171645,2.114008956308367,-0.034572497010231,0.4959264397621155,0.2345524877309799,-0.29721685976825574,0.47295822308544255
24759,0.0006657376070506,0.6019951105117798,0.0244842376559972,0.04516723866563658,0.04067182146244042,-0.1273753941059112,0.673763632774353,1.373463749885559,-0.1376451056806037,2.0384949306777727,-0.0210412256419658,0.6697306632995605,0.2236776500940323,-0.1404585752558276,0.33398149786369363
24769,-0.0013714116066694,0.1963404715061187,0.0385447554290294,-0.1812143963694742,0.1963158952067007,-0.0540439300239086,0.7110698819160461,1.3198705911636353,-0.057584193244947214,1.856175637206173,-0.0385872572660446,0.4282725751399994,0.2589907646179199,-0.34788793546781716,0.6047334796846555
24779,-0.0011176493717357,0.1981009542942047,0.0297820996493101,-0.18943651618814114,0.15033799183561708,-0.1534854024648666,0.6617420315742493,1.3054876327514648,-0.17766651965243288,1.9728044622551462,-0.0345070399343967,0.3854005932807922,0.2389706522226333,-0.3746715859808731,0.620057821365433
24789,-0.0011762294452637,0.3351846039295196,0.0350227318704128,-0.10019774923685149,0.10448788953855753,-0.057195208966732,0.615752637386322,1.3004082441329956,-0.07142884970421594,2.1119004047677703,-0.037232406437397,0.4477017819881439,0.2496882081031799,-0.3330690291824286,0.557710999036837
24799,-0.0012510078959167,0.3993733525276184,0.0328898131847381,-0.09524003803073974,0.08235354957104611,-0.0883740559220314,0.6253453493118286,1.2379316091537476,-0.11415848871193851,1.9795967308560771,-0.0330654233694076,0.4144419133663177,0.2318736165761947,-0.34407972455356517,0.5594839930469239
24809,-0.001048851525411,0.2571375668048858,0.0351236797869205,-0.11613108268999349,0.13659489830037982,-0.0840957760810852,0.4128278195858001,1.5118646621704102,-0.13473868700567943,3.6622160388495613,-0.0166591368615627,0.299724668264389,0.2308667153120041,-0.24075132385223408,0.7702626435417559
24819,-0.0001714689424261,0.2681595981121063,0.0275932513177394,-0.02317337270991256,0.10289861527240138,-0.0855284854769706,0.4761082530021667,1.7255572080612185,-0.10410598791598354,3.6242959393803362,-0.0301544684916734,0.3640829026699066,0.2544662952423095,-0.32547761576713796,0.6989240455298713
24829,-0.0005058969836682,0.453010618686676,0.0281276982277631,-0.03970265170447244,0.062090593614136824,-0.0181640945374965,0.534642219543457,1.4813300371170044,-0.022934996243538796,2.770694088435338,-0.0273470524698495,0.3955700099468231,0.2414514571428299,-0.2863237246753867,0.6103886823353682
24839,-1.76797075255e-05,0.5042042136192322,0.0301213283091783,-0.0011641112485425865,0.05974033436365825,-0.0637944564223289,0.6727484464645386,1.4635412693023682,-0.0647925786281083,2.175465847589309,-0.0161240175366401,0.5883264541625977,0.2196434438228607,-0.12477760355726722,0.37333599784407645
24849,-0.0004753059765789,0.4124797284603119,0.0266909785568714,-0.04317239769809912,0.06470858254417117,-0.0682872682809829,0.6727901101112366,1.321393370628357,-0.07681181325794273,1.9640499329127814,-0.0311197973787784,0.4954875707626343,0.2409806698560714,-0.2606284304483624,0.4863505849100589
24859,-0.0002929081674665,0.3029385209083557,0.0281967055052518,-0.03429087859263536,0.09307731951917005,-0.081735759973526,0.5401625037193298,1.4486165046691897,-0.10445620475575455,2.6818161103272273,-0.0246360581368207,0.3529808223247528,0.228331372141838,-0.30567120091895883,0.6468662253037826
24869,-0.0008510064217261,0.4174110293388366,0.0381508395075798,-0.05343979924030637,0.09139873368465921,-0.0695633217692375,0.7363652586936951,1.4344209432601929,-0.06585828301640069,1.9479747670399903,-0.0372607894241809,0.4646137356758117,0.2587502896785736,-0.3099410943793736,0.5569148516502725
24879,-0.0004648739122785,0.583721399307251,0.0346714295446872,-0.022969831629147692,0.05939722200665346,-0.0914221704006195,0.896507203578949,1.3707960844039917,-0.07439176942904548,1.5290407917879887,-0.0281123463064432,0.8862780332565308,0.2253889143466949,-0.14073255008035035,0.25430948967394373
24889,-0.001231339178048,0.4703279435634613,0.0319658443331718,-0.08190128870951241,0.0679650120105157,-0.1293501853942871,0.7755836248397827,1.443606734275818,-0.11552860388021957,1.8613166756505892,-0.0462644323706626,0.7484989762306213,0.2557752132415771,-0.2416559941159865,0.34171751914697307
24899,-0.000485525059048,0.5231204032897949,0.0308811981230974,-0.030054938865423854,0.059032677618559695,-0.0530956834554672,0.619558572769165,1.41998553276062,-0.060352174878374173,2.2919310540953126,-0.0278703272342681,0.4921334683895111,0.248752474784851,-0.22766263430401812,0.5054573418850874
24909,-0.0006589778931811,0.3663567006587982,0.033375546336174,-0.05389373998802533,0.09110123078452412,-0.1314302682876587,0.7803357243537903,1.467180252075195,-0.11479697174638351,1.8801910591626352,-0.0337861292064189,0.5647735595703125,0.2388186901807785,-0.2504931014141678,0.42285741981702374
24919,-0.0004607318842317,0.3338231146335602,0.0266360305249691,-0.051815818066142535,0.07979085137411064,-0.0724135190248489,0.6365113854408264,1.3165507316589355,-0.08641236231550696,2.0683852037417,-0.0323169007897377,0.4655391573905945,0.2399525046348571,-0.28929984524093955,0.5154292626635771
24929,0.0013631796464323,0.5891132950782776,0.0412226393818855,0.056133028493758674,0.06997404357748895,0.0183658115565776,0.7524002194404602,1.2601772546768188,0.019369997903917656,1.6748762455358914,-0.0204826593399047,0.6749955415725708,0.2651476263999939,-0.11444522942129101,0.39281389293663516
24939,-0.0018467321060597,0.4381787776947021,0.0414711833000183,-0.10162630436231854,0.09464443604092813,-0.029247973114252,0.6659045815467834,1.3073623180389404,-0.033596018266476985,1.9632877656467829,-0.0294251609593629,0.5739368200302124,0.2490586936473846,-0.2058510346585786,0.43394792763822676
24949,-0.0004499208007473,0.4592257440090179,0.0308584403246641,-0.03174942568275269,0.06719666901788095,-0.2010088860988617,0.691985547542572,1.41227924823761,-0.20568264810935238,2.0409085901475774,-0.0197633057832717,0.5095908641815186,0.2136799991130828,-0.18149893604882075,0.41931677769829295
24959,-0.0012926295166835,0.3667831122875213,0.0318482853472232,-0.11065694640401924,0.08683138421666842,-0.0708723813295364,0.6795597672462463,1.1746177673339844,-0.0887876989382474,1.7284981011954876,-0.0282194688916206,0.4503216445446014,0.2628259360790252,-0.2384282956063478,0.583640469568844
24969,3.87512845918e-05,0.391692966222763,0.0193854607641696,0.0051034539805144925,0.04949147019695199,-0.0618756711483001,0.6994994878768921,1.252891182899475,-0.07060235195712854,1.7911252325605374,-0.0120118092745542,0.5355085134506226,0.2067391127347946,-0.1084974172684342,0.38606129975906966
24979,-0.0003678331850096,0.2164334803819656,0.0373532176017761,-0.04549864327311829,0.17258520971826766,-0.0662026107311248,0.3930630385875702,1.3736183643341064,-0.12261590864333323,3.494651568537343,-0.0218003671616315,0.2604353129863739,0.2292322516441345,-0.36516421966342416,0.8801888231498316
24989,-0.0008142900187522,0.2738471031188965,0.0338995829224586,-0.08771555292016683,0.12379018268358451,-0.1008934527635574,0.574103832244873,1.4890151023864746,-0.11802484429848989,2.593633797154943,-0.0250355117022991,0.4585177302360534,0.2370724529027938,-0.2303134204976857,0.5170409719614213
24999,-0.0007566654821857,0.7257063388824463,0.0308729857206344,-0.03377259049125047,0.04254198160674379,-0.0769854858517646,0.9174296855926514,1.428605079650879,-0.05873863856435121,1.5571820948087294,-0.0334797203540802,0.7094243764877319,0.242032766342163,-0.1949851558765994,0.34116781768965404
25009,-0.0011934208450838,0.2834101021289825,0.041590116918087,-0.10124839592293372,0.14674888652754856,-0.0742810070514679,0.453956663608551,1.453518986701965,-0.11257518734021875,3.201889306234177,-0.031461052596569,0.3335935771465301,0.2416339367628097,-0.3902991799914527,0.7243362981676132
25019,-0.0009330881293863,0.5608795881271362,0.0394810587167739,-0.04213706082759769,0.07039132739454339,-0.1463934481143951,0.7979576587677002,1.6875056028366089,-0.10871677710161694,2.1147808837910684,-0.0385750494897365,0.5960273742675781,0.2440501451492309,-0.2651924864002787,0.4094613027616883
25029,-0.0015667605912312,0.6122507452964783,0.0386068485677242,-0.06628403906720523,0.06305725042282978,-0.0828937515616417,0.8391578793525696,1.5246847867965698,-0.06478851883425495,1.8169224460752256,-0.0250277891755104,0.678690493106842,0.2392867058515548,-0.15411047222652416,0.35257117682048533
25039,-0.00088025117293,0.1845416128635406,0.031907569617033,-0.1494922143840786,0.17290175978155706,-0.1117685437202453,0.5865684151649475,1.3562219142913818,-0.14049800608633517,2.3121291212210973,-0.0234465673565864,0.4428989887237549,0.2242126166820526,-0.2361100830462328,0.5062387189641984
25049,-0.0012197718024253,0.4588280320167541,0.0393460057675838,-0.06756596673693546,0.08575327360588789,-0.2056399583816528,0.6650304794311523,1.4353840351104736,-0.21542586506857372,2.1583733069471633,-0.0271040666848421,0.5343859791755676,0.2374809384346008,-0.21357511349137956,0.44439964312121033
25059,6.3921888795e-06,0.545330822467804,0.0260089263319969,0.0004506788004198915,0.04769384978882695,-0.038201205432415,0.6879212856292725,1.507995367050171,-0.036824623255366,2.1921045307832565,-0.021959152072668,0.5067505240440369,0.2219729572534561,-0.19521864401048059,0.4380320230989372
25069,-0.000157341331942,0.3203693628311157,0.0402989201247692,-0.01218704560020473,0.1257889324017945,-0.060540460050106,0.4687153697013855,1.3317972421646118,-0.09698362454587639,2.8413773651439858,-0.0258351787924766,0.3929170370101928,0.234524592757225,-0.28036398260331086,0.5968806915113256
25079,-0.0005871700122952,0.5054624080657959,0.0271012410521507,-0.04286332194943585,0.05361672919625496,-0.0962562635540962,0.6729751825332642,1.333511471748352,-0.10725886433072092,1.9815165645910555,-0.0224147662520408,0.5114545822143555,0.2198138087987899,-0.19937567414456844,0.42978167845735293
25089,-0.0002906249428633,0.476763904094696,0.0283259190618991,-0.021520160574984622,0.05941288511697592,-0.0207915622740983,0.6147286891937256,1.5982046127319336,-0.02116270906926801,2.5998536278307247,-0.0170088671147823,0.5625543594360352,0.2348719835281372,-0.1287299729894464,0.417509845206067
25099,-0.000441217503976,0.2819563448429107,0.0315451137721538,-0.04960652022429742,0.11187942512777593,-0.0552371107041835,0.5369019508361816,1.2400720119476318,-0.08296388218724422,2.309680585098116,-0.0243344902992248,0.4233356118202209,0.2378800809383392,-0.2416458676891573,0.5619184266485958
25109,-0.0018632049905136,0.3699249625205993,0.0366026982665061,-0.137604899833665,0.09894627823194785,-0.0826020464301109,0.7474365234375,1.24284029006958,-0.08892035081758184,1.6628037981789972,-0.0521205961704254,0.6210812926292419,0.2391047328710556,-0.350972228906023,0.38498137958534606
25119,9.74678114289e-05,0.3257835805416107,0.0294170435518026,0.01017028208576139,0.09029627430239784,-0.0442373231053352,0.4730070829391479,1.2459298372268677,-0.07506329227440073,2.6340616920257744,-0.0152272824198007,0.3597291707992553,0.2344658523797989,-0.1805373839327961,0.6517843739468133
25129,-0.0011522675631567,0.2383531630039215,0.0325488783419132,-0.14852391550616315,0.13655735855025214,-0.0655572637915611,0.7118955850601196,1.4271552562713623,-0.06452578516640685,2.0047255331002494,-0.0440646335482597,0.5920329689979553,0.2475992143154144,-0.3006041751184437,0.4182186251121929
25139,-0.0008113700896501,0.2058085501194,0.032810166478157,-0.12015646604316904,0.1594208134653403,-0.1768333911895752,0.4641579687595367,1.562616229057312,-0.2438069795679451,3.366561244727539,-0.0221995413303375,0.2333654463291168,0.2326461225748062,-0.40889484078827154,0.996917608130828
25149,-0.0005138291162438,0.4058554172515869,0.0351888798177242,-0.035978406211660846,0.08670299402683804,-0.0750090777873992,0.6068889498710632,1.6217845678329468,-0.07620990713618396,2.67229213545164,-0.0152393328025937,0.567025899887085,0.2480562180280685,-0.10834601413189887,0.43746893762254124
25159,-0.0007542248349636,0.5909256935119629,0.0410134382545948,-0.03112015678683691,0.06940540698246778,-0.0401373878121376,0.8613787293434143,1.2636173963546753,-0.0368756229090899,1.4669707450494711,-0.0214646011590957,0.6898887753486633,0.2638944089412689,-0.11789993214608321,0.38251732506866654
25169,-0.0010146896820515,0.1915126591920852,0.0410168692469596,-0.12917344713994255,0.2141731487620362,-0.0260982140898704,0.4327358305454254,1.2286098003387451,-0.04908784401316525,2.8391681797880954,-0.039938922971487,0.3292922377586365,0.2366179078817367,-0.5125865963156208,0.7185650943134958
25179,0.0005661383038386,0.5016828179359436,0.0380289480090141,0.029674198704848314,0.07580277149110926,-0.0555899366736412,0.7011851072311401,1.327358603477478,-0.05972762238204168,1.8930216711518442,-0.021209992468357,0.5164485573768616,0.2382048964500427,-0.17241012282413365,0.4612364446517766
25189,-0.0011224066838622,0.5726885795593262,0.0367059893906116,-0.053394286428853674,0.06409415291440981,-0.0662455111742019,0.7165551781654358,1.2393120527267456,-0.07459782126482284,1.729541688470804,-0.0448247380554676,0.5648369193077087,0.2507548928260803,-0.3164792704455298,0.44394210834061193
25199,-0.0006887702620588,0.5023324489593506,0.0355144627392292,-0.03860805345996429,0.07069912129467687,-0.046610414981842,0.6535952091217041,1.3949871063232422,-0.05112153855887487,2.134328842767704,-0.0279304422438144,0.5224103331565857,0.2401620298624038,-0.22261873370423593,0.4597191414864651
25209,-0.0005097409011796,0.3786984980106354,0.0318120531737804,-0.042312062944123006,0.08400364231940256,-0.0664968937635421,0.6170154809951782,1.4308446645736694,-0.07532043329291399,2.318976927881735,-0.0274242535233497,0.4489848613739013,0.2400663048028946,-0.2544321040987129,0.534686857967299
25219,-0.0010047645773738,0.5264816880226135,0.0355261787772178,-0.05371957258212326,0.0674784699742337,-0.1214740425348281,0.818372905254364,1.1584616899490356,-0.12812992324169467,1.4155670141461567,-0.0278305765241384,0.5398845672607422,0.2238958925008773,-0.2302370242821293,0.4147106734998497
25229,0.0001755565754137,0.5271889567375183,0.0242762826383113,0.01371729918337993,0.04604854166245026,-0.1082017794251442,0.7427206635475159,1.702864170074463,-0.08555174821861386,2.2927383788421034,-0.0147608630359172,0.6626611351966858,0.2226447165012359,-0.1000478722611395,0.33598577715766037
25239,-0.0013751140795648,0.3917249143123626,0.0327086970210075,-0.10732336735817018,0.08349914908635474,-0.1135817319154739,0.7690935730934143,1.532132863998413,-0.0963901988435481,1.9921280291498675,-0.0345771424472332,0.5365701913833618,0.2374080568552017,-0.27143578546537267,0.4424548002622483
25249,-0.0011285990476608,0.3864279687404632,0.0371115580201149,-0.07869768189858846,0.09603745334758663,-0.0700679421424865,0.6315597295761108,1.3870893716812134,-0.07998351547418339,2.19629166763403,-0.0317781865596771,0.5410159230232239,0.2196308225393295,-0.2674396375113689,0.4059599970958739
25259,-0.000938304932788,0.3070705533027649,0.0310837049037218,-0.09830442123746891,0.1012265896856412,-0.0733044072985649,0.5917820930480957,1.255697250366211,-0.098646873151364,2.121891258822117,-0.0292558558285236,0.411554753780365,0.2165799140930175,-0.3282214861183407,0.5262481166931193
25269,-0.0004243970615789,0.2654800117015838,0.022663976997137,-0.07053495919791088,0.085369805628202,-0.0265464764088392,0.5774638056755066,1.423930048942566,-0.03228445507769816,2.4658342825086303,-0.0145048731938004,0.4458318054676056,0.2051590532064438,-0.15858138356893337,0.46017141596989714
25279,-0.0006770868203602,0.4279138445854187,0.0289235133677721,-0.05470625386619389,0.06759190835667969,-0.0734991133213043,0.5858015418052673,1.1661332845687866,-0.10759284664096662,1.9906627097209548,-0.0215198248624801,0.4250028431415558,0.2213179469108581,-0.22878643148440556,0.5207446267298115
25289,-0.0007660036790184,0.2296333461999893,0.035065907984972,-0.09512853581165719,0.15270390196044462,-0.05930657684803,0.4540667533874511,1.534325122833252,-0.08512669198965402,3.379073916746391,-0.0239055268466472,0.3863349854946136,0.2358205616474151,-0.26239322148405925,0.6104043653864296
25299,-0.0009062283788807,0.6063423156738281,0.030721953138709,-0.0486486684443432,0.05066767128823542,-0.0171465501189231,0.6813528537750244,1.2663639783859253,-0.019872208054689228,1.8586022959611253,-0.0318223163485527,0.6921302080154419,0.2393920719623565,-0.19205880429515335,0.34587721961850204
25309,-0.0009118639864027,0.5797107815742493,0.0390496924519538,-0.04028107650340202,0.06736064550310993,-0.0583681464195251,0.8705629706382751,1.2635409832000732,-0.05306233759115152,1.451406762998059,-0.0519997328519821,0.6865161061286926,0.2343040406703949,-0.3232738710147365,0.341294309891213
25319,-0.0010300892172381,0.2957238256931305,0.0317726135253906,-0.10963155775752158,0.10744015451213831,-0.0821502059698104,0.6343035101890564,1.2999513149261477,-0.09962869787976682,2.0494152941683903,-0.0374548062682151,0.4185714721679687,0.2278836071491241,-0.39266739767942144,0.5444317692479448
25329,-0.0004842043854296,0.3022963106632232,0.034547135233879,-0.04636431327091873,0.11428235812102465,-0.0417143329977989,0.4515814781188965,1.472498059272766,-0.06273276817960502,3.2607583141066585,-0.0237976741045713,0.3374659121036529,0.2311863750219345,-0.30502986798562914,0.6850658591879509
25339,-0.0013544901739805,0.556663453578949,0.0301316455006599,-0.08075330389724897,0.05412901692563956,-0.0780117511749267,0.8970266580581665,1.589525818824768,-0.054712566888868094,1.7719939586474334,-0.0259167999029159,0.7751956582069397,0.2228746861219406,-0.15000623107451158,0.2875076553414388
25349,-0.0001047299156198,0.3487628400325775,0.0435281172394752,-0.006898754104346057,0.12480721064035748,-0.0973403751850128,0.4791009426116943,1.2585744857788086,-0.16143104836818728,2.626950552253178,-0.0211214832961559,0.2954901754856109,0.2611051201820373,-0.27375747081338575,0.8836338458729975
25359,-0.0024969244841486,0.4551808536052704,0.0350625626742839,-0.15645079239734203,0.07702995940310332,-0.074245885014534,0.6851615309715271,1.2818280458450315,-0.08453754814850682,1.8708406527544812,-0.0538919456303119,0.4811634123325348,0.2573546469211578,-0.4352103873529573,0.5348591358465521
25369,-0.0005318598705343,0.282239019870758,0.0294998828321695,-0.06387926010461385,0.10452092288896835,-0.0512717403471469,0.6076790690422058,1.2282867431640625,-0.06869166083533716,2.0212753832381103,-0.0252792052924633,0.3443330824375152,0.2325243949890136,-0.3157302136051037,0.6752891512572246
25379,-0.0021815793588757,0.664471447467804,0.0393841229379177,-0.08336303421313075,0.0592713548309779,-0.0885332375764846,0.8276963233947754,1.535112738609314,-0.06967789863358237,1.85468111337391,-0.0499960705637931,0.7019257545471191,0.243753895163536,-0.2922086921079811,0.3472644985377484
25389,-0.0009101749164983,0.2959351241588592,0.0306758973747491,-0.1002607784734406,0.10365750757683685,-0.0733654722571373,0.5448992848396301,1.555802822113037,-0.08654080379319228,2.8552117159979886,-0.0256657060235738,0.3942916393280029,0.2311698645353317,-0.28158170140737676,0.5862915706995917
25399,-0.0003945421776734,0.6809945702552795,0.035328309983015,-0.01639936098658761,0.051877520799867356,-0.1010934710502624,0.7481982707977295,1.4134900569915771,-0.09559026164454434,1.8891918254295257,-0.0309209264814853,0.5913181304931641,0.2385533601045608,-0.21920263220051933,0.40342642615338953
25409,-0.0003294805064797,0.5117131471633911,0.0363922342658042,-0.017692712898156847,0.07111842732112583,-0.0652218833565712,0.6630344986915588,1.523487210273743,-0.06456815795807679,2.2977495338179432,-0.0306360274553298,0.54045569896698,0.2427871376276016,-0.23347838165884005,0.44922671384844637
25419,4.81691458844e-05,0.6344965696334839,0.0304331891238689,0.002494549937285674,0.04796430836725972,-0.0922905728220939,0.8364206552505493,1.4790270328521729,-0.07460303238525333,1.768281334957147,-0.0231780875474214,0.5372435450553894,0.2372297793626785,-0.1818600004490072,0.4415684125869214
25429,-0.0008409932488575,0.2308872193098068,0.036066822707653,-0.10099147870319358,0.15620969759810815,-0.0451456904411315,0.5043448805809021,1.3497947454452517,-0.06631640106066068,2.676332798085636,-0.0298544447869062,0.2888645231723785,0.2351060807704925,-0.43959316348028704,0.813897387565984
25439,-0.0010376388672739,0.4340664446353912,0.0383469462394714,-0.06233891399677136,0.0883434937517048,-0.0350144580006599,0.5613849759101868,1.3139034509658811,-0.047470430385605424,2.3404677847596798,-0.0227102097123861,0.5036939382553101,0.2365147471427917,-0.19063217164269403,0.46956043974249334
25449,-0.0010191724868491,0.3156408369541168,0.0330699272453784,-0.09763853744474857,0.10477075008575526,-0.0665932968258857,0.6073502898216248,1.3205794095993042,-0.08302841577257843,2.1743291009001586,-0.0271074641495943,0.5058358311653137,0.2277746349573135,-0.23527400379981162,0.4502935951227105
25459,-0.0004446103994268,0.1960304379463195,0.0254110675305128,-0.08925513189892383,0.12962817303643073,-0.1066001430153846,0.6112520098686218,1.6582553386688232,-0.10516859767241879,2.7128832492922794,-0.0229488983750343,0.2925222516059875,0.2283010631799698,-0.3436331088323279,0.7804570829281037
25469,0.0017590300412848,0.700791597366333,0.022664189338684,0.11075011375359267,0.032340840592066177,-0.0376119837164878,0.6268153190612793,1.5461244583129885,-0.038809869925660184,2.4666347667259787,-0.0175596643239259,0.5770759582519531,0.2354091256856918,-0.12925874465221474,0.4079343842338888
25479,-0.0004437126626726,0.3626280128955841,0.0322305373847484,-0.037964084029908314,0.08888044011654701,-0.0727856308221817,0.4403184354305267,1.4570714235305786,-0.1134482864246495,3.3091310885175846,-0.0236311592161655,0.4205234348773956,0.230874478816986,-0.24339905912507567,0.54901691479881
25489,-0.0014256620779633,0.3177511692047119,0.0356820188462734,-0.1257419010923265,0.11229547616010559,-0.0628291070461273,0.7168002128601074,1.4666705131530762,-0.05976269874923604,2.0461357109548115,-0.0357111319899559,0.4460912644863128,0.2379509359598159,-0.3364282687190956,0.5334131261992395
25499,-0.0002886822039727,0.2115352898836136,0.0253448635339736,-0.05384522860756896,0.1198138785633277,-0.0793604552745819,0.4187183082103729,1.386775016784668,-0.1366709429915461,3.3119521874069164,-0.0206983443349599,0.3254845142364502,0.2176640033721923,-0.2921585928813425,0.6687384310212343
25509,-0.0001482101652072,0.6044061779975891,0.0290735028684139,-0.008434352280679541,0.048102590487633747,-0.0697797834873199,0.684381365776062,1.3060444593429563,-0.07806807673886366,1.9083577149444337,-0.0164836384356021,0.7283480167388916,0.2278997004032135,-0.09930483258108001,0.3128994590025968
25519,-0.0009688467835076,0.4773662388324737,0.0299598816782236,-0.06774282555744697,0.06276078876356751,-0.0312371421605348,0.6807553172111511,1.30284321308136,-0.035219898248436673,1.9138201056125645,-0.021924814209342,0.570390522480011,0.2233514785766601,-0.17209759025238364,0.3915764196178195
25529,0.0002047527232207,0.515567421913147,0.0288159009069204,0.013781992765110067,0.055891624804359254,-0.0349042788147926,0.706290066242218,1.4910638332366943,-0.03314357373769083,2.1111210598923287,-0.0149713391438126,0.6349449157714844,0.2301917076110839,-0.10243182815617757,0.36253807518309117
25539,-0.0005073139909654,0.4687537848949432,0.034276109188795,-0.03157479464126306,0.0731217758518514,-0.0306645855307579,0.6249323487281799,1.2761449813842771,-0.03845068456588,2.0420530061876314,-0.0246491935104131,0.3981665968894958,0.2393067330121994,-0.25869198493684775,0.6010216197985458
25549,-0.0005002578254789,0.6655985713005066,0.0493988245725631,-0.015214752594802502,0.07421714333917998,-0.0388472601771354,0.7129817605018616,1.1654133796691897,-0.046752191658939235,1.6345626834112355,-0.0309262461960315,0.4889422655105591,0.2554197907447815,-0.24763674312777528,0.522392537446255
25559,-0.0008639398729428,0.3385865688323974,0.0286732651293277,-0.0889890645261692,0.08468518177849269,-0.082448162138462,0.6711216568946838,1.345862865447998,-0.09128069018661972,2.00539328692711,-0.0175939984619617,0.3623826205730438,0.2176540493965149,-0.22306448853836672,0.6006194476223325
25569,-0.0010994754265993,0.4654393792152405,0.0361859053373336,-0.06528042300135649,0.07774568924173385,-0.0497421398758888,0.6268191337585449,1.229787826538086,-0.06452856834315607,1.9619500431711594,-0.032932411879301,0.5153934359550476,0.2388821095228195,-0.26748598363397913,0.46349466806879297
25579,-0.0014182333834469,0.3545108437538147,0.0445665754377841,-0.0897653888422304,0.12571286950176552,-0.0751819461584091,0.5959553122520447,1.1752519607543943,-0.10734180253077945,1.9720471260055659,-0.0397012531757354,0.4129649996757507,0.2409600615501403,-0.3989752035342404,0.5834878542717563
25589,-0.0007704687886871,0.2062123864889145,0.0281002074480056,-0.13296299098175615,0.13626828109821718,-0.1251112520694732,0.5466155409812927,1.5436774492263794,-0.14827155268589673,2.8240643258242266,-0.0305271353572607,0.304958701133728,0.2349704355001449,-0.42602177872082597,0.7704992007986929
25599,-0.0004353277618065,0.6326689124107361,0.0238020922988653,-0.0289084451771795,0.03762171940481359,0.0418350398540496,0.8101029396057129,1.240339279174805,0.04163508750585088,1.531088480901567,-0.0287122577428817,0.7154117226600647,0.2293198257684707,-0.1750127498379633,0.32054244920087005
25609,-0.0003176213358528,0.4569404125213623,0.0387816987931728,-0.017923518545440074,0.0848725517167071,-0.1175718680024147,0.7102891802787781,1.4809370040893557,-0.11177164282634797,2.0849775629527536,-0.0318206474184989,0.5192544460296631,0.255655288696289,-0.23970329633175935,0.49235069752620736
25619,0.0002860767417587,0.7347946763038635,0.02717343904078,0.014327550370095246,0.036980996075620484,-0.0074908453971147,0.8537867665290833,1.299755573272705,-0.006750247961956806,1.522342140013048,-0.0166478045284748,0.7041659355163574,0.2324294298887252,-0.10171636674395239,0.3300776396096002
25629,-0.0004281174042262,0.2798271775245666,0.0364579744637012,-0.04196434561091038,0.130287468094483,-0.0620708391070365,0.3577355146408081,1.383209228515625,-0.125440472504189,3.866569495915063,-0.0312247946858406,0.3328507542610168,0.2361063361167907,-0.39732180894977204,0.7093459548889575
25639,-0.0001866836391855,0.546757698059082,0.0294553376734256,-0.011591705694684486,0.05387274432164042,-0.0480593144893646,0.6551448106765747,1.4786274433135986,-0.049611402431350676,2.256947501097666,-0.0247507896274328,0.5157288312911987,0.2483618557453155,-0.19323364750609684,0.48157450325882906
25649,-0.0008874613558873,0.4802733063697815,0.0299269184470176,-0.06174460286515767,0.062312266890751734,-0.0780823975801467,0.6212179064750671,1.2466228008270264,-0.10082636462047867,2.006739966496861,-0.0378631316125392,0.501510500907898,0.2520209848880768,-0.2995710183040619,0.502523844329952
25659,-0.0008407293353229,0.4836126565933227,0.0275539588183164,-0.06309203537950642,0.056975264072724525,-0.1054319515824318,0.7168446183204651,1.3491325378417969,-0.10901659163425824,1.8820431978728587,-0.0257177893072366,0.4967621266841888,0.2273577451705932,-0.22770648686601255,0.4576793055625464
25669,0.0008169632637873,0.5208000540733337,0.0407652556896209,0.038480555854115917,0.07827429235228296,-0.0931538492441177,0.7160259485244751,1.3779929876327517,-0.09441153015919733,1.9245014660046909,-0.0228275954723358,0.4562411904335022,0.257541686296463,-0.1942755472937756,0.5644858283219829
25679,-0.0006163856014609,0.4906823635101318,0.0301265399903059,-0.041696805184904664,0.06139723420013207,-0.0640357956290245,0.6865265965461731,1.216236233711243,-0.07669154826400175,1.7715791927508282,-0.0262811630964279,0.5241058468818665,0.2244892418384552,-0.2233726741636192,0.4283280623065728
25689,-0.0001223658182425,0.2925893664360046,0.0311483666300773,-0.01342660777260252,0.10645761672576061,-0.0761958509683609,0.7046395540237427,1.267753005027771,-0.08529619478593232,1.7991510663692523,-0.0277402214705944,0.4496359825134277,0.2348906993865966,-0.2626534104290241,0.522401917376757
25699,-0.0007914059096947,0.4759515225887298,0.0320242419838905,-0.05192275282815166,0.06728467178696827,-0.0662927404046058,0.808571994304657,1.262718677520752,-0.06492929282532595,1.5616651162975845,-0.031099360436201,0.6554704904556274,0.2408087700605392,-0.19702712213641596,0.36738308370396566
25709,-0.0014964196598157,0.2935115694999695,0.0312102604657411,-0.16335438143128178,0.10633400420607388,-0.1450351476669311,0.5548156499862671,1.6848198175430298,-0.15515690084978384,3.0367200665387375,-0.0348609313368797,0.3983928859233856,0.2421909272670745,-0.3613013138192297,0.6079198093754362
25719,-0.0027854167856276,0.3618849515914917,0.0424814708530902,-0.1811841151275893,0.1173894373509202,-0.1065783202648162,0.6655380725860596,1.3191275596618652,-0.12139734053798563,1.9820467288012154,-0.0442660227417945,0.5501796007156372,0.2584478259086609,-0.3113100461380602,0.4697517421083753
25729,-0.0012448580237105,0.731329083442688,0.0233023148030042,-0.07304792990918357,0.031862967480125286,-0.0833820775151252,0.9585336446762084,1.4845985174179075,-0.058594429189562605,1.5488225433332632,-0.0289270728826522,0.8451493978500366,0.2159779071807861,-0.15847533367813707,0.25554997463195167
25739,-0.0004444596706889,0.4040082991123199,0.0261983647942543,-0.041992128485952816,0.06484610551767599,0.0083256727084517,0.6886467933654785,1.1923264265060425,0.010139759050115115,1.731404891437941,-0.0154711753129959,0.5492845177650452,0.2433094978332519,-0.1157622307055085,0.44295713781127694
25749,-0.0012402925640344,0.4353448152542114,0.0313993394374847,-0.09073404064234113,0.07212521738463715,-0.1072145998477935,0.8143829107284546,1.617725133895874,-0.08138053569730373,1.9864428791228448,-0.0319475978612899,0.6405600309371948,0.2595489621162414,-0.19215826821852047,0.4051906918645842
25759,-0.0010711246868595,0.4789806306362152,0.0259792748838663,-0.0860785717209456,0.0542386752661769,-0.0683348253369331,0.8593180775642395,1.3533411026000977,-0.05875987570485921,1.57490123614783,-0.0307504814118146,0.6281906366348267,0.2179817855358123,-0.2245640616704926,0.34699941836689174
25769,-0.0002450263127684,0.3861319124698639,0.0335077419877052,-0.01893790204871331,0.08677796604112682,-0.0862819924950599,0.5539472103118896,1.5403904914855957,-0.10111625044417491,2.7807532248755393,-0.029478158801794,0.3785015344619751,0.2573027312755584,-0.3026831976391018,0.6797930994951026
25779,-0.0012672439916059,0.4266618490219116,0.0326409377157688,-0.0909942192242342,0.07650306159455211,-0.137448102235794,0.7680246829986572,1.3674795627593994,-0.13087079049638037,1.7805151227955915,-0.0342737138271331,0.5215016007423401,0.2390838712453842,-0.27488765793195247,0.45845280418134154
25789,-0.0009371335036121,0.3337563872337341,0.0365226753056049,-0.07687927809970059,0.10942914263998064,-0.0585317611694335,0.6627209186553955,1.3921825885772705,-0.06344022501414051,2.1007071746005708,-0.0279222503304481,0.4520035684108734,0.2478133589029312,-0.24927793519213967,0.5482553152714663
25799,-0.0009784610010683,0.3788748383522033,0.0333779491484165,-0.07737276332591213,0.08809756090846087,-0.0760437399148941,0.7042703628540039,1.4009010791778564,-0.07707554160763669,1.9891523952545833,-0.0258893333375453,0.4334063827991485,0.2494668662548065,-0.23944881538320212,0.575595736831628
25809,-0.0008849753648974,0.5903991460800171,0.0389859937131404,-0.038448274339996126,0.06603328269017619,-0.0780883356928825,0.6923067569732666,1.420379638671875,-0.07941145591369894,2.0516622499565216,-0.0265434514731168,0.5339322090148926,0.2426600456237793,-0.20486746753796645,0.4544772567129603
25819,-0.0010577937355265,0.3863219022750854,0.0312396027147769,-0.08764883695519174,0.08086417707824482,-0.0232129022479057,0.6432908773422241,1.3275461196899414,-0.027181438217336203,2.063679381207361,-0.0243220720440149,0.4214012920856476,0.2332210838794708,-0.24747817134555428,0.5534417863912715
25829,-0.0002998221316374,0.2323879301548004,0.0292781926691532,-0.04406622578756677,0.12598843945832358,-0.0404275767505168,0.387743592262268,1.397666573524475,-0.07459839815750521,3.604615527931406,-0.0199336856603622,0.2938169836997986,0.2348082065582275,-0.28893319368560566,0.7991648529008722
25839,-0.0012811198830604,0.3975879848003387,0.0310272388160228,-0.10385164775225764,0.07803867320488597,-0.0648628547787666,0.5622687339782715,1.2786109447479248,-0.09022226113841622,2.2740210640937684,-0.027988551184535,0.400990217924118,0.2321547269821167,-0.3006554694592343,0.5789535918954732
25849,-0.0006955172866582,0.3919598758220672,0.0251053906977176,-0.07068045438388991,0.06405092012304434,-0.0731570050120353,0.6787916421890259,1.3873955011367798,-0.07768177657851123,2.043919540114824,-0.0265771802514791,0.5782647728919983,0.221156433224678,-0.2078177259873363,0.382448393179197
25859,-0.000498320790939,0.3779626190662384,0.034125629812479,-0.038634872388950185,0.09028837268824841,-0.1013326942920684,0.5502179861068726,1.4510060548782349,-0.12692453541266763,2.637147624244323,-0.0281470101326704,0.4982500374317169,0.2394321858882904,-0.23594044763237668,0.48054624766807685
25869,-0.0009393359068781,0.2250381708145141,0.0303805340081453,-0.1373944947976247,0.1350016928158655,-0.1142937913537025,0.619484543800354,1.3460766077041626,-0.13706367974221992,2.1728978086303523,-0.0271628871560096,0.4271405637264251,0.2311286032199859,-0.27513853354147016,0.5411066586689695
25879,-0.0010308297351002,0.3567743301391601,0.0348985269665718,-0.08279159358384942,0.09781681028721882,-0.1267673820257187,0.6570765972137451,1.3688342571258545,-0.1409420735291804,2.083218703770965,-0.0360582023859024,0.4358199536800384,0.254229336977005,-0.32544027404572934,0.5833356982173653
25889,0.0007825384382158,0.5324667692184448,0.0415118373930454,0.03540309363523517,0.0779613673431236,-0.1056835204362869,0.5576021075248718,1.777205467224121,-0.10664616050798449,3.187228748314673,-0.0232856571674346,0.5220553278923035,0.2589924335479736,-0.17222051768435218,0.49610150440108525
25899,-0.0008807342965155,0.3191743791103363,0.0386270061135292,-0.07143743258616857,0.12102163783069855,-0.0878532975912094,0.5402249097824097,1.568329930305481,-0.10369218622067822,2.9031055434618307,-0.0348282679915428,0.4218092262744903,0.2595784068107605,-0.31808796676038864,0.6153929090252784
25909,-0.0014978942926973,0.4442383944988251,0.0381432101130485,-0.08839909825513606,0.08586202945398358,-0.1124510020017623,0.7510725259780884,1.2057080268859863,-0.12417646760657158,1.6053150463942831,-0.035031646490097,0.6347900032997131,0.2323649227619171,-0.23749797017244423,0.3660500662487703
25919,-0.000123492165585,0.3591102361679077,0.0391086377203464,-0.008793037669616994,0.10890426888878917,-0.075664147734642,0.5739210247993469,1.4583643674850464,-0.09040073577948377,2.5410540901423095,-0.0222504138946533,0.4508383870124817,0.2351900190114975,-0.20984485203410008,0.5216725677908748
25929,-0.0002167496277252,0.4193243682384491,0.0255565922707319,-0.020225781657192732,0.06094707154295199,-0.0205338336527347,0.5481706261634827,1.3256847858428955,-0.028256216351522104,2.4183798302383543,-0.0169584341347217,0.3604995608329773,0.2124550491571426,-0.22141852436335893,0.5893351122709827
25939,-0.0006845910684205,0.4680637419223785,0.0320611782371997,-0.045619103889386566,0.06849746170365953,-0.0167856663465499,0.5124576091766357,1.288942575454712,-0.025412481233732503,2.515217946564697,-0.0196535363793373,0.4107528030872345,0.2207857072353363,-0.2167151214562518,0.5375147913195043
25949,-0.0004847228410653,0.4589020013809204,0.036011166870594,-0.029331639534385247,0.07847245547465424,-0.0574505999684333,0.5561724305152893,1.25319504737854,-0.08242642072862116,2.2532491339375897,-0.0228823535144329,0.4596687853336334,0.2354495078325271,-0.21142575527441482,0.5122155676975866
25959,-0.0023536160588264,0.4036182165145874,0.0406552106142044,-0.14343285541687395,0.10072689722797747,-0.0672745555639267,0.7638962268829346,1.4648933410644531,-0.06011882274717776,1.917660134337782,-0.0612402111291885,0.5901210308074951,0.2654521465301513,-0.39093931295869233,0.4498266163585435
25969,-0.00043486058712,0.1830688267946243,0.0339906103909015,-0.0698838279719484,0.1856712089439119,-0.0443778857588768,0.3764223754405975,1.261157512664795,-0.09348067625790729,3.3503787100557627,-0.017507804557681,0.2052770256996154,0.231094941496849,-0.3690633369628328,1.125771092547947
25979,-0.0007153488695621,0.3650821447372436,0.0305152498185634,-0.06421113879263833,0.0835846131026917,-0.2562341690063476,0.5735402703285217,1.4771543741226196,-0.30244557944114353,2.575502454738725,-0.0165429282933473,0.3655006885528564,0.2218266278505325,-0.20403774287517304,0.6069116551567134
25989,0.0005250688991509,0.608633816242218,0.0318287722766399,0.027104433173631957,0.052295438451242744,-0.0420222282409668,0.6887701153755188,1.3587608337402344,-0.044901594335117166,1.9727348841194066,-0.0294548869132995,0.700406551361084,0.2316976189613342,-0.18150374453100254,0.33080447136178487
25999,-0.0008684446802362,0.2729040086269378,0.0314558297395706,-0.10116518935567255,0.11526334808284547,-0.0896402895450592,0.5285977721214294,1.486730456352234,-0.11406323484240317,2.8125931185549957,-0.0329294130206108,0.3908247947692871,0.2409101575613021,-0.3497411785266932,0.6164147228773367
26009,-0.0009097071597352,0.2295470982789993,0.034584142267704,-0.11459160347241115,0.15066251121009278,-0.0529398880898952,0.4702349603176117,1.347285270690918,-0.0835619455144475,2.865132081589422,-0.0233144052326679,0.3097840845584869,0.2316860258579254,-0.3248369311756442,0.7478951870239909
26019,-0.0006754918722435,0.3187166750431061,0.0318332016468048,-0.06657865561503631,0.09987931018199596,-0.0785086750984191,0.68281489610672,1.3099626302719116,-0.08777195155974793,1.9184740077304525,-0.0197268761694431,0.3714971542358398,0.2246906608343124,-0.23632942894849857,0.6048247160775576
26029,-0.0009895003167912,0.4464613795280456,0.0331101343035697,-0.0669377481763739,0.07416125071908891,-0.0254255440086126,0.8269513845443726,1.276997208595276,-0.02407688660260412,1.5442228315499664,-0.0275077633559703,0.7002626657485962,0.2389505505561828,-0.16439411680445032,0.34122988736053694
26039,-0.000985498772934,0.4111299812793731,0.0374814085662364,-0.0639530168038872,0.0911668092159079,-0.0565195456147193,0.6063678860664368,1.4084137678146362,-0.06618082967459066,2.3227050775250375,-0.0319719053804874,0.4545925855636596,0.2438778728246688,-0.288385733954882,0.536475693993731
26049,-0.0018297510687261,0.6208714842796326,0.0440363250672817,-0.06692358951827408,0.07092663487094264,-0.0876832902431488,0.8124330639839172,1.456080675125122,-0.07412143354235799,1.792246942763455,-0.0485200956463813,0.5952215194702148,0.2610974013805389,-0.3122054461494377,0.43865584969597915
26059,0.0007806805660948,0.5874348282814026,0.0444197058677673,0.029918374779615228,0.07561639815896079,-0.120397463440895,0.7517969012260437,1.323716640472412,-0.12098228352322872,1.7607370266007636,-0.0206321887671947,0.7844341397285461,0.2626543343067169,-0.10013922918766274,0.33483286996867395
26069,-0.0002848870935849,0.2574856877326965,0.0259222071617841,-0.04268228915283076,0.10067436132098616,-0.0768744498491287,0.4242492318153381,1.2749106884002686,-0.14212850702184343,3.0050984015810682,-0.0247893705964088,0.3701430261135101,0.2157326340675354,-0.3104417212557758,0.5828358738315865
26079,-0.0009861955186352,0.2520594596862793,0.0361398309469223,-0.10826146683324676,0.14337819731861287,-0.0562761761248111,0.4309220612049103,1.2581133842468262,-0.10380208311693959,2.91958453166447,-0.0193243119865655,0.2632376253604889,0.2327334433794021,-0.3154258491777341,0.8841192176106548
26089,0.000319787999615,0.4145336747169494,0.0333122871816158,0.023157831744244246,0.0803608710543528,-0.084135502576828,0.4783525764942169,1.2367454767227173,-0.14221678124863474,2.58542660266756,-0.023088127374649,0.3566564619541168,0.2212276458740234,-0.29261677175486045,0.6202821747906082
26099,-0.0008369020069949,0.4894533157348633,0.0354594364762306,-0.04822047731266946,0.07244702474431487,-0.0792165696620941,0.7122061252593994,1.4023224115371704,-0.07931630109985166,1.9689839244592529,-0.034263290464878,0.5705859065055847,0.2389280498027801,-0.2513280081469272,0.41874159014202983
26109,-0.0008269763784483,0.4259313642978668,0.0307003464549779,-0.06324267143995435,0.072078153966394,-0.0769320130348205,0.7536832094192505,1.5187195539474487,-0.06721104868859194,2.0150635372621553,-0.0383232459425926,0.5543524026870728,0.2312404364347458,-0.298959646778417,0.41713616701915707
26119,-0.0010317156556993,0.2439779788255691,0.0296979323029518,-0.1423912093777379,0.12172382296922049,-0.0565900579094886,0.5280207395553589,1.3572092056274414,-0.07896640385395995,2.5703710175671017,-0.0356963723897933,0.4500913918018341,0.2480727434158325,-0.3197012447137264,0.5511608262995924
26129,-0.0012776878429576,0.4628265798091888,0.0281751435250043,-0.09798065385162333,0.06087624340118964,-0.1077004969120025,0.8780361413955688,1.495581030845642,-0.08201539226071915,1.7033251370137619,-0.050002247095108,0.774046778678894,0.226584330201149,-0.2850968652385273,0.29272692095931496
26139,-0.0013404000783339,0.6763546466827393,0.0230471882969141,-0.08598882537565895,0.03407559689277177,-0.0652676522731781,0.8568101525306702,1.465868592262268,-0.05196588733797264,1.7108440976483366,-0.0359990037977695,0.7542083859443665,0.2217468917369842,-0.21524921919676926,0.29401276340799154
26149,-0.0004167273873463,0.1484615504741668,0.0273302216082811,-0.10270578307883554,0.18408956070438404,-0.0039339335635304,0.4478536248207092,1.4015949964523315,-0.006267125465163129,3.1295827894960926,-0.0308991186320781,0.5294878482818604,0.2279439568519592,-0.25601299564025015,0.4304989389116606
26159,-0.0016321660950779,0.2999480962753296,0.0346166677772998,-0.1571929202278366,0.11540885975660377,-0.2093077898025512,0.8258482217788696,1.423944354057312,-0.177988579000956,1.7242204033449982,-0.0527701452374458,0.564088761806488,0.2509371340274811,-0.37280000406941466,0.44485398578737445
26169,-0.0007762890891171,0.5375954508781433,0.0305359121412038,-0.04728865911925227,0.05680091245438268,-0.0962418764829635,0.7180058360099792,1.33497953414917,-0.10040642404663824,1.8592878597864428,-0.0205374471843242,0.5778135061264038,0.2293482273817062,-0.154975620069162,0.39692431026618036
26179,-0.0001605287834536,0.5737212896347046,0.0301693677902221,-0.009274398209594213,0.052585407470988756,-0.0651433914899826,0.7225834131240845,1.4689979553222656,-0.06137071535642725,2.032980454078046,-0.0318221114575862,0.6184449791908264,0.2446517944335937,-0.21031948949859142,0.3955918516044809
26189,-0.0006449652719311,0.2000994235277176,0.0293987412005662,-0.1096381649861575,0.14692066914672502,-0.0466533936560153,0.3276061117649078,1.5178289413452148,-0.09382280565041298,4.633091040848525,-0.0252847932279109,0.2914575040340423,0.2373147010803222,-0.3655607186986702,0.8142343147651597
26199,6.21698418399e-05,0.6810958981513977,0.031674925237894,0.002881747328646078,0.04650582293017,0.031018953770399,0.8685638904571533,1.2959113121032717,0.027558152212103715,1.4920161042168028,-0.0223391484469175,0.7064682245254517,0.2370732128620147,-0.1333802403695012,0.33557519592797164
26209,-0.001436969381757,0.4074085354804992,0.0388197973370552,-0.09085819968317314,0.0952846932656209,-0.0676701068878173,0.7633535861968994,1.2296279668807983,-0.07209371078465264,1.6108235935681163,-0.0447321310639381,0.5784039497375488,0.2664142847061157,-0.2902891685365014,0.4606024644662288
26219,-0.0003641884832177,0.3462767899036407,0.0268269125372171,-0.0392041580851284,0.07747245359610239,-0.0744638293981552,0.5767301321029663,1.4597657918930054,-0.08844831059021577,2.53110720358961,-0.022455621510744,0.4666778445243835,0.2355979681015014,-0.20423790913630782,0.504840696565769
26229,0.000882449443452,0.6017892956733704,0.0228511840105056,0.06417068386385029,0.03797206792277077,-0.0591301508247852,0.7951186895370483,1.4092309474945068,-0.05277094276127077,1.7723529405591265,0.0023442727979272,0.7086344361305237,0.2212834060192108,0.01494985731223105,0.312267362037219
26239,-0.0005077086971141,0.5168288350105286,0.0333335921168327,-0.02947038097450728,0.06449638615104292,-0.0417718328535556,0.5420176982879639,1.3089879751205444,-0.05887547269193636,2.415028105641494,-0.0072250249795615,0.6160674095153809,0.2337007671594619,-0.05018234825876468,0.37934285039245735
26249,-0.0015652538277208,0.5186778903007507,0.0489639826118946,-0.06163257370659582,0.09440152265503986,-0.0307644307613372,0.7575133442878723,1.3887081146240234,-0.029244730445037136,1.8332457442443189,-0.047313779592514,0.6962623000144958,0.2675300538539886,-0.2540049528629934,0.3842374545461082
26259,-0.0001608985476195,0.6095154285430908,0.0398997366428375,-0.006616028866515876,0.06546140552702467,-0.0145974177867174,0.7739323377609253,1.4981679916381836,-0.01258961735116423,1.9357867846335959,-0.0230757221579551,0.7415359020233154,0.2597097754478454,-0.11982151927324244,0.3502322338530274
26269,0.0002545620081946,0.513992190361023,0.0303966738283634,0.01629337318451961,0.05913839626048225,-0.0478603988885879,0.5745403170585632,1.3312968015670776,-0.06257212663193265,2.3171512286254017,-0.0166191570460796,0.4214498102664947,0.233743131160736,-0.1687035695146137,0.5546167668528159
26279,0.000165153061971,0.6262774467468262,0.0344146899878978,0.007662597188643023,0.0549511884335985,-0.0118491416797041,0.6182170510292053,1.5810071229934692,-0.012123055310585773,2.5573657671871306,-0.0249005798250436,0.5586704015731812,0.2446017116308212,-0.18221927119028755,0.4378282990150149
26289,-0.0001398604508722,0.5191088914871216,0.0219512674957513,-0.012273738163319498,0.042286440967840525,-0.060758177191019,0.6199031472206116,1.2813682556152344,-0.07649040037961252,2.067045894766558,-0.020556267350912,0.4659618735313415,0.2148748040199279,-0.20530918594440983,0.46114245869834025
26299,-0.0011004073312506,0.3163920640945434,0.0302487984299659,-0.11497932784015631,0.09560542713526164,-0.0549062937498092,0.6889292001724243,1.380263090133667,-0.05774118094268004,2.0034904744757758,-0.0325626581907272,0.4432970881462097,0.2201144993305206,-0.333715455393816,0.4965394657812905
26309,-0.0013556934427469,0.4684834480285644,0.0353181287646293,-0.08193501893249812,0.07538821043358587,-0.0813259333372116,0.7232145071029663,1.326738953590393,-0.08475716984788222,1.8345026828969584,-0.0524688065052032,0.5866365432739258,0.2427540868520736,-0.3684389385357754,0.4138066229173202
26319,-0.0007937072077766,0.3311047852039337,0.0305510684847831,-0.07846364209117263,0.09227009046687779,-0.0724192857742309,0.5826639533042908,1.5616029500961304,-0.0795912756485084,2.680109077007889,-0.0258094407618045,0.4375253915786743,0.2395655661821365,-0.2462356538313394,0.5475466585327509
26329,-0.0004403828061185,0.3655556738376617,0.0354847759008407,-0.033949607571681625,0.09707078412520825,-0.0634646192193031,0.5486171841621399,1.4141329526901243,-0.08180352710088422,2.5776315316295078,-0.0244636796414852,0.4133384525775909,0.2535571157932281,-0.23342113077250962,0.6134370374012831
26339,1.5761494069e-05,0.4679034650325775,0.0351406820118427,0.0009585856768736897,0.07510241884914455,-0.0367267131805419,0.6027935743331909,1.497268557548523,-0.040692441201749266,2.4838827441131874,-0.0198857318609952,0.4998306334018707,0.2456477433443069,-0.1619593148314994,0.49146196116956026
26349,-0.0003932797117158,0.0620655082166194,0.0308293215930461,-0.2055356964189291,0.4967222935715988,-0.0686258152127265,0.4371474683284759,1.371978759765625,-0.11442269197686267,3.1384803965848658,-0.0197920519858598,0.2464249432086944,0.2232989519834518,-0.35968263658691507,0.9061540162123219
26359,-0.0004536119813565,0.4768565893173218,0.0352088287472724,-0.027017499421310473,0.07383525683828365,-0.1165933907032013,0.5731701254844666,1.4372024536132812,-0.14153779849021375,2.5074622519771066,-0.020347274839878,0.4154106676578522,0.2245218306779861,-0.21815744154451797,0.540481620137186
26369,-0.0002602973545435,0.2510862648487091,0.0294049587100744,-0.03525544690161208,0.11711098067348377,-0.0718218013644218,0.4460421204566955,1.3817286491394043,-0.11653534313012746,3.0977537451500634,-0.028451845049858,0.325874000787735,0.2296931445598602,-0.3801129702753447,0.7048526240345138
26379,0.0001733500103,0.495436817407608,0.0329387597739696,0.01062253942767947,0.06648427936042968,-0.0564143061637878,0.6615669131278992,1.4319729804992676,-0.05954984712583152,2.1645172273336284,-0.0336973257362842,0.5048350095748901,0.2484666407108307,-0.2686444561689036,0.4921739499010948
26389,-0.0004679738776758,0.515222430229187,0.0265747662633657,-0.034178846072360866,0.0515792106557636,-0.0390841737389564,0.749838650226593,1.3272902965545654,-0.03927056896444826,1.7701012026433591,-0.0271362103521823,0.5622878074645996,0.2403807342052459,-0.20076632683530998,0.4275047956119513
26399,-0.0007518043275922,0.2010447978973388,0.0341479703783988,-0.10950831214396964,0.16985254398791289,-0.0497038513422012,0.5127634406089783,1.304008960723877,-0.07433484034416775,2.543100497132136,-0.0312278978526592,0.3434095680713653,0.2400210946798324,-0.3788619119924113,0.698935373373035
26409,-0.0003967319207731,0.3157996535301208,0.0241485182195901,-0.052022953959870076,0.0764678426643265,-0.0881700664758682,0.7284200191497803,1.381609320640564,-0.08761007272101577,1.8967206890513433,-0.0339533276855945,0.4416181147098541,0.2225528806447982,-0.3454635610928816,0.5039487132248115
26419,0.0003971486585214,0.3853740692138672,0.02431096509099,0.04239048753514859,0.06308407086284362,-0.0496425069868564,0.4846935570240021,1.5299220085144043,-0.06694484906083767,3.156472757566782,-0.0153256468474864,0.3362784087657928,0.2244739383459091,-0.20302704976939093,0.6675240886555046
26429,0.0008890838362276,0.618564248085022,0.0251921974122524,0.05705475554031029,0.04072688890482031,-0.0152619611471891,0.733130693435669,1.5050253868103027,-0.01383200431575659,2.052874610606337,-0.0099447621032595,0.6025348901748657,0.2048613876104354,-0.08056605311896682,0.3399992115825545
26439,-0.0004479134804569,0.4488074779510498,0.0370111428201198,-0.02696507008751945,0.08246552171788124,-0.0920791700482368,0.8439035415649414,1.2055450677871704,-0.09050761819177494,1.4285341966353147,-0.0438541658222675,0.601356029510498,0.243636354804039,-0.2993209338561891,0.4051449438402709
26449,0.0001095674815587,0.337345540523529,0.0293716229498386,0.011058055402444204,0.08706687779022235,-0.0655104219913482,0.6154224276542664,1.3970133066177368,-0.07619676530449605,2.270007142805258,-0.0133146028965711,0.4115078747272491,0.2211480885744094,-0.14630759715567526,0.5374091290986551
26459,-0.0011954208603128,0.2048886716365814,0.0399474687874317,-0.14605405436699312,0.1949715836817372,-0.0879804193973541,0.5542556643486023,1.3816269636154177,-0.1148907560724432,2.4927611073478095,-0.0354735255241394,0.3978515267372131,0.2517495155334472,-0.3541723722411363,0.6327725259672852
26469,-0.0019624051637947,0.3674770891666412,0.0467729158699512,-0.11417314526965246,0.12728117547687692,-0.1726031601428985,0.7059488892555237,1.421231746673584,-0.17203253288670212,2.013221875272557,-0.0529558211565017,0.4466122686862945,0.2603654861450195,-0.45540693897981926,0.5829788037639045
26479,-0.0009618689073249,0.3212709426879883,0.0315511003136634,-0.09489207189444414,0.09820713958655507,-0.0992847010493278,0.6080915331840515,1.3180158138275146,-0.12387759205398667,2.1674628602805917,-0.0310198701918125,0.4702704548835754,0.2301189005374908,-0.2866421093097172,0.4893331021496156
26489,-0.0013897127937525,0.6213538646697998,0.0388069413602352,-0.05763371802808634,0.06245545987045241,-0.0813767537474632,0.9324329495429992,1.406887412071228,-0.06203308865503365,1.508834938491574,-0.0571692697703838,0.6827284097671509,0.2563894093036651,-0.3265988025067209,0.375536458767123
26499,-0.0002005977730732,0.6759258508682251,0.0280781220644712,-0.010569610739424041,0.041540239995858895,-0.1844851672649383,0.8471611738204956,1.3706927299499512,-0.158874904156272,1.6179834160345812,-0.0107656028121709,0.6772869825363159,0.2214561253786087,-0.07177578105381176,0.3269753163559943
26509,-0.0008818235946819,0.296584278345108,0.032454527914524,-0.09161325059584081,0.10942767464147118,-0.0874558836221695,0.5101414918899536,1.5135431289672852,-0.11326704836284855,2.966908500933664,-0.032870166003704,0.3853079378604889,0.2523437440395355,-0.3380659250805643,0.6549144703343832
26519,-0.0007893508882261,0.4019778668880462,0.0332127884030342,-0.05912383851152988,0.08262342566309555,-0.1247138753533363,0.5208595395088196,1.2635761499404907,-0.18949280827410875,2.4259441444272425,-0.0372227281332016,0.4075960218906402,0.2326317429542541,-0.3925629323716935,0.5707409554077302
26529,-0.0004048269765917,0.5124478936195374,0.0318583548069,-0.02479684275271555,0.062168964305574774,-0.073507472872734,0.5295208692550659,1.4169361591339111,-0.0979711324281007,2.6758835041332136,-0.0288851782679557,0.4511656463146209,0.2410044819116592,-0.26565250154924525,0.5341818107835153
26539,-0.0002918398822657,0.3198994696140289,0.0303987674415111,-0.030010632350737233,0.09502600138158526,-0.043543554842472,0.6005297899246216,1.293781876564026,-0.056043888749715935,2.1544008278530553,-0.0273201167583465,0.4072426855564117,0.2356029450893402,-0.2847400411101689,0.5785320484453593
26549,-0.0005624737823382,0.3867402970790863,0.0414829440414905,-0.035060111025171106,0.10726305056596536,-0.041758943349123,0.582972526550293,1.3794885873794556,-0.05192581247338022,2.366301196974927,-0.0344874635338783,0.4218256771564483,0.2506752908229828,-0.32614949803567556,0.5942627592345722
26559,-0.0006017212872393,0.2332914471626281,0.0301285702735185,-0.0856087263148958,0.12914562723988673,-0.0856829732656478,0.4926929473876953,1.4238957166671753,-0.1221349613206607,2.8900265859635406,-0.0206497777253389,0.2722980082035064,0.2371459156274795,-0.31978292269835656,0.8709058035057112
26569,-0.001048425794579,0.6086114048957825,0.0289626158773899,-0.05947847523494248,0.0475880268499888,-0.0480938851833343,0.7740843892097473,1.1688780784606934,-0.0531535578185193,1.510013759163889,-0.0364065617322921,0.7857198119163513,0.2332451939582824,-0.19865488906461376,0.2968554316956869
26579,-0.0004118378274142,0.3171594738960266,0.0248444098979234,-0.05226607165459657,0.07833412507825027,-0.100998468697071,0.7073312401771545,1.4733281135559082,-0.09691532880945909,2.082939406418563,-0.0236710477620363,0.3711506426334381,0.2192405313253402,-0.2909018069950436,0.5907049756663634
26589,-4.45647601736e-05,0.2184922695159912,0.0300897192209959,-0.006778558723104079,0.13771525778761554,-0.066466324031353,0.6605305075645447,1.2952133417129517,-0.07769042016155629,1.9608683124850037,-0.0257156323641538,0.4357576668262481,0.2300845831632614,-0.2564865829728752,0.52801040734185
26599,-0.0012943248730152,0.3840644955635071,0.039003413170576,-0.0864045320243218,0.10155433168418605,-0.1493897438049316,0.7377915382385254,1.4171299934387207,-0.14288196772669778,1.9207729012752213,-0.0296112392097711,0.554943859577179,0.2471553087234497,-0.215892516763,0.4453699314949831
26609,-0.0009632451110519,0.517864465713501,0.0374066345393657,-0.04972468776047462,0.07223247976249492,-0.0746082216501236,0.7071104645729065,1.453180909156799,-0.07260720853015917,2.0550974451134985,-0.0345766209065914,0.6460935473442078,0.2498859465122223,-0.21416342933856447,0.38676434324315423
26619,-2.24203467951e-05,0.2891287207603454,0.0296819023787975,-0.00261251840579937,0.10265981982260558,-0.0348535180091857,0.5919990539550781,1.3496582508087158,-0.04362162041763185,2.279831769648622,-0.0154493395239114,0.3821983933448791,0.234431967139244,-0.17242658575452985,0.6133776887117964
26629,-0.0006972984410822,0.3694221675395965,0.0318398103117942,-0.05928233079369315,0.08618814221098806,-0.0816581547260284,0.6163501143455505,1.4188073873519895,-0.09337887551144874,2.301950392040569,-0.0367718115448951,0.4626692235469818,0.2561945915222168,-0.3102233312056285,0.5537316477593662
26639,-0.0009650249849073,0.2443763613700866,0.035397469997406,-0.11155964950005401,0.14484817516289816,-0.0446154735982418,0.6352044343948364,1.4014296531677246,-0.05011880224960774,2.2062655379647595,-0.0311784632503986,0.3585475981235504,0.2350941300392151,-0.3698844742927095,0.6556845765236586
26649,-0.0005520161357708,0.3299570977687835,0.0289538484066724,-0.05778139216565995,0.08775034270352847,-0.0752643197774887,0.435711920261383,1.223849177360535,-0.14114379784206382,2.8088494265347372,-0.0208399649709463,0.3438730537891388,0.2224952578544616,-0.2723817965978608,0.6470273125584727
26659,0.0001057848130585,0.4176095724105835,0.0256205387413501,0.009887001959300366,0.0613504584999326,-0.0927532464265823,0.6126871705055237,1.3851935863494873,-0.10928985775114762,2.2608496685291684,-0.0277519933879375,0.6383729577064514,0.2346517145633697,-0.18526610454424425,0.36757777993357865
26669,-0.0004749881918542,0.4123349487781524,0.0292347222566604,-0.03940339975235871,0.07090042292871344,-0.089306816458702,0.7084145545959473,1.3618903160095217,-0.09256674683703439,1.9224482432977286,-0.0355663448572158,0.5564143657684326,0.2326400130987167,-0.2747618850386843,0.41810569138960074
26679,-0.0009567866218276,0.1550805568695068,0.0379024259746074,-0.16277613571457691,0.24440475801554257,-0.0480785965919494,0.3544185161590576,1.3747355937957764,-0.09867706007369573,3.878848116329272,-0.0265193544328212,0.2629721462726593,0.2413292527198791,-0.4178719586230421,0.9176989127573227
26689,-0.0020080027170479,0.3946428000926971,0.03723631426692,-0.13664489939270022,0.09435447513086166,-0.0762909501791,0.5665082931518555,1.2279481887817385,-0.10966971355732298,2.167573191117576,-0.0444840565323829,0.4648336470127105,0.2496023476123809,-0.38340534347779615,0.5369713427942873
26699,-0.0008602649904787,0.3701835870742798,0.0331737771630287,-0.07005193993844411,0.08961439221337537,-0.1032357588410377,0.6849728226661682,1.4365129470825195,-0.10491733952938147,2.0971823984068134,-0.0287408530712127,0.3972407579421997,0.2307244092226028,-0.3135828551377095,0.5808175636805482
26709,-0.0006747172446921,0.5528116226196289,0.0251120422035455,-0.04860294802210329,0.04542603877347248,-0.008362740278244,0.5996835231781006,1.360883355140686,-0.010247208913915984,2.2693359122633687,-0.0111244395375251,0.4377710521221161,0.2198695689439773,-0.11557555157826391,0.5022478482260283
26719,-0.0005080878618173,0.3668873012065887,0.028153071179986,-0.04919040081404318,0.0767349294658019,-0.0257856398820877,0.5879639387130737,1.1212536096572876,-0.039113201772224854,1.9070108485079373,-0.0293911658227443,0.4657249748706817,0.2209121435880661,-0.28567201314985463,0.4743403414201847
26729,-0.0002896127407439,0.3810845017433166,0.0263956468552351,-0.028791485129766106,0.06926455086597608,-0.0723204389214515,0.6873939037322998,1.3757225275039673,-0.07647588793546266,2.0013598026317845,-0.028353227302432,0.5410003662109375,0.2115484476089477,-0.2477394092985143,0.3910319859681285
26739,0.0016144190449267,0.6379539966583252,0.0357783809304237,0.07073041821409827,0.05608301087199843,-0.0144766028970479,0.7326083779335022,1.3156923055648804,-0.01501898023891687,1.7959012552874516,-0.0328512005507946,0.5676845908164978,0.2417977750301361,-0.23932707849179152,0.4259368299610874
26749,-0.0008458152879029,0.4914767444133758,0.0346031114459037,-0.04973445994050937,0.07040640648665036,-0.0109375212341547,0.7636235356330872,1.6105676889419556,-0.008893252472869628,2.1091121655996417,-0.0339188128709793,0.5335785746574402,0.244259312748909,-0.2602502351059347,0.45777571355020125
26759,-0.0004148920997977,0.4022766053676605,0.0282656643539667,-0.03648809509242963,0.07026425095770436,-0.0482922755181789,0.5268814563751221,1.3566889762878418,-0.06755919400646135,2.5749415924061756,-0.0219735037535429,0.410889208316803,0.2275409698486328,-0.23502549302073789,0.5537769433778719
26769,-0.0013895400334149,0.6251415014266968,0.037350945174694,-0.05951016245894848,0.05974798519927367,-0.121777206659317,0.952118456363678,1.383515238761902,-0.09244662846865048,1.4530915029688751,-0.041367057710886,0.6739303469657898,0.2438267022371292,-0.2517435512478624,0.3617980750308999
26779,-0.000847679330036,0.6062066555023193,0.0328462161123752,-0.04257214642499866,0.05418319943247395,-0.0343975499272346,0.7389491200447083,1.2877435684204102,-0.03614794259265176,1.7426687893511512,-0.0368929356336593,0.6956319808959961,0.2324960678815841,-0.22811196306230647,0.3342227992193829
26789,-0.0003731190809048,0.3256321251392364,0.0295673534274101,-0.038753217237091735,0.09079986630547418,-0.0372319445013999,0.8523725867271423,1.2476893663406372,-0.035009005259817684,1.4637840139033493,-0.0258683804422616,0.4530592262744903,0.228691965341568,-0.24966827099118072,0.5047727804201315
26799,-0.0017008602153509,0.3664776682853699,0.0420368947088718,-0.11040544186175674,0.11470520128975059,-0.077226847410202,0.6625903248786926,1.3227638006210327,-0.08811318805589044,1.9963524231405054,-0.0472798570990562,0.3826219439506531,0.2589365541934967,-0.47721371541895297,0.6767425608681029
26809,-0.0002877603692468,0.4602552652359009,0.0401946902275085,-0.01555476773745506,0.08733129909313905,-0.1161122024059295,0.6965665221214294,1.5179295539855957,-0.10981550123698372,2.1791594998890593,-0.0308359432965517,0.483229786157608,0.2413070946931839,-0.2644438377937258,0.4993630392942713
26819,-0.0010337616549804,0.4606950879096985,0.0288431923836469,-0.07779711831657432,0.06260798767036234,-0.1709572076797485,0.7264260649681091,1.4313255548477173,-0.16442110845483535,1.97036646105279,-0.0372497178614139,0.5184243321418762,0.2318158745765686,-0.3099519963902731,0.44715469588168943
26829,-0.000728334125597,0.3960432410240173,0.0313727110624313,-0.05861867578523468,0.07921536795152316,-0.0786667168140411,0.4163525998592376,1.3476622104644775,-0.14020021951914768,3.236829098509536,-0.0236476548016071,0.4474808871746063,0.2237900495529174,-0.23614177002991935,0.5001108560544953
26839,-0.0016762160230427,0.5118494629859924,0.0332661382853984,-0.09844311495712443,0.06499203514121647,-0.0750790312886238,0.7911282777786255,1.326080560684204,-0.07156519249123452,1.6761890554685364,-0.030724611133337,0.669049084186554,0.2394915074110031,-0.19175129110406078,0.35795805281189896
26849,-0.0002212599792983,0.7351776361465454,0.0313625633716583,-0.009596194195207578,0.042659844137868594,-0.0266682207584381,0.8471917510032654,1.6171950101852417,-0.019464799314760535,1.9088889950476022,-0.0411338955163955,0.7570663690567017,0.242711067199707,-0.22385990063881117,0.32059417393236334
26859,-0.0005946150631643,0.1926512569189071,0.0334445759654045,-0.09228654047081904,0.17360164942750597,-0.0581420175731182,0.3928185403347015,1.3009244203567505,-0.11377479309282403,3.3117693967507145,-0.0203245244920253,0.2399192303419113,0.250237762928009,-0.33853415010253224,1.0430083598192301
26869,-0.0006296424544416,0.7462571263313293,0.0275694206357002,-0.030603977370219023,0.03694359445682493,-0.0685051083564758,0.9503700733184814,1.1413673162460327,-0.06315456867010312,1.20097144079951,-0.0148430857807397,0.789271891117096,0.2195441722869873,-0.08565952220621405,0.27816038396636106
26879,-0.0010350133525207,0.3370064198970794,0.0302678477019071,-0.10146733135552516,0.08981386084915176,-0.0332475937902927,0.6741553544998169,1.4839885234832764,-0.03323301084196617,2.2012560066133533,-0.0400380454957485,0.5183690190315247,0.2423013746738433,-0.3187703748737154,0.46743027800260517
26889,-0.000627392088063,0.4186902046203613,0.0244285874068737,-0.06134058063262248,0.058345256557945556,-0.1017109677195549,0.8683062791824341,1.2814353704452517,-0.09141093211002273,1.475787289770385,-0.0391990952193737,0.6049004793167114,0.2165784388780594,-0.2992105450829616,0.35803978717739465
26899,-0.000336481782142,0.1839476823806762,0.0272471942007541,-0.06713445196828767,0.14812469419629085,-0.0405442416667938,0.5161092877388,1.4313017129898071,-0.05488533461050664,2.773253159734224,-0.0238723810762166,0.3208316564559936,0.2218712866306305,-0.3353647584073244,0.6915504818991051
26909,0.0003705447015818,0.4981639981269836,0.0341749526560306,0.02176508401062755,0.06860181142058222,-0.014436962082982,0.5982651114463806,1.36993145942688,-0.017615026450623097,2.2898401280912064,-0.0307650193572044,0.4036701619625091,0.2556743025779724,-0.2980872934701816,0.6333742908689848
26919,-0.0005305581144057,0.2359597831964492,0.0310113336890935,-0.07250609712862673,0.13142635269873468,-0.0481936708092689,0.3562609851360321,1.246595859527588,-0.10851657104604547,3.499108551141509,-0.0186749286949634,0.2479927092790603,0.2310789227485656,-0.32588149858550436,0.9317972428315946
26929,-0.0010806607315316,0.3712184131145477,0.037137720733881,-0.07838710306074824,0.1000427764945521,-0.1015814319252967,0.7685529589653015,1.4630824327468872,-0.09033826299285186,1.9036846006248245,-0.0383051037788391,0.518706738948822,0.2540566325187683,-0.29067268058059076,0.48978857115607033
26939,-0.0013618129305541,0.2364957183599472,0.0366257838904857,-0.15721980111215614,0.1548686976004409,-0.0963837504386901,0.5443491339683533,1.361695647239685,-0.13003080039607004,2.5015115525449696,-0.0329996757209301,0.3280507326126098,0.2397186458110809,-0.4196303048871073,0.730736504997113
26949,-0.0010581803508102,0.3427300751209259,0.0366556346416473,-0.0842299869991598,0.10695190560301439,-0.0886795818805694,0.6670045852661133,1.501559853553772,-0.08854257929490118,2.251198697464273,-0.051055684685707,0.6079874038696289,0.254823088645935,-0.32954198060573225,0.41912560527417914
26959,-0.000784417905379,0.5856253504753113,0.0311988573521375,-0.04293277316933771,0.05327443104506245,-0.0759267210960388,0.7226697206497192,1.3045854568481443,-0.08053455326457579,1.8052305494067902,-0.0212486144155263,0.707352876663208,0.2372791171073913,-0.12660036971256325,0.3354465994776282
26969,-0.0008116104872897,0.309294581413269,0.0297110490500926,-0.0883196526281627,0.0960606840065966,-0.0442667491734027,0.5944882035255432,1.1497279405593872,-0.064764840873679,1.9339794023515677,-0.0264689922332763,0.3753404319286346,0.2266220450401306,-0.3111787291198422,0.603777333221643
26979,-0.0006303747650235,0.5381969213485718,0.0370508357882499,-0.03161255521914131,0.06884252644071395,-0.1094531193375587,0.798145055770874,1.320445895195007,-0.10385459217308292,1.654393378306,-0.0329272598028183,0.6282103061676025,0.2491341233253479,-0.2103862329384957,0.3965775805958849
26989,-0.0015433058142662,0.6426601409912109,0.0330284051597118,-0.0727081381835377,0.05139326846810545,0.0508831329643726,0.7692611217498779,1.2362960577011108,0.05350293115940881,1.6071214607711417,-0.0170213095843791,0.6882831454277039,0.2371449321508407,-0.10428263297699251,0.34454560412557717
26999,-0.000506718410179,0.2999606132507324,0.0309214331209659,-0.05463146372381686,0.1030849776771164,-0.0761394202709198,0.728216826915741,1.5447049140930176,-0.06768669791755727,2.1212156283663424,-0.037142913788557,0.621880292892456,0.2375215888023376,-0.2514583643109393,0.3819410126305659
27009,0.000509220350068,0.4988830387592315,0.0308453142642974,0.033091603566804725,0.06182874916135165,-0.0610025078058242,0.5467900633811951,1.3716566562652588,-0.08133578454796506,2.5085617828958378,-0.0130953919142484,0.4288168251514435,0.2206242233514785,-0.13841829306983564,0.5144952586073589
27019,-0.0004239049740135,0.3187747597694397,0.0230065248906612,-0.05780076167990338,0.07217172685598175,-0.0558680482208728,0.4453685581684112,1.525136947631836,-0.08224984785113838,3.4244378496407513,-0.0204535610973835,0.3287271559238434,0.226973295211792,-0.274131275788346,0.6904610438219323
27029,1.6037665773e-06,0.8002948760986328,0.0315283127129077,6.356095191210492e-05,0.039395869765661194,-0.0925981253385543,0.8802770972251892,1.2166612148284912,-0.08645958130939191,1.3821343514032711,-0.0283198524266481,0.8601203560829163,0.2316236644983291,-0.1421506440219917,0.26929215528995154
27039,-0.000561672321055,0.2511192858219147,0.0394975021481514,-0.05662827385183603,0.157285817450762,-0.0568290948867797,0.3734705150127411,1.3987387418746948,-0.10878720392511865,3.7452454361142173,-0.0261048171669244,0.2926504611968994,0.2278446704149246,-0.39150072320709195,0.7785556512812992
27049,-0.0009883884340524,0.5998042225837708,0.0342213660478591,-0.04815271667931955,0.057054226628222224,-0.0924531444907188,0.729425847530365,1.33773672580719,-0.09474796434850051,1.8339584898676102,-0.0308880452066659,0.5891237854957581,0.2510944902896881,-0.20880778361475366,0.4262168604827043
27059,-0.0013914925511926,0.5470719933509827,0.0379292257130146,-0.06705982666623132,0.06933132416574012,-0.1950210183858871,0.8617336750030518,1.5907375812530518,-0.14226884764706776,1.845973561666159,-0.0505981631577014,0.6849812865257263,0.2493630051612854,-0.29622657764903404,0.3640435294605963
27069,-0.0019791510421782,0.2821679711341858,0.0429634004831314,-0.16325728737394918,0.1522617904166736,-0.1082017794251442,0.7539196014404297,1.3400943279266355,-0.10709618464284758,1.7775029663193098,-0.0515530630946159,0.6010140776634216,0.2464091926813125,-0.34810713431428036,0.4099890532336348
27079,0.0008511574123986,0.5973305106163025,0.0376704260706901,0.03782636901145122,0.06306462737324972,-0.000687058432959,0.7217684388160706,1.2878299951553345,-0.0007391579475853038,1.7842703087264173,-0.0155907878652215,0.6785255670547485,0.2530917823314667,-0.09078702846461842,0.37300257296133005
27089,-0.0001742747554089,0.5410601496696472,0.0403451658785343,-0.00798357534251703,0.07456687745931331,-0.0864342227578163,0.7121721506118774,1.3553826808929443,-0.08954447870153769,1.903167204345802,-0.0258485190570354,0.5758477449417114,0.247738242149353,-0.18119029993421804,0.43021483426045126
27099,-0.0017810291610658,0.37725630402565,0.0408048443496227,-0.11569718678396627,0.10816212721749068,-0.0795947313308715,0.6694579720497131,1.3829176425933838,-0.08597351564564959,2.0657273500817914,-0.0256971511989831,0.491823136806488,0.2440212965011596,-0.21411559213928222,0.49615660232180553
27109,-0.0010403114138171,0.1550032943487167,0.037551537156105,-0.17872887244595748,0.24226283263131107,-0.0852119103074073,0.4606089890003204,1.490658164024353,-0.12410515731626212,3.236276754519257,-0.0331700108945369,0.325501799583435,0.2576372921466827,-0.3955337021692129,0.7915080422793276
27119,0.0003030546358786,0.6187710762023926,0.0326185561716556,0.015015029628005362,0.052715062849813074,-0.0781414806842804,0.7166398763656616,1.336888313293457,-0.08156156291512837,1.8654952890331726,-0.0245270319283008,0.6187635064125061,0.2397207468748092,-0.16535399134489306,0.3874190129031244
27129,-0.000214790328755,0.4900567829608917,0.0320472195744514,-0.013676594229195078,0.06539491073018956,-0.1030786335468292,0.7146661281585693,1.369176983833313,-0.10534304403035602,1.9158274470922196,-0.0227579697966575,0.5826572179794312,0.2246838361024856,-0.17383953663331017,0.38561924433315325
27139,-0.0011640168959274,0.5120019316673279,0.0359374769032001,-0.06326158980756015,0.07019011976413869,-0.0674564242362976,0.6641207933425903,1.3761106729507446,-0.07381130349054972,2.072078884964035,-0.0363425314426422,0.5150493383407593,0.2511202692985534,-0.2809859294241517,0.4875654633545242
27149,-0.0004309026408009,0.6226068139076233,0.0264081377536058,-0.0262076155671722,0.0424154332456824,-0.0717732682824134,0.9384045600891112,1.401831030845642,-0.05456032442060174,1.4938450754251702,-0.0407534763216972,0.6493360996246338,0.2192220389842987,-0.286293112236674,0.33760950470954243
27159,0.0006384554435499,0.541683554649353,0.0424536727368831,0.027763209846996467,0.07837356769002256,-0.0260433293879032,0.6474525332450867,1.4541692733764648,-0.02766136488859388,2.2459859197523655,-0.0161255467683076,0.5370717644691467,0.2469224631786346,-0.12159662690826219,0.4597569254505458
27169,-0.0008713526185601,0.3543453812599182,0.0417365692555904,-0.058918328453326854,0.11778499583426469,-0.1038643419742584,0.7120357751846313,1.4773021936416626,-0.0987404987650901,2.074758383114384,-0.0285029299557209,0.4154987335205078,0.2573270499706268,-0.266584171794078,0.6193209009093787
27179,-0.000660412304569,0.3364898562431335,0.0314827598631382,-0.06234051460014535,0.0935622851001787,-0.0447408929467201,0.5278200507164001,1.3254314661026,-0.06395308320566227,2.511142697788038,-0.0196604952216148,0.3310865461826324,0.2219177484512329,-0.2675844562722265,0.6702711149392935
27189,-0.0010173507034778,0.3783310651779175,0.0279454868286848,-0.09622479773153245,0.07386516572606296,-0.108724758028984,0.6673081517219543,1.458033800125122,-0.11174662819345142,2.184948282682807,-0.0415845960378646,0.5412560105323792,0.2329608350992202,-0.32979710604488066,0.430407848718539
27199,-0.0010461786296218,0.3797406852245331,0.0273110847920179,-0.10087412116719428,0.07192035474384158,-0.0358909294009208,0.628288984298706,1.326116681098938,-0.04307680866322197,2.1106795029665286,-0.0274676531553268,0.4294649362564087,0.2375572621822357,-0.2692312897855923,0.5531470491001947
27209,-0.0011250269599258,0.1828134506940841,0.0308370739221572,-0.19956373421009865,0.1686805527989254,-0.0315523445606231,0.7821123600006104,1.431233286857605,-0.02818720787890106,1.829958660743436,-0.0325355678796768,0.3737414479255676,0.2238318026065826,-0.388924529785657,0.5988947810015436
27219,-0.0001284041209146,0.6342940926551819,0.0357677079737186,-0.005659749165631741,0.05638978572856238,-0.0841663479804992,0.8882490992546082,1.3965522050857544,-0.0678494814264361,1.5722528807039589,-0.0275411121547222,0.8447504639625549,0.2416975647211074,-0.13489031231944335,0.28611711390764155
27229,-0.0001195082586491,0.3139738738536834,0.0245369914919137,-0.01551254643882674,0.07814978740348412,-0.0243045911192893,0.4030613005161285,1.2562499046325684,-0.04799999317311296,3.1167713273983733,-0.0136543996632099,0.3207370340824127,0.2077801674604416,-0.20488936177463118,0.6478209417096902
27239,-0.0001027034886647,0.344220906496048,0.0361663214862346,-0.008249803677414657,0.10506718448447823,-0.0484346374869346,0.4402241110801697,1.570170521736145,-0.07007053101243584,3.5667526657807245,-0.0249011740088462,0.2998703122138977,0.2392365634441375,-0.3471033426696088,0.7978000945738499
27249,-3.92619986087e-05,0.4466389715671539,0.0284786485135555,-0.0030867141510817872,0.06376212181760683,-0.0475934892892837,0.5160516500473022,1.3069173097610474,-0.07056774908701532,2.532531985201971,-0.0072691473178565,0.5223381519317627,0.224650889635086,-0.06194747078119337,0.43008707827345144
27259,-0.0010171859757974,0.555882453918457,0.0262142661958932,-0.06980390078773914,0.04715793062203506,-0.1234079003334045,0.8884867429733276,1.4736682176589966,-0.09425237312980633,1.6586271312584302,-0.0259979050606489,0.5780934691429138,0.2266326695680618,-0.1984347717195206,0.3920346477950517
27269,0.0007184781134128,0.5575118064880371,0.0227768942713737,0.05658026383506028,0.0408545505338324,-0.1105638146400451,0.7318671941757202,1.532760500907898,-0.09856130238780231,2.0943150794376013,-0.01211379468441,0.5898050665855408,0.2276968210935592,-0.09020170407182371,0.3860543660835708
27279,-0.0010224392171949,0.4657374322414398,0.0340960472822189,-0.06438612969782999,0.07320873290799482,-0.0046240189112722,0.7983292937278748,1.2800288200378418,-0.004524991712704636,1.6033845057352527,-0.0311174057424068,0.641447126865387,0.2256930917501449,-0.2149434684170261,0.35184987553542896
27289,-0.0010320969158783,0.132486417889595,0.0431358143687248,-0.18059724493239726,0.32558669074041385,-0.0835005491971969,0.4644836783409118,1.3153057098388672,-0.13667597123802125,2.831758727318481,-0.0380838066339492,0.2890718877315521,0.254246175289154,-0.5181793053339846,0.8795257722371842
27299,-0.0006563281058333,0.1687739193439483,0.0336357429623603,-0.11561512190971966,0.19929467238248602,-0.0407021306455135,0.3214147984981537,1.3313040733337402,-0.09512047593077812,4.142012376388412,-0.0184613987803459,0.2897888422012329,0.2255903929471969,-0.28239847234576543,0.7784647305038204
27309,-0.000938712968491,0.3726452589035034,0.035202719271183,-0.07155846324588334,0.09446710626284595,-0.0578977689146995,0.8125289678573608,1.2651746273040771,-0.05632127809982588,1.557082488566953,-0.0352506712079048,0.5713592171669006,0.2350100129842758,-0.2625256766341666,0.4113174443033911
27319,-5.90150666539e-05,0.4308670163154602,0.0326638482511043,-0.004193264943911672,0.07580958164407134,-0.0616343319416046,0.6469178199768066,1.2018580436706543,-0.07927210747687205,1.8578218230466172,-0.0249110553413629,0.4916673004627228,0.2330252230167389,-0.21742920044342368,0.4739489951791219
27329,4.77947432955e-05,0.3164190948009491,0.0359143689274787,0.00420580574573493,0.11350253356255723,-0.025722038000822,0.4671370387077331,1.389108180999756,-0.03963921115236557,2.973663113596221,-0.0262374933809041,0.3010866641998291,0.2491540908813476,-0.3497540882894771,0.82751619552298
27339,-0.0016163878608494,0.5411871671676636,0.0305006653070449,-0.09792391712091865,0.05635881106839989,-0.1106769368052482,0.7572022676467896,1.3038512468338013,-0.11210298534236561,1.7219325701253787,-0.0319084972143173,0.6894275546073914,0.2354750037193298,-0.1965499335689692,0.3415514830320727
27349,-0.0007354194531217,0.4159804284572601,0.0290533769875764,-0.06085070247853778,0.06984313443621902,-0.0870702639222145,0.6839576363563538,1.3541444540023804,-0.0940103485116501,1.97986597710395,-0.0342145636677742,0.5211536884307861,0.2376540601253509,-0.27624851481871593,0.4560153087296311
27359,-0.0017353412695229,0.4825844466686249,0.0479623340070247,-0.07497410070826589,0.09938640654111028,-0.0975000336766243,0.8694772124290466,1.1867271661758425,-0.09449213835039269,1.3648743741776728,-0.0585679970681667,0.6087172627449036,0.2644178867340088,-0.363876428974863,0.43438539190044123
27369,-0.001673373975791,0.3091990649700165,0.0342945791780948,-0.15780812528515656,0.11091423960619157,-0.0760383456945419,0.5821893215179443,1.3768213987350464,-0.09486168116993636,2.3649032159251133,-0.0261105075478553,0.4465227723121643,0.2408578693866729,-0.24277885628470527,0.5394078069959868
27379,-0.0004777484573423,0.3828153908252716,0.033880591392517,-0.036834851302246056,0.08850373366514179,-0.1167760044336319,0.4881811141967773,1.4244197607040403,-0.16793245899931766,2.917810048935817,-0.0394580960273742,0.4771486818790436,0.2428515702486038,-0.3405191032813523,0.5089641436129259
27389,-0.0009808981558308,0.328021764755249,0.0355127081274986,-0.08420491954840542,0.10826326769504499,-0.0580196678638458,0.6688854694366455,1.2194923162460327,-0.07112862419363852,1.8231705904347482,-0.0344946198165416,0.5262647271156311,0.2365917414426803,-0.27704321561830464,0.4495679251379815
27399,0.0004036744649056,0.6280859708786011,0.0315870270133018,0.020347142819552484,0.05029092907315878,-0.0588011816143989,0.7456391453742981,1.383600831031799,-0.05699628365195974,1.8555903879446338,-0.0260722525417804,0.5468758940696716,0.2366597652435302,-0.20144910599850616,0.4327485775289629
27409,-0.0006577441236004,0.5114618539810181,0.0327756889164447,-0.03923664807535562,0.06408237224600744,-0.0768949538469314,0.6489063501358032,1.7291773557662964,-0.0685292970207893,2.6647564096181426,-0.0326920896768569,0.5664294362068176,0.2411307394504547,-0.23935598367673475,0.4257030514960946
27419,-0.0009868899360299,0.2243087887763977,0.0284195784479379,-0.15481206308694798,0.12669846154030087,-0.1010557413101196,0.6986008882522583,1.255888819694519,-0.11518095220203943,1.7977200441821215,-0.0363808423280715,0.3845139741897583,0.2357940524816513,-0.4012617619341862,0.6132262240364937
27429,-0.0002223088231403,0.3975314795970917,0.0202120132744312,-0.02766786192493552,0.05084380561488261,-0.0542246364057064,0.8364329934120178,1.2297974824905396,-0.05271471872415459,1.4702881069694422,-0.0304154958575963,0.5544419884681702,0.2115261256694793,-0.2593431453670756,0.38151173624835005
27439,-0.0010816862341016,0.1957922428846359,0.0387960225343704,-0.1424028294091874,0.1981489254261706,-0.0508502684533596,0.6384860873222351,1.548096776008606,-0.05144506324303163,2.4246366627990485,-0.0286667812615633,0.3142842650413513,0.2478898614645004,-0.3679573900168887,0.7887441053782467
27449,-0.001348810037598,0.3863354921340942,0.0276779402047395,-0.12613988027412193,0.07164224040573702,-0.0567507445812225,0.6074013113975525,1.429956078529358,-0.06533909885848445,2.354219610160558,-0.02992869541049,0.4898212254047394,0.2257430106401443,-0.27066735138525894,0.46086816767405864
27459,-0.0007321291486732,0.5876806378364563,0.0284964963793754,-0.04371745266757484,0.048489765605150996,-0.0592801831662654,0.7720338702201843,1.2493475675582886,-0.061459625193965944,1.6182548664632734,-0.0354717522859573,0.6003153324127197,0.2337498068809509,-0.2527853764485435,0.3893783720990267
27469,-0.001163808396086,0.4990621209144592,0.0350609943270683,-0.06651240468745688,0.07025376773301108,-0.0552076399326324,0.6100746393203735,1.4529719352722168,-0.06228148861543898,2.3816297902349053,-0.0218599885702133,0.5734267234802246,0.2493164539337158,-0.15290477947811562,0.4347834583302496
27479,-0.0003889097715727,0.5907412171363831,0.0346934460103511,-0.018975976872425,0.05872867002327603,-0.1026358902454376,0.6321814060211182,1.344470500946045,-0.12075531574050903,2.1267163003227156,-0.0312947407364845,0.6210861206054688,0.2410353422164917,-0.20904452969692147,0.38808682760696256
27489,-8.13549777376e-05,0.3241041898727417,0.029700806364417,-0.008451450355891914,0.0916396865343793,-0.019836451858282,0.6337997913360596,1.273878574371338,-0.02456879561861394,2.0099069008621515,-0.0202344022691249,0.3747049272060394,0.2222171425819397,-0.2430095923829116,0.5930456912827008
27499,-0.0012521743774414,0.3216476142406463,0.0346329398453235,-0.11240745620931794,0.10767354804445171,-0.0948504731059074,0.7993042469024658,1.3878360986709597,-0.08550454520417117,1.7363051729666448,-0.0427594892680645,0.5357657074928284,0.2459797114133834,-0.3244578672312237,0.4591180584596785
27509,-9.01901148608e-05,0.6799119114875793,0.0373929366469383,-0.003547453541974061,0.054996737099554986,-0.0904393792152404,0.7624676823616028,1.3620611429214478,-0.08708423248896054,1.7863854094152751,-0.0052972319535911,0.8248365521430969,0.2592576444149017,-0.02477134118965922,0.3143139616464576
27519,-0.0006070316303521,0.3454472422599792,0.0416241101920604,-0.042216733666464765,0.12049339262269931,-0.0347014628350734,0.5840065479278564,1.5773390531539917,-0.037670814483206395,2.700892753258725,-0.0343772694468498,0.4467720687389374,0.2629726827144623,-0.29260027312836784,0.5886059158906939
27529,-0.0003943157207686,0.5549975037574768,0.0241738781332969,-0.02939048371970339,0.043556733083722876,0.0049925046041607,0.7081459760665894,1.5033077001571655,0.004689729572606749,2.1228782637547665,-0.0261012688279151,0.6822173595428467,0.216513842344284,-0.17670676906218102,0.3173678290587178
27539,-0.0015360055258497,0.4111284613609314,0.0365731343626976,-0.10215345356555879,0.08895792386066381,-0.0418839752674102,0.7640247344970703,1.3891806602478027,-0.039462241248970284,1.8182404279911826,-0.0460376441478729,0.5893515348434448,0.2583613991737366,-0.3023507463196489,0.43838249991555145
27549,-0.0005567871266975,0.3070311844348907,0.0320854559540748,-0.05651952226401825,0.10450227071601864,-0.0997508317232132,0.6278762817382812,1.3719664812088013,-0.11579743688770179,2.1850904726174707,-0.0194018799811601,0.4242271184921264,0.2265227437019348,-0.2018987236018996,0.5339657316276423
27559,-0.0005091860657557,0.5701116919517517,0.0345390923321247,-0.025858637754905683,0.06058302753602838,-0.0837271213531494,0.686479926109314,1.3731186389923096,-0.08882398536529543,2.0002313057784247,-0.0315050818026065,0.5957812070846558,0.2493270337581634,-0.21209207513952041,0.4184875769717523
27569,-0.000551764445845,0.4199669063091278,0.0282160323113203,-0.04656318716315389,0.0671863232255523,-0.0466324724256992,0.609554648399353,1.2139205932617188,-0.06302103271851586,1.9914877139390004,-0.0156378224492073,0.4642333686351776,0.2324456721544265,-0.14491670785597244,0.5007086690855612
27579,-0.0005543027655221,0.3658245801925659,0.0293938368558883,-0.051548719674563634,0.08034954031906691,-0.1065806150436401,0.6381925344467163,1.522343397140503,-0.10970183058319406,2.3853983162938515,-0.034521896392107,0.5718328952789307,0.2359872162342071,-0.2558214949915484,0.4126856257877512
27589,-0.0006588749820366,0.231736809015274,0.0316828377544879,-0.0897395570471184,0.13671905593728814,-0.059683546423912,0.4925547838211059,1.1953108310699463,-0.10137228245815408,2.426757124957858,-0.0294047500938177,0.366693764925003,0.2469553649425506,-0.3247098790420318,0.6734648596849157
27599,-0.000466577563202,0.40481036901474,0.0344611257314682,-0.03344589038400634,0.08512905886117111,-0.0685139223933219,0.6344023942947388,1.36717689037323,-0.07899312757838159,2.1550626269201145,-0.0377099215984344,0.5017338395118713,0.2479837536811828,-0.30308120611656914,0.49425359454016926
27609,-0.0012066952185705,0.3190023601055145,0.0388935543596744,-0.09725816289941068,0.12192246586141182,-0.0616812407970428,0.7131112217903137,1.25651752948761,-0.0688378470548588,1.7620218152408795,-0.0374336242675781,0.512312114238739,0.2457317262887954,-0.2973486833885873,0.47965238271582944
27619,-0.0011817818740382,0.3886429369449615,0.0322713553905487,-0.09422569275232347,0.08303600123091617,-0.0343403257429599,0.6063632369041443,1.3522125482559204,-0.04188192029964876,2.2300371558800194,-0.0304721072316169,0.4799507260322571,0.2370930761098861,-0.26778544228557005,0.49399461913503023
27629,-0.000874365621712,0.2934342622756958,0.033325158059597,-0.08941492853143052,0.11356941688113568,-0.0296723488718271,0.5769034028053284,1.381461501121521,-0.03723145764273151,2.3946149292998444,-0.0180626176297664,0.3669295608997345,0.2235482633113861,-0.22020475206700554,0.6092402660696827
27639,-0.0009233526070602,0.2416150867938995,0.0308385211974382,-0.12392244881255877,0.12763491554541798,-0.0682228580117225,0.4970672726631164,1.3036729097366333,-0.10528005381985692,2.6227293194178722,-0.0307467654347419,0.3583634197711944,0.2362532168626785,-0.3631600203057597,0.6592559503241708
27649,-0.0004735063994303,0.2948634326457977,0.0257937293499708,-0.06225737385174791,0.08747686723485754,-0.0758946910500526,0.4303169548511505,1.2717790603637695,-0.13867918135600837,2.9554472488858505,-0.0168338995426893,0.3517009019851684,0.213559478521347,-0.2241260810411487,0.6072190242217606
27659,3.92234651371e-05,0.4057103395462036,0.0251219272613525,0.0038483709569791407,0.061920845521097535,-0.1603037714958191,0.5866659879684448,1.6273808479309082,-0.16790499993103927,2.7739478362574523,-0.0326329320669174,0.5191303491592407,0.2272388935089111,-0.27662855733087544,0.43772993406557065
27669,-0.0007119261426851,0.5108109712600708,0.0346204824745655,-0.04025701862230502,0.06777552641276192,0.0072233052924275,0.6397997736930847,1.437048077583313,0.007856345793871818,2.2460903186762806,-0.0234223250299692,0.5886070728302002,0.2428268939256668,-0.16387312751443375,0.4125449814221258
27679,-0.0007640997646376,0.21170474588871,0.034321267157793,-0.10516135132334584,0.1621185534302343,-0.015479514375329,0.414640873670578,1.276223063468933,-0.029252206605490015,3.0778998031989993,-0.0266945399343967,0.3008901178836822,0.2344179898500442,-0.37846313144540195,0.7790817176011918
27689,-0.000831703422591,0.2981669008731842,0.0371817536652088,-0.07502036763814866,0.12470114407843974,-0.0443137884140014,0.5524167418479919,1.2679954767227173,-0.06326366433431055,2.2953603333615664,-0.0236402787268161,0.3572291433811188,0.2313476651906967,-0.2860491026373363,0.6476169973172589
27699,-0.0007196960505098,0.4193271100521087,0.0267958808690309,-0.06405132822325961,0.06390209511066682,-0.0647973418235778,0.679628849029541,1.236814260482788,-0.0770869566969489,1.819837786828599,-0.0279358122497797,0.3961971402168274,0.2230733782052993,-0.3160837888663814,0.5630363159189327
27709,5.74945734115e-05,0.5850123167037964,0.025773687288165,0.003813162307030906,0.04405665753053664,0.004965515807271,0.7141837477684021,1.316249132156372,0.005282217843158204,1.8430118807229001,-0.0082853371277451,0.5999357104301453,0.2104526162147522,-0.06562225375518642,0.3507919474636052
27719,-0.0014173854142427,0.3930775821208954,0.0523459017276763,-0.06888537037469111,0.13316938973023584,-0.1105201467871666,0.5543529987335205,1.8148603439331057,-0.10985297954903514,3.2738351701521426,-0.0298892110586166,0.4250099062919616,0.2769014239311218,-0.2539745560435195,0.6515175760183427
27729,-0.0008097314857877,0.3775340616703033,0.0341310501098632,-0.06283986393140753,0.09040522054846935,-0.0820181220769882,0.539892315864563,1.5988839864730835,-0.09501358874021577,2.9614868363382643,-0.0284064225852489,0.5116709470748901,0.2610245645046234,-0.21268869444868949,0.5101414610245965
27739,-0.0007855308940634,0.4381293952465057,0.0348445177078247,-0.05145486228874361,0.07953019835206458,-0.0871193259954452,0.6920101642608643,1.1911437511444092,-0.10569096340635184,1.7212807161823545,-0.0266209375113248,0.5745036602020264,0.216647058725357,-0.21388372971991587,0.377103008619949
27749,-0.0009332386543974,0.3086223900318146,0.0323837399482727,-0.09337664919586285,0.10492997590011015,-0.0720558762550354,0.6081394553184509,1.4853401184082031,-0.07977013219767136,2.4424334014480413,-0.0383370742201805,0.4811869263648987,0.2403678596019745,-0.33145818672574556,0.4995311518910558
27759,0.000289034214802,0.4056232869625091,0.0347656309604644,0.020496337332476047,0.08570915940454304,-0.0388139486312866,0.5677894949913025,1.4053332805633545,-0.04864308856850376,2.4750955996198587,-0.022675022482872,0.5735818147659302,0.2350723594427108,-0.1681708759306903,0.40983230882004196
27769,-0.0004347714129835,0.3001438081264496,0.037611648440361,-0.03851316623549742,0.12531209181072075,-0.0445329844951629,0.4959161281585693,1.3427008390426636,-0.06687969880369055,2.7075159745829738,-0.0300912857055664,0.362817645072937,0.2470075637102127,-0.3357701555489773,0.680803613232639
27779,-2.37207423197e-05,0.6629416346549988,0.0347626209259033,-0.0010292964343745965,0.05243692522644788,-0.0692105069756507,0.7672172784805298,1.4989945888519287,-0.06018019496630398,1.9538071298663664,-0.0265644770115613,0.7156192660331726,0.2374839782714843,-0.15630934040012756,0.33185799983824876
27789,-0.0011443671537563,0.2747583091259002,0.0390538424253463,-0.10664752455093893,0.14213889490581696,-0.0745757743716239,0.653713583946228,1.3385486602783203,-0.08522678351827365,2.0476072291445977,-0.0370557755231857,0.4404427707195282,0.2453111708164215,-0.3429644421069116,0.5569649160449825
27799,-0.0014511956833302,0.4298484921455383,0.0317691005766391,-0.10626876921247978,0.07390767016086845,-0.0800523236393928,0.6744590997695923,1.4268090724945068,-0.0831864252350013,2.115486429024282,-0.0281533375382423,0.452845811843872,0.2321984022855758,-0.2677443435790765,0.5127537811161893
27809,-0.0007711485377512,0.3143964409828186,0.0288746170699596,-0.08494624480625507,0.09184142473017869,-0.0607676766812801,0.5360023975372314,1.3604621887207031,-0.08333346192692316,2.538164371972242,-0.0205088257789611,0.3249180912971496,0.215604230761528,-0.2927585744674387,0.6635648692283802
27819,-9.0064750111e-06,0.357867032289505,0.0377548076212406,-0.0006665932243215991,0.10549954093200169,-0.0603734254837036,0.4284303784370422,1.442187786102295,-0.09771106501939657,3.3662127120012904,-0.0205397419631481,0.338678777217865,0.2444911897182464,-0.248052601626953,0.7218969896096274
27829,-0.0014431793242692,0.2412131428718567,0.0491061359643936,-0.12183822659349246,0.20357985215789423,-0.0768050774931907,0.5946627855300903,1.2361904382705688,-0.10448015079626062,2.0788091475551345,-0.051041442900896,0.4524511098861694,0.2935856878757477,-0.3842522374163047,0.6488782576964169
27839,-0.0012655521277338,0.5536532998085022,0.0338979847729206,-0.0674323454023987,0.06122601415840066,-0.0464825071394443,0.8569459319114685,1.3629120588302612,-0.039798645269658435,1.590429463607121,-0.033885009586811,0.5415123701095581,0.2320055961608886,-0.2697123110707251,0.4284400670550693
27849,-2.5825629563e-06,0.4048754870891571,0.0258313342928886,-0.0002469349680428015,0.06380068716583061,0.0197987146675586,0.6914214491844177,1.4916412830352783,0.019196840400259037,2.157354656548157,-0.0215344820171594,0.4122495353221893,0.2269861847162246,-0.23013084385606244,0.5506038582646938
27859,-0.0006150405388325,0.3861535191535949,0.0432679094374179,-0.03681101843309047,0.11204846593721661,-0.1222899928689003,0.672636866569519,1.4376938343048096,-0.12645728184157393,2.1373996962686843,-0.0331149473786354,0.4659237563610077,0.2386394739151001,-0.297828964581515,0.5121856755683373
27869,-0.0002325514360563,0.5165377259254456,0.0318231917917728,-0.014147289584093557,0.06160864965817811,-0.052137516438961,0.6627658009529114,1.427509069442749,-0.055107584230281836,2.1538665202554284,-0.0176922641694545,0.5586960911750793,0.2375456094741821,-0.13330940026985746,0.4251785778106368
27879,0.0003673477040138,0.5184983611106873,0.0319863408803939,0.022149574134502272,0.06169034133854391,-0.0944453254342079,0.7672703266143799,1.7092044353485107,-0.07201750204812128,2.2276430823155433,-0.0130954245105385,0.6006243824958801,0.2293202430009842,-0.09507672848130458,0.38180308639494365
27889,-0.0007703593000769,0.1976034641265869,0.0405066683888435,-0.09624368688110835,0.2049896674022602,-0.0679739490151405,0.4318804442882538,1.455725073814392,-0.10811839734956731,3.370666796949909,-0.0303638651967048,0.2533606886863708,0.2451276332139969,-0.4889062079539243,0.9675046057260863
27899,-0.0013970748987048,0.3615387678146362,0.0294533446431159,-0.13119890094182246,0.08146662893484459,-0.1171066388487815,0.6551200747489929,1.437678575515747,-0.1243365485556809,2.194526821768649,-0.0208879690617322,0.3110694289207458,0.2143823057413101,-0.3132203323861076,0.6891783177958332
27909,-0.0010561537928879,0.498159795999527,0.0320339240133762,-0.06618328920241956,0.06430451487780563,-0.0269444026052951,0.7308377027511597,1.4120124578475952,-0.026110133172003447,1.9320465440305374,-0.0211375802755355,0.577376663684845,0.2354229092597961,-0.15550606111626686,0.4077457993492775
27919,-0.0004779699374921,0.5078678131103516,0.0257238578051328,-0.0365859041375017,0.05065069520273657,-0.0747529342770576,0.8015392422676086,1.2149416208267212,-0.07676231166728105,1.515760622511219,-0.0281158089637756,0.6059293150901794,0.2274554967880249,-0.2040009466836774,0.37538288893346095
27929,-0.0004641089763026,0.3117662370204925,0.0294361468404531,-0.050571976368588185,0.09441736578588608,-0.0492995455861091,0.5515879392623901,1.61292564868927,-0.05541327350236608,2.9241495940722553,-0.0291125401854515,0.4573091268539428,0.2424949556589126,-0.2625230994782121,0.5302648502275827
27939,-0.0008386131376028,0.5185514092445374,0.0331904627382755,-0.04872552593494353,0.06400611809469331,-0.0565055459737777,0.768589198589325,1.4134021997451782,-0.05201529140572533,1.8389566264258572,-0.0366911813616752,0.6153714656829834,0.2530748546123504,-0.23560003175731054,0.41125542656006936
27949,-0.0016105842078104,0.5289169549942017,0.0404082313179969,-0.07535743467716643,0.07639806388592682,-0.0657718032598495,0.7561981678009033,1.316928148269653,-0.06604531985721258,1.7415119532746373,-0.0389371775090694,0.6160674095153809,0.2595289051532745,-0.24352889465219987,0.42126705802767356
27959,-0.0018930993974208,0.3926896452903747,0.0396784134209156,-0.12149815119748986,0.10104267809652928,-0.1269975155591964,0.8310891389846802,1.485623121261597,-0.102858211447217,1.7875617085750197,-0.0471122860908508,0.7129726409912109,0.2557790577411651,-0.25834278110243825,0.3587501722163813
27969,-0.0008139496785588,0.4459066390991211,0.0322408154606819,-0.05661709727686273,0.07230395924541293,-0.1124400347471237,0.6944407224655151,1.2415149211883545,-0.1304168923607997,1.7877910684450193,-0.040137443691492,0.5642907619476318,0.2400481551885604,-0.29631142437829405,0.42539798872489376
27979,-0.0007483820081688,0.4743443131446838,0.030859000980854,-0.05112670185244158,0.06505612089301349,-0.138409748673439,0.7808391451835632,1.6995707750320437,-0.1042955666775737,2.1765952507830546,-0.0257799550890922,0.5896152257919312,0.232359692454338,-0.18817099162239528,0.3940869948571091
27989,-0.0009506944334134,0.4251319468021393,0.0341358184814453,-0.06550989283690195,0.08029464437621399,-0.0560454092919826,0.5868033766746521,1.276914358139038,-0.0747972568209617,2.176051483164883,-0.0430985987186431,0.507206916809082,0.2502285838127136,-0.3395791872821033,0.4933461581851855
